id,name,description,type,value_type,value,min_orders,valid_from,valid_to,max_uses,uses_count,is_active,created_at,is_owner_borne,code,target_service,is_voucher,recipient_name,buyer_name,amount_paid,borne_by,target_type,target_service_id,target_category_id
c7f6c01c-4f7d-4ecc-8a43-399cb8828ffc,Voucher Relaksasi,"{""tagline"":""Apresiasi untuk tubuhmu yang sudah lelah beraktivitas hari ini. Voucher relaksasi diskon 15% dari SerenaRaga."",""terms1"":""Berlaku untuk layanan Home Service Massage di wilayah Yogyakarta (free transport max 10km)."",""terms2"":""Wajib melakukan reservasi maksimal H-1 sebelum kedatangan."",""terms3"":""Voucher tidak dapat diuangkan atau digabungkan dengan promo lainnya."",""voucher_type"":""discount""}",manual,percentage,15,,,2026-10-01,1.0,1,True,2026-08-13T11:41:51.958504+00:00,True,SRAGA-V7A2Y3,,True,,Batch: voucher 15% (13 Agu 2026 - Y8Y),,owner,global,,
91290544-ac40-4475-b94e-98a4e05319e9,Voucher Relaksasi,"{""tagline"":""Apresiasi untuk tubuhmu yang sudah lelah beraktivitas hari ini. Voucher relaksasi diskon 15% dari SerenaRaga."",""terms1"":""Berlaku untuk layanan Home Service Massage di wilayah Yogyakarta (free transport max 10km)."",""terms2"":""Wajib melakukan reservasi maksimal H-1 sebelum kedatangan."",""terms3"":""Voucher tidak dapat diuangkan atau digabungkan dengan promo lainnya."",""voucher_type"":""discount""}",manual,percentage,15,,,2026-10-01,1.0,0,True,2026-08-13T11:41:51.958504+00:00,True,SRAGA-S3E9E2,,True,,Batch: voucher 15% (13 Agu 2026 - Y8Y),,owner,global,,
19d97bea-70bd-4a3a-bc94-484ac542c135,Voucher Relaksasi,"{""tagline"":""Apresiasi untuk tubuhmu yang sudah lelah beraktivitas hari ini. Voucher relaksasi diskon 15% dari SerenaRaga."",""terms1"":""Berlaku untuk layanan Home Service Massage di wilayah Yogyakarta (free transport max 10km)."",""terms2"":""Wajib melakukan reservasi maksimal H-1 sebelum kedatangan."",""terms3"":""Voucher tidak dapat diuangkan atau digabungkan dengan promo lainnya."",""voucher_type"":""discount""}",manual,percentage,15,,,2026-10-01,1.0,0,True,2026-08-13T11:41:51.958504+00:00,True,SRAGA-R9J6S2,,True,,Batch: voucher 15% (13 Agu 2026 - Y8Y),,owner,global,,
6f59b432-42a2-4a0c-92fb-e5e3e95153c0,Voucher Relaksasi,"{""tagline"":""Apresiasi untuk tubuhmu yang sudah lelah beraktivitas hari ini. Voucher relaksasi diskon 15% dari SerenaRaga."",""terms1"":""Berlaku untuk layanan Home Service Massage di wilayah Yogyakarta (free transport max 10km)."",""terms2"":""Wajib melakukan reservasi maksimal H-1 sebelum kedatangan."",""terms3"":""Voucher tidak dapat diuangkan atau digabungkan dengan promo lainnya."",""voucher_type"":""discount""}",manual,percentage,15,,,2026-10-01,1.0,0,True,2026-08-13T11:41:51.958504+00:00,True,SRAGA-Z7G9S6,,True,,Batch: voucher 15% (13 Agu 2026 - Y8Y),,owner,global,,
dc58148e-ade5-4aa6-9294-ce2c7fe5ad53,Voucher Relaksasi,"{""tagline"":""Apresiasi untuk tubuhmu yang sudah lelah beraktivitas hari ini. Voucher relaksasi diskon 15% dari SerenaRaga."",""terms1"":""Berlaku untuk layanan Home Service Massage di wilayah Yogyakarta (free transport max 10km)."",""terms2"":""Wajib melakukan reservasi maksimal H-1 sebelum kedatangan."",""terms3"":""Voucher tidak dapat diuangkan atau digabungkan dengan promo lainnya."",""voucher_type"":""discount""}",manual,percentage,15,,,2026-10-01,1.0,0,True,2026-08-13T11:41:51.958504+00:00,True,SRAGA-P5H4V5,,True,,Batch: voucher 15% (13 Agu 2026 - Y8Y),,owner,global,,
fd9e9be5-0529-4b84-85aa-f3ef0643b9dd,Voucher Relaksasi,"{""tagline"":""Apresiasi untuk tubuhmu yang sudah lelah beraktivitas hari ini. Voucher relaksasi diskon 15% dari SerenaRaga."",""terms1"":""Berlaku untuk layanan Home Service Massage di wilayah Yogyakarta (free transport max 10km)."",""terms2"":""Wajib melakukan reservasi maksimal H-1 sebelum kedatangan."",""terms3"":""Voucher tidak dapat diuangkan atau digabungkan dengan promo lainnya."",""voucher_type"":""discount""}",manual,percentage,15,,,2026-10-01,1.0,0,True,2026-08-13T11:41:51.958504+00:00,True,SRAGA-S2E7W6,,True,,Batch: voucher 15% (13 Agu 2026 - Y8Y),,owner,global,,
84d8c7f8-e8c4-4c67-b9cd-2ba85b588fac,Voucher Relaksasi,"{""tagline"":""Apresiasi untuk tubuhmu yang sudah lelah beraktivitas hari ini. Voucher relaksasi diskon 15% dari SerenaRaga."",""terms1"":""Berlaku untuk layanan Home Service Massage di wilayah Yogyakarta (free transport max 10km)."",""terms2"":""Wajib melakukan reservasi maksimal H-1 sebelum kedatangan."",""terms3"":""Voucher tidak dapat diuangkan atau digabungkan dengan promo lainnya."",""voucher_type"":""discount""}",manual,percentage,15,,,2026-10-01,1.0,0,True,2026-08-13T11:41:51.958504+00:00,True,SRAGA-K2P9W6,,True,,Batch: voucher 15% (13 Agu 2026 - Y8Y),,owner,global,,
77979237-9772-43cd-8de3-2924e469d8ed,Voucher Relaksasi,"{""tagline"":""Apresiasi untuk tubuhmu yang sudah lelah beraktivitas hari ini. Voucher relaksasi diskon 15% dari SerenaRaga."",""terms1"":""Berlaku untuk layanan Home Service Massage di wilayah Yogyakarta (free transport max 10km)."",""terms2"":""Wajib melakukan reservasi maksimal H-1 sebelum kedatangan."",""terms3"":""Voucher tidak dapat diuangkan atau digabungkan dengan promo lainnya."",""voucher_type"":""discount""}",manual,percentage,15,,,2026-10-01,1.0,0,True,2026-08-13T11:41:51.958504+00:00,True,SRAGA-W6F6K2,,True,,Batch: voucher 15% (13 Agu 2026 - Y8Y),,owner,global,,
7ed61f7c-efdc-473d-bbdf-dad4b171b149,Voucher Relaksasi,"{""tagline"":""Apresiasi untuk tubuhmu yang sudah lelah beraktivitas hari ini. Voucher relaksasi diskon 15% dari SerenaRaga."",""terms1"":""Berlaku untuk layanan Home Service Massage di wilayah Yogyakarta (free transport max 10km)."",""terms2"":""Wajib melakukan reservasi maksimal H-1 sebelum kedatangan."",""terms3"":""Voucher tidak dapat diuangkan atau digabungkan dengan promo lainnya."",""voucher_type"":""discount""}",manual,percentage,15,,,2026-10-01,1.0,0,True,2026-08-13T11:41:51.958504+00:00,True,SRAGA-M2W9E5,,True,,Batch: voucher 15% (13 Agu 2026 - Y8Y),,owner,global,,
179944c5-ebd8-4da6-9fd5-3843d3092967,Voucher Relaksasi,"{""tagline"":""Apresiasi untuk tubuhmu yang sudah lelah beraktivitas hari ini. Voucher relaksasi diskon 15% dari SerenaRaga."",""terms1"":""Berlaku untuk layanan Home Service Massage di wilayah Yogyakarta (free transport max 10km)."",""terms2"":""Wajib melakukan reservasi maksimal H-1 sebelum kedatangan."",""terms3"":""Voucher tidak dapat diuangkan atau digabungkan dengan promo lainnya."",""voucher_type"":""discount""}",manual,percentage,15,,,2026-10-01,1.0,0,True,2026-08-13T11:41:51.958504+00:00,True,SRAGA-L9X2G5,,True,,Batch: voucher 15% (13 Agu 2026 - Y8Y),,owner,global,,
cf53fec3-35d2-4558-b931-19edc159dc6e,Voucher Relaksasi,"{""tagline"":""Apresiasi untuk tubuhmu yang sudah lelah beraktivitas hari ini. Voucher relaksasi diskon 15% dari SerenaRaga."",""terms1"":""Berlaku untuk layanan Home Service Massage di wilayah Yogyakarta (free transport max 10km)."",""terms2"":""Wajib melakukan reservasi maksimal H-1 sebelum kedatangan."",""terms3"":""Voucher tidak dapat diuangkan atau digabungkan dengan promo lainnya."",""voucher_type"":""discount""}",manual,percentage,15,,,2026-10-01,1.0,0,True,2026-08-13T11:41:51.958504+00:00,True,SRAGA-C8K8E2,,True,,Batch: voucher 15% (13 Agu 2026 - Y8Y),,owner,global,,
0e4e1993-0d6f-40c6-8559-4b4dc435d856,Home Massage,,manual,flat,100000,,,2026-08-01,1.0,0,True,2026-05-19T07:01:28.444715+00:00,True,SRAGA-T2E5E7,,True,,Batch: Home Massage,,owner,global,,
0df41fe6-64a0-4feb-b608-de8ba4de47e8,Home Massage,,manual,flat,100000,,,2026-08-01,1.0,0,True,2026-05-19T07:01:28.444715+00:00,True,SRAGA-S6S9G6,,True,,Batch: Home Massage,,owner,global,,
db9b7db9-d620-40cc-ae06-6c3317fe4d6a,Home Massage,,manual,flat,100000,,,2026-08-01,1.0,0,True,2026-05-19T07:01:28.444715+00:00,True,SRAGA-E9U3B8,,True,,Batch: Home Massage,,owner,global,,
4bd1a767-27ef-4e3f-8e58-4fad65565356,Voucher Relaksasi,"{""tagline"":""Apresiasi untuk tubuhmu yang sudah lelah beraktivitas hari ini. Voucher relaksasi diskon 15% dari SerenaRaga."",""terms1"":""Berlaku untuk layanan Home Service Massage di wilayah Yogyakarta (free transport max 10km)."",""terms2"":""Wajib melakukan reservasi maksimal H-1 sebelum kedatangan."",""terms3"":""Voucher tidak dapat diuangkan atau digabungkan dengan promo lainnya."",""voucher_type"":""discount""}",manual,percentage,15,,,2026-10-01,1.0,0,True,2026-08-13T11:41:51.958504+00:00,True,SRAGA-H5Q2E9,,True,,Batch: voucher 15% (13 Agu 2026 - Y8Y),,owner,global,,
140463eb-3012-4705-833c-25c6d225cd66,Voucher Relaksasi,"{""tagline"":""Apresiasi untuk tubuhmu yang sudah lelah beraktivitas hari ini. Voucher relaksasi diskon 15% dari SerenaRaga."",""terms1"":""Berlaku untuk layanan Home Service Massage di wilayah Yogyakarta (free transport max 10km)."",""terms2"":""Wajib melakukan reservasi maksimal H-1 sebelum kedatangan."",""terms3"":""Voucher tidak dapat diuangkan atau digabungkan dengan promo lainnya."",""voucher_type"":""discount""}",manual,percentage,15,,,2026-10-01,1.0,0,True,2026-08-13T11:41:51.958504+00:00,True,SRAGA-C4N3Z6,,True,,Batch: voucher 15% (13 Agu 2026 - Y8Y),,owner,global,,
8681d851-3122-4778-8ebd-05d1656a5859,Welcome Back,,returning_customer,percentage,10,30.0,,,,1,True,2026-04-10T23:51:40.191247+00:00,True,,,False,,,,owner,global,,
fd459a86-7378-4733-8164-c5dec9229e02,Home Massage,,manual,flat,100000,,,2026-08-01,1.0,0,True,2026-05-19T07:01:28.444715+00:00,True,SRAGA-F9S4A7,,True,,Batch: Home Massage,,owner,global,,
533f9030-23a8-4ce2-bcb7-ffdc6fdb6f9b,Voucher Relaksasi,"{""tagline"":""Apresiasi untuk tubuhmu yang sudah lelah beraktivitas hari ini. Voucher relaksasi diskon 15% dari SerenaRaga."",""terms1"":""Berlaku untuk layanan Home Service Massage di wilayah Yogyakarta (free transport max 10km)."",""terms2"":""Wajib melakukan reservasi maksimal H-1 sebelum kedatangan."",""terms3"":""Voucher tidak dapat diuangkan atau digabungkan dengan promo lainnya."",""voucher_type"":""discount""}",manual,percentage,15,,,2026-10-01,1.0,0,True,2026-08-13T11:41:51.958504+00:00,True,SRAGA-Q8T8D7,,True,,Batch: voucher 15% (13 Agu 2026 - Y8Y),,owner,global,,
4ffe5466-d548-4444-8847-a6cc1dd3a962,Voucher Relaksasi,"{""tagline"":""Apresiasi untuk tubuhmu yang sudah lelah beraktivitas hari ini. Voucher relaksasi diskon 15% dari SerenaRaga."",""terms1"":""Berlaku untuk layanan Home Service Massage di wilayah Yogyakarta (free transport max 10km)."",""terms2"":""Wajib melakukan reservasi maksimal H-1 sebelum kedatangan."",""terms3"":""Voucher tidak dapat diuangkan atau digabungkan dengan promo lainnya."",""voucher_type"":""discount""}",manual,percentage,15,,,2026-10-01,1.0,0,True,2026-08-13T11:41:51.958504+00:00,True,SRAGA-Y2N3Q3,,True,,Batch: voucher 15% (13 Agu 2026 - Y8Y),,owner,global,,
ed9d683b-4a53-447c-ae4d-106aff84f82b,Voucher Relaksasi,"{""tagline"":""Apresiasi untuk tubuhmu yang sudah lelah beraktivitas hari ini. Voucher relaksasi diskon 15% dari SerenaRaga."",""terms1"":""Berlaku untuk layanan Home Service Massage di wilayah Yogyakarta (free transport max 10km)."",""terms2"":""Wajib melakukan reservasi maksimal H-1 sebelum kedatangan."",""terms3"":""Voucher tidak dapat diuangkan atau digabungkan dengan promo lainnya."",""voucher_type"":""discount""}",manual,percentage,15,,,2026-10-01,1.0,0,True,2026-08-13T11:41:51.958504+00:00,True,SRAGA-Z6S4W9,,True,,Batch: voucher 15% (13 Agu 2026 - Y8Y),,owner,global,,
38a40981-11c8-47e4-b8c3-15adbcc49ff0,Voucher Relaksasi,"{""tagline"":""Apresiasi untuk tubuhmu yang sudah lelah beraktivitas hari ini. Voucher relaksasi diskon 15% dari SerenaRaga."",""terms1"":""Berlaku untuk layanan Home Service Massage di wilayah Yogyakarta (free transport max 10km)."",""terms2"":""Wajib melakukan reservasi maksimal H-1 sebelum kedatangan."",""terms3"":""Voucher tidak dapat diuangkan atau digabungkan dengan promo lainnya."",""voucher_type"":""discount""}",manual,percentage,15,,,2026-10-01,1.0,0,True,2026-08-13T11:41:51.958504+00:00,True,SRAGA-Y8E4C4,,True,,Batch: voucher 15% (13 Agu 2026 - Y8Y),,owner,global,,
c4fd0cbf-d1fa-4ca7-a2c3-f5c1b6dbfc1f,Voucher Relaksasi,"{""tagline"":""Apresiasi untuk tubuhmu yang sudah lelah beraktivitas hari ini. Voucher relaksasi diskon 15% dari SerenaRaga."",""terms1"":""Berlaku untuk layanan Home Service Massage di wilayah Yogyakarta (free transport max 10km)."",""terms2"":""Wajib melakukan reservasi maksimal H-1 sebelum kedatangan."",""terms3"":""Voucher tidak dapat diuangkan atau digabungkan dengan promo lainnya."",""voucher_type"":""discount""}",manual,percentage,15,,,2026-10-01,1.0,0,True,2026-08-13T11:41:51.958504+00:00,True,SRAGA-F8Z8G6,,True,,Batch: voucher 15% (13 Agu 2026 - Y8Y),,owner,global,,
b4a381d7-fd56-4523-a3d9-9129391cea63,Voucher Relaksasi,"{""tagline"":""Apresiasi untuk tubuhmu yang sudah lelah beraktivitas hari ini. Voucher relaksasi diskon 15% dari SerenaRaga."",""terms1"":""Berlaku untuk layanan Home Service Massage di wilayah Yogyakarta (free transport max 10km)."",""terms2"":""Wajib melakukan reservasi maksimal H-1 sebelum kedatangan."",""terms3"":""Voucher tidak dapat diuangkan atau digabungkan dengan promo lainnya."",""voucher_type"":""discount""}",manual,percentage,15,,,2026-10-01,1.0,0,True,2026-08-13T11:41:51.958504+00:00,True,SRAGA-L5Z3N2,,True,,Batch: voucher 15% (13 Agu 2026 - Y8Y),,owner,global,,
c700c64f-3c27-44f3-97c6-a909a19f81ba,Voucher Relaksasi,"{""tagline"":""Apresiasi untuk tubuhmu yang sudah lelah beraktivitas hari ini. Voucher relaksasi diskon 15% dari SerenaRaga."",""terms1"":""Berlaku untuk layanan Home Service Massage di wilayah Yogyakarta (free transport max 10km)."",""terms2"":""Wajib melakukan reservasi maksimal H-1 sebelum kedatangan."",""terms3"":""Voucher tidak dapat diuangkan atau digabungkan dengan promo lainnya."",""voucher_type"":""discount""}",manual,percentage,15,,,2026-10-01,1.0,0,True,2026-08-13T11:41:51.958504+00:00,True,SRAGA-D5W7Z5,,True,,Batch: voucher 15% (13 Agu 2026 - Y8Y),,owner,global,,
08228607-4823-4ae9-8bad-115c72b942e7,Voucher Relaksasi,"{""tagline"":""Apresiasi untuk tubuhmu yang sudah lelah beraktivitas hari ini. Voucher relaksasi diskon 15% dari SerenaRaga."",""terms1"":""Berlaku untuk layanan Home Service Massage di wilayah Yogyakarta (free transport max 10km)."",""terms2"":""Wajib melakukan reservasi maksimal H-1 sebelum kedatangan."",""terms3"":""Voucher tidak dapat diuangkan atau digabungkan dengan promo lainnya."",""voucher_type"":""discount""}",manual,percentage,15,,,2026-10-01,1.0,0,True,2026-08-13T11:41:51.958504+00:00,True,SRAGA-Y6T5R7,,True,,Batch: voucher 15% (13 Agu 2026 - Y8Y),,owner,global,,
7a8c142f-d14e-446c-a2ed-08094be4908e,Voucher Relaksasi,"{""tagline"":""Apresiasi untuk tubuhmu yang sudah lelah beraktivitas hari ini. Voucher relaksasi diskon 15% dari SerenaRaga."",""terms1"":""Berlaku untuk layanan Home Service Massage di wilayah Yogyakarta (free transport max 10km)."",""terms2"":""Wajib melakukan reservasi maksimal H-1 sebelum kedatangan."",""terms3"":""Voucher tidak dapat diuangkan atau digabungkan dengan promo lainnya."",""voucher_type"":""discount""}",manual,percentage,15,,,2026-10-01,1.0,0,True,2026-08-13T11:41:51.958504+00:00,True,SRAGA-U6F5M2,,True,,Batch: voucher 15% (13 Agu 2026 - Y8Y),,owner,global,,
fa9204d8-9a29-4e1c-aaea-ca56780cc3da,Voucher Relaksasi,"{""tagline"":""Apresiasi untuk tubuhmu yang sudah lelah beraktivitas hari ini. Voucher relaksasi diskon 15% dari SerenaRaga."",""terms1"":""Berlaku untuk layanan Home Service Massage di wilayah Yogyakarta (free transport max 10km)."",""terms2"":""Wajib melakukan reservasi maksimal H-1 sebelum kedatangan."",""terms3"":""Voucher tidak dapat diuangkan atau digabungkan dengan promo lainnya."",""voucher_type"":""discount""}",manual,percentage,15,,,2026-10-01,1.0,0,True,2026-08-13T11:41:51.958504+00:00,True,SRAGA-X8G7W5,,True,,Batch: voucher 15% (13 Agu 2026 - Y8Y),,owner,global,,
9ddb5447-920e-4e68-bd6f-89d90f8b87f8,Loyal Bronze,Sudah 5x kunjungan,loyal,percentage,5,5.0,,,,2,False,2026-04-09T21:12:58.647356+00:00,True,,,False,,,,owner,global,,
8d18a6b5-b27f-4e95-bb53-e9ff29ca9abe,Voucher Relaksasi,"{""tagline"":""Apresiasi untuk tubuhmu yang sudah lelah beraktivitas hari ini. Voucher Relaksasi Rp20.000 dari SerenaRaga."",""terms1"":""Berlaku untuk layanan Home Service Massage di wilayah Yogyakarta (free transport max 10km)."",""terms2"":""Wajib melakukan reservasi maksimal H-1 sebelum kedatangan."",""terms3"":""Voucher tidak dapat diuangkan atau digabungkan dengan promo lainnya."",""voucher_type"":""discount""}",manual,flat,20000,,,2026-10-01,1.0,0,True,2026-07-24T07:34:43.182251+00:00,True,SRAGA-N6H5K7,,True,,Batch: 24 jully 2026 (24 Jul 2026 - W6A),,owner,global,,
2ba65e3d-df53-4a8f-84d5-e605e6916a29,Voucher Relaksasi,"{""tagline"":""Apresiasi untuk tubuhmu yang sudah lelah beraktivitas hari ini. Voucher Relaksasi Rp20.000 dari SerenaRaga."",""terms1"":""Berlaku untuk layanan Home Service Massage di wilayah Yogyakarta (free transport max 10km)."",""terms2"":""Wajib melakukan reservasi maksimal H-1 sebelum kedatangan."",""terms3"":""Voucher tidak dapat diuangkan atau digabungkan dengan promo lainnya."",""voucher_type"":""discount""}",manual,flat,20000,,,2026-10-01,1.0,0,True,2026-07-24T07:34:43.182251+00:00,True,SRAGA-H4X9V3,,True,,Batch: 24 jully 2026 (24 Jul 2026 - W6A),,owner,global,,
d0b4e31e-ac7a-4c5f-bab8-88dce9748d17,Voucher Relaksasi,"{""tagline"":""Apresiasi untuk tubuhmu yang sudah lelah beraktivitas hari ini. Voucher Relaksasi Rp20.000 dari SerenaRaga."",""terms1"":""Berlaku untuk layanan Home Service Massage di wilayah Yogyakarta (free transport max 10km)."",""terms2"":""Wajib melakukan reservasi maksimal H-1 sebelum kedatangan."",""terms3"":""Voucher tidak dapat diuangkan atau digabungkan dengan promo lainnya."",""voucher_type"":""discount""}",manual,flat,20000,,,2026-10-01,1.0,0,True,2026-07-24T07:34:43.182251+00:00,True,SRAGA-N5G7M8,,True,,Batch: 24 jully 2026 (24 Jul 2026 - W6A),,owner,global,,
ab907819-f2fd-48d9-8e41-d1efd12dca2f,Voucher Relaksasi,"{""tagline"":""Apresiasi untuk tubuhmu yang sudah lelah beraktivitas hari ini. Voucher Relaksasi Rp20.000 dari SerenaRaga."",""terms1"":""Berlaku untuk layanan Home Service Massage di wilayah Yogyakarta (free transport max 10km)."",""terms2"":""Wajib melakukan reservasi maksimal H-1 sebelum kedatangan."",""terms3"":""Voucher tidak dapat diuangkan atau digabungkan dengan promo lainnya."",""voucher_type"":""discount""}",manual,flat,20000,,,2026-10-01,1.0,0,True,2026-07-24T07:34:43.182251+00:00,True,SRAGA-N4T3A6,,True,,Batch: 24 jully 2026 (24 Jul 2026 - W6A),,owner,global,,
62eacd64-f725-4697-b537-4daa5c3eab1f,Voucher Relaksasi,"{""tagline"":""Apresiasi untuk tubuhmu yang sudah lelah beraktivitas hari ini. Voucher Relaksasi Rp20.000 dari SerenaRaga."",""terms1"":""Berlaku untuk layanan Home Service Massage di wilayah Yogyakarta (free transport max 10km)."",""terms2"":""Wajib melakukan reservasi maksimal H-1 sebelum kedatangan."",""terms3"":""Voucher tidak dapat diuangkan atau digabungkan dengan promo lainnya."",""voucher_type"":""discount""}",manual,flat,20000,,,2026-10-01,1.0,0,True,2026-07-24T07:34:43.182251+00:00,True,SRAGA-H7T2U4,,True,,Batch: 24 jully 2026 (24 Jul 2026 - W6A),,owner,global,,
0736700b-84a9-4b2a-a233-bbc06eb320f0,Voucher Relaksasi,"{""tagline"":""Apresiasi untuk tubuhmu yang sudah lelah beraktivitas hari ini. Voucher Relaksasi Rp20.000 dari SerenaRaga."",""terms1"":""Berlaku untuk layanan Home Service Massage di wilayah Yogyakarta (free transport max 10km)."",""terms2"":""Wajib melakukan reservasi maksimal H-1 sebelum kedatangan."",""terms3"":""Voucher tidak dapat diuangkan atau digabungkan dengan promo lainnya."",""voucher_type"":""discount""}",manual,flat,20000,,,2026-10-01,1.0,0,True,2026-07-24T07:34:43.182251+00:00,True,SRAGA-K6A3K4,,True,,Batch: 24 jully 2026 (24 Jul 2026 - W6A),,owner,global,,
e386fe86-ba1a-4d58-a1d7-655429510b79,Voucher Relaksasi,"{""tagline"":""Apresiasi untuk tubuhmu yang sudah lelah beraktivitas hari ini. Voucher Relaksasi Rp20.000 dari SerenaRaga."",""terms1"":""Berlaku untuk layanan Home Service Massage di wilayah Yogyakarta (free transport max 10km)."",""terms2"":""Wajib melakukan reservasi maksimal H-1 sebelum kedatangan."",""terms3"":""Voucher tidak dapat diuangkan atau digabungkan dengan promo lainnya."",""voucher_type"":""discount""}",manual,flat,20000,,,2026-10-01,1.0,0,True,2026-07-24T07:34:43.182251+00:00,True,SRAGA-C5J3X8,,True,,Batch: 24 jully 2026 (24 Jul 2026 - W6A),,owner,global,,
7ad16089-4475-4cec-8d5d-37ecbab894e9,Voucher Relaksasi,"{""tagline"":""Apresiasi untuk tubuhmu yang sudah lelah beraktivitas hari ini. Voucher Relaksasi Rp20.000 dari SerenaRaga."",""terms1"":""Berlaku untuk layanan Home Service Massage di wilayah Yogyakarta (free transport max 10km)."",""terms2"":""Wajib melakukan reservasi maksimal H-1 sebelum kedatangan."",""terms3"":""Voucher tidak dapat diuangkan atau digabungkan dengan promo lainnya."",""voucher_type"":""discount""}",manual,flat,20000,,,2026-10-01,1.0,0,True,2026-07-24T07:34:43.182251+00:00,True,SRAGA-G5V6W9,,True,,Batch: 24 jully 2026 (24 Jul 2026 - W6A),,owner,global,,
c3f36bc4-492e-4792-a7a0-db4160316a6a,Voucher Relaksasi,"{""tagline"":""Apresiasi untuk tubuhmu yang sudah lelah beraktivitas hari ini. Voucher Relaksasi Rp20.000 dari SerenaRaga."",""terms1"":""Berlaku untuk layanan Home Service Massage di wilayah Yogyakarta (free transport max 10km)."",""terms2"":""Wajib melakukan reservasi maksimal H-1 sebelum kedatangan."",""terms3"":""Voucher tidak dapat diuangkan atau digabungkan dengan promo lainnya."",""voucher_type"":""discount""}",manual,flat,20000,,,2026-10-01,1.0,0,True,2026-07-24T07:34:43.182251+00:00,True,SRAGA-P3Y3K2,,True,,Batch: 24 jully 2026 (24 Jul 2026 - W6A),,owner,global,,
625d5698-32e5-4502-b3d9-c7faf1ac0ca3,Voucher Relaksasi,"{""tagline"":""Apresiasi untuk tubuhmu yang sudah lelah beraktivitas hari ini. Voucher Relaksasi Rp20.000 dari SerenaRaga."",""terms1"":""Berlaku untuk layanan Home Service Massage di wilayah Yogyakarta (free transport max 10km)."",""terms2"":""Wajib melakukan reservasi maksimal H-1 sebelum kedatangan."",""terms3"":""Voucher tidak dapat diuangkan atau digabungkan dengan promo lainnya."",""voucher_type"":""discount""}",manual,flat,20000,,,2026-10-01,1.0,0,True,2026-07-24T07:34:43.182251+00:00,True,SRAGA-H2G6F8,,True,,Batch: 24 jully 2026 (24 Jul 2026 - W6A),,owner,global,,
20af5139-55ac-48f6-a18f-68e0445508aa,Voucher Relaksasi,"{""tagline"":""Apresiasi untuk tubuhmu yang sudah lelah beraktivitas hari ini. Voucher Relaksasi Rp20.000 dari SerenaRaga."",""terms1"":""Berlaku untuk layanan Home Service Massage di wilayah Yogyakarta (free transport max 10km)."",""terms2"":""Wajib melakukan reservasi maksimal H-1 sebelum kedatangan."",""terms3"":""Voucher tidak dapat diuangkan atau digabungkan dengan promo lainnya."",""voucher_type"":""discount""}",manual,flat,20000,,,2026-10-01,1.0,0,True,2026-07-24T07:34:43.182251+00:00,True,SRAGA-F5M2L3,,True,,Batch: 24 jully 2026 (24 Jul 2026 - W6A),,owner,global,,
96c34a94-c8f7-4f2e-b950-526da7bffc37,Voucher Relaksasi,"{""tagline"":""Apresiasi untuk tubuhmu yang sudah lelah beraktivitas hari ini. Voucher Relaksasi Rp20.000 dari SerenaRaga."",""terms1"":""Berlaku untuk layanan Home Service Massage di wilayah Yogyakarta (free transport max 10km)."",""terms2"":""Wajib melakukan reservasi maksimal H-1 sebelum kedatangan."",""terms3"":""Voucher tidak dapat diuangkan atau digabungkan dengan promo lainnya."",""voucher_type"":""discount""}",manual,flat,20000,,,2026-10-01,1.0,0,True,2026-07-24T07:34:43.182251+00:00,True,SRAGA-Z7X9Q2,,True,,Batch: 24 jully 2026 (24 Jul 2026 - W6A),,owner,global,,
b0e12f6c-2fd4-4aa9-b94e-42acec328813,Voucher Relaksasi,"{""tagline"":""Apresiasi untuk tubuhmu yang sudah lelah beraktivitas hari ini. Voucher Relaksasi Rp20.000 dari SerenaRaga."",""terms1"":""Berlaku untuk layanan Home Service Massage di wilayah Yogyakarta (free transport max 10km)."",""terms2"":""Wajib melakukan reservasi maksimal H-1 sebelum kedatangan."",""terms3"":""Voucher tidak dapat diuangkan atau digabungkan dengan promo lainnya."",""voucher_type"":""discount""}",manual,flat,20000,,,2026-10-01,1.0,0,True,2026-07-24T07:34:43.182251+00:00,True,SRAGA-B9Y8N9,,True,,Batch: 24 jully 2026 (24 Jul 2026 - W6A),,owner,global,,
f2ee6e1f-987b-4266-bff8-8e3b402160b6,Loyal Gold,Sudah 20x kunjungan,loyal,percentage,15,20.0,,,,0,False,2026-04-09T21:12:58.647356+00:00,True,,,False,,,,owner,global,,
e2f08439-7a95-4da4-a6e4-e9c23f1c0783,Voucher Relaksasi,"{""tagline"":""Apresiasi untuk tubuhmu yang sudah lelah beraktivitas hari ini. Voucher Relaksasi Rp20.000 dari SerenaRaga."",""terms1"":""Berlaku untuk layanan Home Service Massage di wilayah Yogyakarta (free transport max 10km)."",""terms2"":""Wajib melakukan reservasi maksimal H-1 sebelum kedatangan."",""terms3"":""Voucher tidak dapat diuangkan atau digabungkan dengan promo lainnya."",""voucher_type"":""discount""}",manual,flat,20000,,,2026-10-01,1.0,0,True,2026-07-24T07:34:43.182251+00:00,True,SRAGA-Y5G5T4,,True,,Batch: 24 jully 2026 (24 Jul 2026 - W6A),,owner,global,,
a81b84f9-9aa8-4775-a09f-e274fc2a2393,Voucher Relaksasi,"{""tagline"":""Apresiasi untuk tubuhmu yang sudah lelah beraktivitas hari ini. Voucher Relaksasi Rp20.000 dari SerenaRaga."",""terms1"":""Berlaku untuk layanan Home Service Massage di wilayah Yogyakarta (free transport max 10km)."",""terms2"":""Wajib melakukan reservasi maksimal H-1 sebelum kedatangan."",""terms3"":""Voucher tidak dapat diuangkan atau digabungkan dengan promo lainnya."",""voucher_type"":""discount""}",manual,flat,20000,,,2026-10-01,1.0,0,True,2026-07-24T07:34:43.182251+00:00,True,SRAGA-F7J2M2,,True,,Batch: 24 jully 2026 (24 Jul 2026 - W6A),,owner,global,,
35ca0126-649e-427c-b580-f8b70fbc06f5,Voucher Relaksasi,"{""tagline"":""Apresiasi untuk tubuhmu yang sudah lelah beraktivitas hari ini. Voucher Relaksasi Rp20.000 dari SerenaRaga."",""terms1"":""Berlaku untuk layanan Home Service Massage di wilayah Yogyakarta (free transport max 10km)."",""terms2"":""Wajib melakukan reservasi maksimal H-1 sebelum kedatangan."",""terms3"":""Voucher tidak dapat diuangkan atau digabungkan dengan promo lainnya."",""voucher_type"":""discount""}",manual,flat,20000,,,2026-10-01,1.0,0,True,2026-07-24T07:34:43.182251+00:00,True,SRAGA-K7D9C7,,True,,Batch: 24 jully 2026 (24 Jul 2026 - W6A),,owner,global,,
cf14f9a3-be2d-4afc-869b-5c6e5303f0f0,Voucher Relaksasi,"{""tagline"":""Apresiasi untuk tubuhmu yang sudah lelah beraktivitas hari ini. Voucher Relaksasi Rp20.000 dari SerenaRaga."",""terms1"":""Berlaku untuk layanan Home Service Massage di wilayah Yogyakarta (free transport max 10km)."",""terms2"":""Wajib melakukan reservasi maksimal H-1 sebelum kedatangan."",""terms3"":""Voucher tidak dapat diuangkan atau digabungkan dengan promo lainnya."",""voucher_type"":""discount""}",manual,flat,20000,,,2026-10-01,1.0,0,True,2026-07-24T07:34:43.182251+00:00,True,SRAGA-E2A6S5,,True,,Batch: 24 jully 2026 (24 Jul 2026 - W6A),,owner,global,,
2d14f4ec-5461-431b-8047-cdf7431f2daa,Voucher Relaksasi,"{""tagline"":""Apresiasi untuk tubuhmu yang sudah lelah beraktivitas hari ini. Voucher Relaksasi Rp20.000 dari SerenaRaga."",""terms1"":""Berlaku untuk layanan Home Service Massage di wilayah Yogyakarta (free transport max 10km)."",""terms2"":""Wajib melakukan reservasi maksimal H-1 sebelum kedatangan."",""terms3"":""Voucher tidak dapat diuangkan atau digabungkan dengan promo lainnya."",""voucher_type"":""discount""}",manual,flat,20000,,,2026-10-01,1.0,0,True,2026-07-24T07:34:43.182251+00:00,True,SRAGA-S6Z7D9,,True,,Batch: 24 jully 2026 (24 Jul 2026 - W6A),,owner,global,,
1975322b-93fa-455f-95fc-24287c1e0ffc,Voucher Relaksasi,"{""tagline"":""Apresiasi untuk tubuhmu yang sudah lelah beraktivitas hari ini. Voucher Relaksasi Rp20.000 dari SerenaRaga."",""terms1"":""Berlaku untuk layanan Home Service Massage di wilayah Yogyakarta (free transport max 10km)."",""terms2"":""Wajib melakukan reservasi maksimal H-1 sebelum kedatangan."",""terms3"":""Voucher tidak dapat diuangkan atau digabungkan dengan promo lainnya."",""voucher_type"":""discount""}",manual,flat,20000,,,2026-10-01,1.0,0,True,2026-07-24T07:34:43.182251+00:00,True,SRAGA-H5C8J3,,True,,Batch: 24 jully 2026 (24 Jul 2026 - W6A),,owner,global,,
84ceb649-b949-4390-af6d-5936134fb2c8,Voucher Relaksasi,"{""tagline"":""Apresiasi untuk tubuhmu yang sudah lelah beraktivitas hari ini. Voucher Relaksasi Rp20.000 dari SerenaRaga."",""terms1"":""Berlaku untuk layanan Home Service Massage di wilayah Yogyakarta (free transport max 10km)."",""terms2"":""Wajib melakukan reservasi maksimal H-1 sebelum kedatangan."",""terms3"":""Voucher tidak dapat diuangkan atau digabungkan dengan promo lainnya.""}",manual,flat,20000,,,2026-10-01,1.0,0,True,2026-05-20T11:29:43.107829+00:00,True,SRAGA-H7B9D6,,True,,Batch: Voucher Relaksasi,,owner,global,,
e4ca4615-56b9-4507-9aa8-d25f2d17deb6,Voucher Relaksasi,"{""tagline"":""Apresiasi untuk tubuhmu yang sudah lelah beraktivitas hari ini. Voucher Relaksasi Rp20.000 dari SerenaRaga."",""terms1"":""Berlaku untuk layanan Home Service Massage di wilayah Yogyakarta (free transport max 10km)."",""terms2"":""Wajib melakukan reservasi maksimal H-1 sebelum kedatangan."",""terms3"":""Voucher tidak dapat diuangkan atau digabungkan dengan promo lainnya."",""voucher_type"":""discount""}",manual,flat,20000,,,2026-10-01,1.0,0,True,2026-07-24T07:34:43.182251+00:00,True,SRAGA-Q4H9L8,,True,,Batch: 24 jully 2026 (24 Jul 2026 - W6A),,owner,global,,
d75f4a39-4017-4574-9f4e-ae67c7fff4c6,Voucher Relaksasi,"{""tagline"":""Apresiasi untuk tubuhmu yang sudah lelah beraktivitas hari ini. Voucher Relaksasi Rp20.000 dari SerenaRaga."",""terms1"":""Berlaku untuk layanan Home Service Massage di wilayah Yogyakarta (free transport max 10km)."",""terms2"":""Wajib melakukan reservasi maksimal H-1 sebelum kedatangan."",""terms3"":""Voucher tidak dapat diuangkan atau digabungkan dengan promo lainnya."",""voucher_type"":""discount""}",manual,flat,20000,,,2026-10-01,1.0,0,True,2026-07-24T07:34:43.182251+00:00,True,SRAGA-U2N3Y7,,True,,Batch: 24 jully 2026 (24 Jul 2026 - W6A),,owner,global,,
d14faeed-d52c-4c1b-9c2d-8b583fa5bc89,Voucher Relaksasi,"{""tagline"":""Apresiasi untuk tubuhmu yang sudah lelah beraktivitas hari ini. Voucher Relaksasi Rp20.000 dari SerenaRaga."",""terms1"":""Berlaku untuk layanan Home Service Massage di wilayah Yogyakarta (free transport max 10km)."",""terms2"":""Wajib melakukan reservasi maksimal H-1 sebelum kedatangan."",""terms3"":""Voucher tidak dapat diuangkan atau digabungkan dengan promo lainnya."",""voucher_type"":""discount""}",manual,flat,20000,,,2026-10-01,1.0,0,True,2026-07-24T07:34:43.182251+00:00,True,SRAGA-L4H2L9,,True,,Batch: 24 jully 2026 (24 Jul 2026 - W6A),,owner,global,,
a68680f3-48c5-49b3-9bba-fa2278f28020,Voucher Relaksasi,"{""tagline"":""Apresiasi untuk tubuhmu yang sudah lelah beraktivitas hari ini. Voucher Relaksasi Rp20.000 dari SerenaRaga."",""terms1"":""Berlaku untuk layanan Home Service Massage di wilayah Yogyakarta (free transport max 10km)."",""terms2"":""Wajib melakukan reservasi maksimal H-1 sebelum kedatangan."",""terms3"":""Voucher tidak dapat diuangkan atau digabungkan dengan promo lainnya."",""voucher_type"":""discount""}",manual,flat,20000,,,2026-10-01,1.0,0,True,2026-07-24T07:34:43.182251+00:00,True,SRAGA-B5D4P7,,True,,Batch: 24 jully 2026 (24 Jul 2026 - W6A),,owner,global,,
378b12e6-1217-40ba-ac06-ad9b346895c9,Voucher Relaksasi,"{""tagline"":""Apresiasi untuk tubuhmu yang sudah lelah beraktivitas hari ini. Voucher Relaksasi Rp20.000 dari SerenaRaga."",""terms1"":""Berlaku untuk layanan Home Service Massage di wilayah Yogyakarta (free transport max 10km)."",""terms2"":""Wajib melakukan reservasi maksimal H-1 sebelum kedatangan."",""terms3"":""Voucher tidak dapat diuangkan atau digabungkan dengan promo lainnya."",""voucher_type"":""discount""}",manual,flat,20000,,,2026-10-01,1.0,0,True,2026-07-24T07:34:43.182251+00:00,True,SRAGA-G4F8E4,,True,,Batch: 24 jully 2026 (24 Jul 2026 - W6A),,owner,global,,
cd877bf7-9921-46f3-9c29-43b8a741ac0d,Voucher Relaksasi,"{""tagline"":""Apresiasi untuk tubuhmu yang sudah lelah beraktivitas hari ini. Voucher Relaksasi Rp20.000 dari SerenaRaga."",""terms1"":""Berlaku untuk layanan Home Service Massage di wilayah Yogyakarta (free transport max 10km)."",""terms2"":""Wajib melakukan reservasi maksimal H-1 sebelum kedatangan."",""terms3"":""Voucher tidak dapat diuangkan atau digabungkan dengan promo lainnya."",""voucher_type"":""discount""}",manual,flat,20000,,,2026-10-01,1.0,0,True,2026-07-24T07:34:43.182251+00:00,True,SRAGA-P6B6Y3,,True,,Batch: 24 jully 2026 (24 Jul 2026 - W6A),,owner,global,,
7e688d3e-a52e-43ab-a9c4-f37ba7022064,Voucher Relaksasi,"{""tagline"":""Apresiasi untuk tubuhmu yang sudah lelah beraktivitas hari ini. Voucher Relaksasi Rp20.000 dari SerenaRaga."",""terms1"":""Berlaku untuk layanan Home Service Massage di wilayah Yogyakarta (free transport max 10km)."",""terms2"":""Wajib melakukan reservasi maksimal H-1 sebelum kedatangan."",""terms3"":""Voucher tidak dapat diuangkan atau digabungkan dengan promo lainnya."",""voucher_type"":""discount""}",manual,flat,20000,,,2026-10-01,1.0,0,True,2026-07-24T07:34:43.182251+00:00,True,SRAGA-B9F2E6,,True,,Batch: 24 jully 2026 (24 Jul 2026 - W6A),,owner,global,,
3d764265-31cc-4d50-8952-33be07e1ad68,Voucher Relaksasi,"{""tagline"":""Apresiasi untuk tubuhmu yang sudah lelah beraktivitas hari ini. Voucher Relaksasi Rp20.000 dari SerenaRaga."",""terms1"":""Berlaku untuk layanan Home Service Massage di wilayah Yogyakarta (free transport max 10km)."",""terms2"":""Wajib melakukan reservasi maksimal H-1 sebelum kedatangan."",""terms3"":""Voucher tidak dapat diuangkan atau digabungkan dengan promo lainnya."",""voucher_type"":""discount""}",manual,flat,20000,,,2026-10-01,1.0,0,True,2026-07-24T07:34:43.182251+00:00,True,SRAGA-D6X7Q8,,True,,Batch: 24 jully 2026 (24 Jul 2026 - W6A),,owner,global,,
90dcc36c-93a2-4414-b491-b3c801172c3d,Voucher Relaksasi,"{""tagline"":""Apresiasi untuk tubuhmu yang sudah lelah beraktivitas hari ini. Voucher Relaksasi Rp20.000 dari SerenaRaga."",""terms1"":""Berlaku untuk layanan Home Service Massage di wilayah Yogyakarta (free transport max 10km)."",""terms2"":""Wajib melakukan reservasi maksimal H-1 sebelum kedatangan."",""terms3"":""Voucher tidak dapat diuangkan atau digabungkan dengan promo lainnya."",""voucher_type"":""discount""}",manual,flat,20000,,,2026-10-01,1.0,0,True,2026-07-24T07:34:43.182251+00:00,True,SRAGA-M5L9S3,,True,,Batch: 24 jully 2026 (24 Jul 2026 - W6A),,owner,global,,
335b8b58-5be3-48e5-b273-30e405f68abf,Voucher Relaksasi,"{""tagline"":""Apresiasi untuk tubuhmu yang sudah lelah beraktivitas hari ini. Voucher Relaksasi Rp20.000 dari SerenaRaga."",""terms1"":""Berlaku untuk layanan Home Service Massage di wilayah Yogyakarta (free transport max 10km)."",""terms2"":""Wajib melakukan reservasi maksimal H-1 sebelum kedatangan."",""terms3"":""Voucher tidak dapat diuangkan atau digabungkan dengan promo lainnya."",""voucher_type"":""discount""}",manual,flat,20000,,,2026-10-01,1.0,0,True,2026-07-24T07:34:43.182251+00:00,True,SRAGA-U5Y9F8,,True,,Batch: 24 jully 2026 (24 Jul 2026 - W6A),,owner,global,,
d1485a05-7dca-4516-a8be-346bd05db79b,Voucher Relaksasi,"{""tagline"":""Apresiasi untuk tubuhmu yang sudah lelah beraktivitas hari ini. Voucher Relaksasi Rp20.000 dari SerenaRaga."",""terms1"":""Berlaku untuk layanan Home Service Massage di wilayah Yogyakarta (free transport max 10km)."",""terms2"":""Wajib melakukan reservasi maksimal H-1 sebelum kedatangan."",""terms3"":""Voucher tidak dapat diuangkan atau digabungkan dengan promo lainnya."",""voucher_type"":""discount""}",manual,flat,20000,,,2026-10-01,1.0,0,True,2026-07-24T07:34:43.182251+00:00,True,SRAGA-Z9G6W3,,True,,Batch: 24 jully 2026 (24 Jul 2026 - W6A),,owner,global,,
35e7d169-3a9e-4cba-be56-2ae9d1e9bf51,Voucher Relaksasi,"{""tagline"":""Apresiasi untuk tubuhmu yang sudah lelah beraktivitas hari ini. Voucher Relaksasi Rp20.000 dari SerenaRaga."",""terms1"":""Berlaku untuk layanan Home Service Massage di wilayah Yogyakarta (free transport max 10km)."",""terms2"":""Wajib melakukan reservasi maksimal H-1 sebelum kedatangan."",""terms3"":""Voucher tidak dapat diuangkan atau digabungkan dengan promo lainnya."",""voucher_type"":""discount""}",manual,flat,20000,,,2026-10-01,1.0,0,True,2026-07-24T07:34:43.182251+00:00,True,SRAGA-G3F9E4,,True,,Batch: 24 jully 2026 (24 Jul 2026 - W6A),,owner,global,,
471e4219-d084-4069-878f-ab2ac467d189,Voucher Relaksasi,"{""tagline"":""Apresiasi untuk tubuhmu yang sudah lelah beraktivitas hari ini. Voucher Relaksasi Rp20.000 dari SerenaRaga."",""terms1"":""Berlaku untuk layanan Home Service Massage di wilayah Yogyakarta (free transport max 10km)."",""terms2"":""Wajib melakukan reservasi maksimal H-1 sebelum kedatangan."",""terms3"":""Voucher tidak dapat diuangkan atau digabungkan dengan promo lainnya."",""voucher_type"":""discount""}",manual,flat,20000,,,2026-10-01,1.0,0,True,2026-07-24T07:34:43.182251+00:00,True,SRAGA-B7P2H4,,True,,Batch: 24 jully 2026 (24 Jul 2026 - W6A),,owner,global,,
4c3e66e0-40ae-4e12-8df6-b434cd34b9a5,Voucher Relaksasi,"{""tagline"":""Apresiasi untuk tubuhmu yang sudah lelah beraktivitas hari ini. Voucher Relaksasi Rp20.000 dari SerenaRaga."",""terms1"":""Berlaku untuk layanan Home Service Massage di wilayah Yogyakarta (free transport max 10km)."",""terms2"":""Wajib melakukan reservasi maksimal H-1 sebelum kedatangan."",""terms3"":""Voucher tidak dapat diuangkan atau digabungkan dengan promo lainnya."",""voucher_type"":""discount""}",manual,flat,20000,,,2026-10-01,1.0,0,True,2026-07-24T07:34:43.182251+00:00,True,SRAGA-H8K3V9,,True,,Batch: 24 jully 2026 (24 Jul 2026 - W6A),,owner,global,,
42ca3d69-b8ab-45dc-a19e-29dff95dd4e4,Voucher Relaksasi,"{""tagline"":""Apresiasi untuk tubuhmu yang sudah lelah beraktivitas hari ini. Voucher Relaksasi Rp20.000 dari SerenaRaga."",""terms1"":""Berlaku untuk layanan Home Service Massage di wilayah Yogyakarta (free transport max 10km)."",""terms2"":""Wajib melakukan reservasi maksimal H-1 sebelum kedatangan."",""terms3"":""Voucher tidak dapat diuangkan atau digabungkan dengan promo lainnya."",""voucher_type"":""discount""}",manual,flat,20000,,,2026-10-01,1.0,0,True,2026-07-24T07:34:43.182251+00:00,True,SRAGA-S8E4R7,,True,,Batch: 24 jully 2026 (24 Jul 2026 - W6A),,owner,global,,
cd4a9c02-1ca6-4fbc-a57f-067560ef5dfc,Voucher Relaksasi,"{""tagline"":""Apresiasi untuk tubuhmu yang sudah lelah beraktivitas hari ini. Voucher Relaksasi Rp20.000 dari SerenaRaga."",""terms1"":""Berlaku untuk layanan Home Service Massage di wilayah Yogyakarta (free transport max 10km)."",""terms2"":""Wajib melakukan reservasi maksimal H-1 sebelum kedatangan."",""terms3"":""Voucher tidak dapat diuangkan atau digabungkan dengan promo lainnya."",""voucher_type"":""discount""}",manual,flat,20000,,,2026-10-01,1.0,0,True,2026-07-24T07:34:43.182251+00:00,True,SRAGA-M2F8Z8,,True,,Batch: 24 jully 2026 (24 Jul 2026 - W6A),,owner,global,,
bd426a77-840f-4623-be5b-77093b609d7d,Voucher Relaksasi,"{""tagline"":""Apresiasi untuk tubuhmu yang sudah lelah beraktivitas hari ini. Voucher Relaksasi Rp20.000 dari SerenaRaga."",""terms1"":""Berlaku untuk layanan Home Service Massage di wilayah Yogyakarta (free transport max 10km)."",""terms2"":""Wajib melakukan reservasi maksimal H-1 sebelum kedatangan."",""terms3"":""Voucher tidak dapat diuangkan atau digabungkan dengan promo lainnya."",""voucher_type"":""discount""}",manual,flat,20000,,,2026-10-01,1.0,0,True,2026-07-24T07:34:43.182251+00:00,True,SRAGA-Y7A5D7,,True,,Batch: 24 jully 2026 (24 Jul 2026 - W6A),,owner,global,,
774ffb7f-6e04-46ca-85f0-ee4926418123,Voucher Relaksasi,"{""tagline"":""Apresiasi untuk tubuhmu yang sudah lelah beraktivitas hari ini. Voucher Relaksasi Rp20.000 dari SerenaRaga."",""terms1"":""Berlaku untuk layanan Home Service Massage di wilayah Yogyakarta (free transport max 10km)."",""terms2"":""Wajib melakukan reservasi maksimal H-1 sebelum kedatangan."",""terms3"":""Voucher tidak dapat diuangkan atau digabungkan dengan promo lainnya."",""voucher_type"":""discount""}",manual,flat,20000,,,2026-10-01,1.0,0,True,2026-07-24T07:34:43.182251+00:00,True,SRAGA-B2R6K7,,True,,Batch: 24 jully 2026 (24 Jul 2026 - W6A),,owner,global,,
46f85ee9-35b9-4ba4-ad2d-d709140c78d3,Voucher Relaksasi,"{""tagline"":""Apresiasi untuk tubuhmu yang sudah lelah beraktivitas hari ini. Voucher Relaksasi Rp20.000 dari SerenaRaga."",""terms1"":""Berlaku untuk layanan Home Service Massage di wilayah Yogyakarta (free transport max 10km)."",""terms2"":""Wajib melakukan reservasi maksimal H-1 sebelum kedatangan."",""terms3"":""Voucher tidak dapat diuangkan atau digabungkan dengan promo lainnya."",""voucher_type"":""discount""}",manual,flat,20000,,,2026-10-01,1.0,0,True,2026-07-24T07:34:43.182251+00:00,True,SRAGA-B3F7E5,,True,,Batch: 24 jully 2026 (24 Jul 2026 - W6A),,owner,global,,
dcc8f128-82d4-47c2-b077-2b8b73ef4ede,Home Massage,,manual,flat,100000,,,2026-08-01,1.0,0,True,2026-05-19T07:01:28.444715+00:00,True,SRAGA-Y3J3C8,,True,,Batch: Home Massage,,owner,global,,
0075146f-ff48-4b9a-9af9-8fea29d4c002,Voucher Relaksasi,"{""tagline"":""Apresiasi untuk tubuhmu yang sudah lelah beraktivitas hari ini. Voucher Relaksasi Rp20.000 dari SerenaRaga."",""terms1"":""Berlaku untuk layanan Home Service Massage di wilayah Yogyakarta (free transport max 10km)."",""terms2"":""Wajib melakukan reservasi maksimal H-1 sebelum kedatangan."",""terms3"":""Voucher tidak dapat diuangkan atau digabungkan dengan promo lainnya."",""voucher_type"":""discount""}",manual,flat,20000,,,2026-10-01,1.0,0,True,2026-07-24T07:34:43.182251+00:00,True,SRAGA-F9V8J8,,True,,Batch: 24 jully 2026 (24 Jul 2026 - W6A),,owner,global,,
fb1e2b31-96f2-43bc-8594-c00c2f718627,Voucher Relaksasi,"{""tagline"":""Apresiasi untuk tubuhmu yang sudah lelah beraktivitas hari ini. Voucher Relaksasi Rp20.000 dari SerenaRaga."",""terms1"":""Berlaku untuk layanan Home Service Massage di wilayah Yogyakarta (free transport max 10km)."",""terms2"":""Wajib melakukan reservasi maksimal H-1 sebelum kedatangan."",""terms3"":""Voucher tidak dapat diuangkan atau digabungkan dengan promo lainnya."",""voucher_type"":""discount""}",manual,flat,20000,,,2026-10-01,1.0,0,True,2026-07-24T07:34:43.182251+00:00,True,SRAGA-C2Q9C4,,True,,Batch: 24 jully 2026 (24 Jul 2026 - W6A),,owner,global,,
20ad0e27-0b65-4243-84f6-7740e9054b42,Voucher Relaksasi,"{""tagline"":""Apresiasi untuk tubuhmu yang sudah lelah beraktivitas hari ini. Voucher Relaksasi Rp20.000 dari SerenaRaga."",""terms1"":""Berlaku untuk layanan Home Service Massage di wilayah Yogyakarta (free transport max 10km)."",""terms2"":""Wajib melakukan reservasi maksimal H-1 sebelum kedatangan."",""terms3"":""Voucher tidak dapat diuangkan atau digabungkan dengan promo lainnya."",""voucher_type"":""discount""}",manual,flat,20000,,,2026-10-01,1.0,0,True,2026-07-24T07:34:43.182251+00:00,True,SRAGA-S3G7U8,,True,,Batch: 24 jully 2026 (24 Jul 2026 - W6A),,owner,global,,
1606ca7a-21e9-40bc-af47-f465394ad3c3,Voucher Relaksasi,"{""tagline"":""Apresiasi untuk tubuhmu yang sudah lelah beraktivitas hari ini. Voucher Relaksasi Rp20.000 dari SerenaRaga."",""terms1"":""Berlaku untuk layanan Home Service Massage di wilayah Yogyakarta (free transport max 10km)."",""terms2"":""Wajib melakukan reservasi maksimal H-1 sebelum kedatangan."",""terms3"":""Voucher tidak dapat diuangkan atau digabungkan dengan promo lainnya."",""voucher_type"":""discount""}",manual,flat,20000,,,2026-10-01,1.0,0,True,2026-07-24T07:34:43.182251+00:00,True,SRAGA-G4T2H8,,True,,Batch: 24 jully 2026 (24 Jul 2026 - W6A),,owner,global,,
c4489bb2-0291-4076-bf15-5fbcbfef3c3b,Voucher Relaksasi,"{""tagline"":""Apresiasi untuk tubuhmu yang sudah lelah beraktivitas hari ini. Voucher Relaksasi Rp20.000 dari SerenaRaga."",""terms1"":""Berlaku untuk layanan Home Service Massage di wilayah Yogyakarta (free transport max 10km)."",""terms2"":""Wajib melakukan reservasi maksimal H-1 sebelum kedatangan."",""terms3"":""Voucher tidak dapat diuangkan atau digabungkan dengan promo lainnya."",""voucher_type"":""discount""}",manual,flat,20000,,,2026-10-01,1.0,0,True,2026-07-24T07:34:43.182251+00:00,True,SRAGA-G5K7E7,,True,,Batch: 24 jully 2026 (24 Jul 2026 - W6A),,owner,global,,
2aabd477-bbb0-4612-9bee-eb18616aa12e,Voucher Relaksasi,"{""tagline"":""Apresiasi untuk tubuhmu yang sudah lelah beraktivitas hari ini. Voucher Relaksasi Rp20.000 dari SerenaRaga."",""terms1"":""Berlaku untuk layanan Home Service Massage di wilayah Yogyakarta (free transport max 10km)."",""terms2"":""Wajib melakukan reservasi maksimal H-1 sebelum kedatangan."",""terms3"":""Voucher tidak dapat diuangkan atau digabungkan dengan promo lainnya."",""voucher_type"":""discount""}",manual,flat,20000,,,2026-10-01,1.0,0,True,2026-07-24T07:34:43.182251+00:00,True,SRAGA-F3P9K7,,True,,Batch: 24 jully 2026 (24 Jul 2026 - W6A),,owner,global,,
e8d6c342-e54e-4020-9217-c8677a3341b4,Voucher Relaksasi,"{""tagline"":""Apresiasi untuk tubuhmu yang sudah lelah beraktivitas hari ini. Voucher Relaksasi Rp20.000 dari SerenaRaga."",""terms1"":""Berlaku untuk layanan Home Service Massage di wilayah Yogyakarta (free transport max 10km)."",""terms2"":""Wajib melakukan reservasi maksimal H-1 sebelum kedatangan."",""terms3"":""Voucher tidak dapat diuangkan atau digabungkan dengan promo lainnya."",""voucher_type"":""discount""}",manual,flat,20000,,,2026-10-01,1.0,0,True,2026-07-24T07:34:43.182251+00:00,True,SRAGA-S5X6R6,,True,,Batch: 24 jully 2026 (24 Jul 2026 - W6A),,owner,global,,
c2c9e6d8-c2c6-4106-b0d0-13ce643f4ce8,Voucher Relaksasi,"{""tagline"":""Apresiasi untuk tubuhmu yang sudah lelah beraktivitas hari ini. Voucher Relaksasi Rp20.000 dari SerenaRaga."",""terms1"":""Berlaku untuk layanan Home Service Massage di wilayah Yogyakarta (free transport max 10km)."",""terms2"":""Wajib melakukan reservasi maksimal H-1 sebelum kedatangan."",""terms3"":""Voucher tidak dapat diuangkan atau digabungkan dengan promo lainnya."",""voucher_type"":""discount""}",manual,flat,20000,,,2026-10-01,1.0,0,True,2026-07-24T07:34:43.182251+00:00,True,SRAGA-M9F9B3,,True,,Batch: 24 jully 2026 (24 Jul 2026 - W6A),,owner,global,,
943ea90d-503e-403c-87c5-7c60a6a1fb70,Voucher Relaksasi,"{""tagline"":""Apresiasi untuk tubuhmu yang sudah lelah beraktivitas hari ini. Voucher Relaksasi Rp20.000 dari SerenaRaga."",""terms1"":""Berlaku untuk layanan Home Service Massage di wilayah Yogyakarta (free transport max 10km)."",""terms2"":""Wajib melakukan reservasi maksimal H-1 sebelum kedatangan."",""terms3"":""Voucher tidak dapat diuangkan atau digabungkan dengan promo lainnya."",""voucher_type"":""discount""}",manual,flat,20000,,,2026-10-01,1.0,0,True,2026-07-24T07:34:43.182251+00:00,True,SRAGA-A4K4A3,,True,,Batch: 24 jully 2026 (24 Jul 2026 - W6A),,owner,global,,
ab4136a4-12f7-40ca-a428-a6e522b55f90,Voucher Relaksasi,"{""tagline"":""Apresiasi untuk tubuhmu yang sudah lelah beraktivitas hari ini. Voucher Relaksasi Rp20.000 dari SerenaRaga."",""terms1"":""Berlaku untuk layanan Home Service Massage di wilayah Yogyakarta (free transport max 10km)."",""terms2"":""Wajib melakukan reservasi maksimal H-1 sebelum kedatangan."",""terms3"":""Voucher tidak dapat diuangkan atau digabungkan dengan promo lainnya."",""voucher_type"":""discount""}",manual,flat,20000,,,2026-10-01,1.0,0,True,2026-07-24T07:34:43.182251+00:00,True,SRAGA-Z2X3L9,,True,,Batch: 24 jully 2026 (24 Jul 2026 - W6A),,owner,global,,
3b65bc9e-2f9b-4411-a756-bc4cdaf60503,Voucher Relaksasi,"{""tagline"":""Apresiasi untuk tubuhmu yang sudah lelah beraktivitas hari ini. Voucher Relaksasi Rp20.000 dari SerenaRaga."",""terms1"":""Berlaku untuk layanan Home Service Massage di wilayah Yogyakarta (free transport max 10km)."",""terms2"":""Wajib melakukan reservasi maksimal H-1 sebelum kedatangan."",""terms3"":""Voucher tidak dapat diuangkan atau digabungkan dengan promo lainnya."",""voucher_type"":""discount""}",manual,flat,20000,,,2026-10-01,1.0,0,True,2026-07-24T07:34:43.182251+00:00,True,SRAGA-N6B4C7,,True,,Batch: 24 jully 2026 (24 Jul 2026 - W6A),,owner,global,,
3ea8018b-37be-4d0c-8e42-62c777f7f34a,Voucher Relaksasi,"{""tagline"":""Apresiasi untuk tubuhmu yang sudah lelah beraktivitas hari ini. Voucher Relaksasi Rp20.000 dari SerenaRaga."",""terms1"":""Berlaku untuk layanan Home Service Massage di wilayah Yogyakarta (free transport max 10km)."",""terms2"":""Wajib melakukan reservasi maksimal H-1 sebelum kedatangan."",""terms3"":""Voucher tidak dapat diuangkan atau digabungkan dengan promo lainnya."",""voucher_type"":""discount""}",manual,flat,20000,,,2026-10-01,1.0,0,True,2026-07-24T07:34:43.182251+00:00,True,SRAGA-F5S3J9,,True,,Batch: 24 jully 2026 (24 Jul 2026 - W6A),,owner,global,,
f231dea9-d291-449d-9c52-6c5bd54fa569,Voucher Relaksasi,"{""tagline"":""Apresiasi untuk tubuhmu yang sudah lelah beraktivitas hari ini. Voucher relaksasi diskon 15% dari SerenaRaga."",""terms1"":""Berlaku untuk layanan Home Service Massage di wilayah Yogyakarta (free transport max 10km)."",""terms2"":""Wajib melakukan reservasi maksimal H-1 sebelum kedatangan."",""terms3"":""Voucher tidak dapat diuangkan atau digabungkan dengan promo lainnya."",""voucher_type"":""discount""}",manual,percentage,15,,,2026-10-01,1.0,0,True,2026-08-13T11:41:51.958504+00:00,True,SRAGA-X7A4C2,,True,,Batch: voucher 15% (13 Agu 2026 - Y8Y),,owner,global,,
684ec79c-8f1f-4f44-9458-54829c1ea3fb,Home Massage,,manual,flat,100000,,,2026-08-01,1.0,0,True,2026-05-19T07:01:28.444715+00:00,True,SRAGA-P4Q3K6,,True,,Batch: Home Massage,,owner,global,,
974c162f-0861-4719-9120-e040793f861e,Voucher Relaksasi,"{""tagline"":""Apresiasi untuk tubuhmu yang sudah lelah beraktivitas hari ini. Voucher Relaksasi Disc 15% dari SerenaRaga."",""terms1"":""Berlaku untuk layanan Home Service Massage di wilayah Yogyakarta (free transport max 10km)."",""terms2"":""Wajib melakukan reservasi maksimal H-1 sebelum kedatangan."",""terms3"":""Voucher tidak dapat diuangkan atau digabungkan dengan promo lainnya."",""voucher_type"":""discount""}",manual,percentage,15,,,2026-10-01,1.0,0,True,2026-07-24T07:38:26.677488+00:00,True,SRAGA-Y4D2F5,,True,,Batch: 24 july 2026 2 (24 Jul 2026 - W8J),,owner,global,,
d7469f8e-7dbb-484a-9014-83f14b1d8802,Voucher Relaksasi,"{""tagline"":""Apresiasi untuk tubuhmu yang sudah lelah beraktivitas hari ini. Voucher Relaksasi Disc 15% dari SerenaRaga."",""terms1"":""Berlaku untuk layanan Home Service Massage di wilayah Yogyakarta (free transport max 10km)."",""terms2"":""Wajib melakukan reservasi maksimal H-1 sebelum kedatangan."",""terms3"":""Voucher tidak dapat diuangkan atau digabungkan dengan promo lainnya."",""voucher_type"":""discount""}",manual,percentage,15,,,2026-10-01,1.0,0,True,2026-07-24T07:38:26.677488+00:00,True,SRAGA-D2R4B5,,True,,Batch: 24 july 2026 2 (24 Jul 2026 - W8J),,owner,global,,
3f5d6102-7f11-4850-b57c-986c8179472c,Voucher Relaksasi,"{""tagline"":""Apresiasi untuk tubuhmu yang sudah lelah beraktivitas hari ini. Voucher Relaksasi Disc 15% dari SerenaRaga."",""terms1"":""Berlaku untuk layanan Home Service Massage di wilayah Yogyakarta (free transport max 10km)."",""terms2"":""Wajib melakukan reservasi maksimal H-1 sebelum kedatangan."",""terms3"":""Voucher tidak dapat diuangkan atau digabungkan dengan promo lainnya."",""voucher_type"":""discount""}",manual,percentage,15,,,2026-10-01,1.0,0,True,2026-07-24T07:38:26.677488+00:00,True,SRAGA-R7Q7H6,,True,,Batch: 24 july 2026 2 (24 Jul 2026 - W8J),,owner,global,,
2eb5e950-4955-41c3-b17e-fb02738d02a3,Voucher Relaksasi,"{""tagline"":""Apresiasi untuk tubuhmu yang sudah lelah beraktivitas hari ini. Voucher Relaksasi Disc 15% dari SerenaRaga."",""terms1"":""Berlaku untuk layanan Home Service Massage di wilayah Yogyakarta (free transport max 10km)."",""terms2"":""Wajib melakukan reservasi maksimal H-1 sebelum kedatangan."",""terms3"":""Voucher tidak dapat diuangkan atau digabungkan dengan promo lainnya."",""voucher_type"":""discount""}",manual,percentage,15,,,2026-10-01,1.0,0,True,2026-07-24T07:38:26.677488+00:00,True,SRAGA-Q8H7L4,,True,,Batch: 24 july 2026 2 (24 Jul 2026 - W8J),,owner,global,,
e70efec8-cdee-4e34-9c3d-64752d88be60,Voucher Relaksasi,"{""tagline"":""Apresiasi untuk tubuhmu yang sudah lelah beraktivitas hari ini. Voucher Relaksasi Disc 15% dari SerenaRaga."",""terms1"":""Berlaku untuk layanan Home Service Massage di wilayah Yogyakarta (free transport max 10km)."",""terms2"":""Wajib melakukan reservasi maksimal H-1 sebelum kedatangan."",""terms3"":""Voucher tidak dapat diuangkan atau digabungkan dengan promo lainnya."",""voucher_type"":""discount""}",manual,percentage,15,,,2026-10-01,1.0,0,True,2026-07-24T07:38:26.677488+00:00,True,SRAGA-Z9H9D8,,True,,Batch: 24 july 2026 2 (24 Jul 2026 - W8J),,owner,global,,
0dffb77f-0488-491d-9269-9f4fbda5551c,Voucher Relaksasi,"{""tagline"":""Apresiasi untuk tubuhmu yang sudah lelah beraktivitas hari ini. Voucher Relaksasi Disc 15% dari SerenaRaga."",""terms1"":""Berlaku untuk layanan Home Service Massage di wilayah Yogyakarta (free transport max 10km)."",""terms2"":""Wajib melakukan reservasi maksimal H-1 sebelum kedatangan."",""terms3"":""Voucher tidak dapat diuangkan atau digabungkan dengan promo lainnya."",""voucher_type"":""discount""}",manual,percentage,15,,,2026-10-01,1.0,0,True,2026-07-24T07:38:26.677488+00:00,True,SRAGA-P3L2C6,,True,,Batch: 24 july 2026 2 (24 Jul 2026 - W8J),,owner,global,,
5a5509d1-aaa1-4eb7-84ce-def08a54cf2f,Voucher Relaksasi,"{""tagline"":""Apresiasi untuk tubuhmu yang sudah lelah beraktivitas hari ini. Voucher Relaksasi Disc 15% dari SerenaRaga."",""terms1"":""Berlaku untuk layanan Home Service Massage di wilayah Yogyakarta (free transport max 10km)."",""terms2"":""Wajib melakukan reservasi maksimal H-1 sebelum kedatangan."",""terms3"":""Voucher tidak dapat diuangkan atau digabungkan dengan promo lainnya."",""voucher_type"":""discount""}",manual,percentage,15,,,2026-10-01,1.0,0,True,2026-07-24T07:38:26.677488+00:00,True,SRAGA-J6L2U5,,True,,Batch: 24 july 2026 2 (24 Jul 2026 - W8J),,owner,global,,
fdafd5c3-09be-4837-9ba9-a83d67676898,Voucher Relaksasi,"{""tagline"":""Apresiasi untuk tubuhmu yang sudah lelah beraktivitas hari ini. Voucher Relaksasi Disc 15% dari SerenaRaga."",""terms1"":""Berlaku untuk layanan Home Service Massage di wilayah Yogyakarta (free transport max 10km)."",""terms2"":""Wajib melakukan reservasi maksimal H-1 sebelum kedatangan."",""terms3"":""Voucher tidak dapat diuangkan atau digabungkan dengan promo lainnya."",""voucher_type"":""discount""}",manual,percentage,15,,,2026-10-01,1.0,0,True,2026-07-24T07:38:26.677488+00:00,True,SRAGA-K7V3E2,,True,,Batch: 24 july 2026 2 (24 Jul 2026 - W8J),,owner,global,,
bcec370d-7b1e-467d-a51b-25ea54324721,Voucher Relaksasi,"{""tagline"":""Apresiasi untuk tubuhmu yang sudah lelah beraktivitas hari ini. Voucher Relaksasi Disc 15% dari SerenaRaga."",""terms1"":""Berlaku untuk layanan Home Service Massage di wilayah Yogyakarta (free transport max 10km)."",""terms2"":""Wajib melakukan reservasi maksimal H-1 sebelum kedatangan."",""terms3"":""Voucher tidak dapat diuangkan atau digabungkan dengan promo lainnya."",""voucher_type"":""discount""}",manual,percentage,15,,,2026-10-01,1.0,0,True,2026-07-24T07:38:26.677488+00:00,True,SRAGA-N9S9D7,,True,,Batch: 24 july 2026 2 (24 Jul 2026 - W8J),,owner,global,,
21969e05-05ed-42a4-ad4f-ddc27b9cad92,Voucher Relaksasi,"{""tagline"":""Apresiasi untuk tubuhmu yang sudah lelah beraktivitas hari ini. Voucher Relaksasi Disc 15% dari SerenaRaga."",""terms1"":""Berlaku untuk layanan Home Service Massage di wilayah Yogyakarta (free transport max 10km)."",""terms2"":""Wajib melakukan reservasi maksimal H-1 sebelum kedatangan."",""terms3"":""Voucher tidak dapat diuangkan atau digabungkan dengan promo lainnya."",""voucher_type"":""discount""}",manual,percentage,15,,,2026-10-01,1.0,0,True,2026-07-24T07:38:26.677488+00:00,True,SRAGA-U9N9X6,,True,,Batch: 24 july 2026 2 (24 Jul 2026 - W8J),,owner,global,,
7888f612-d5ea-40c5-b4ba-f914309b4a8e,Voucher Relaksasi,"{""tagline"":""Apresiasi untuk tubuhmu yang sudah lelah beraktivitas hari ini. Voucher Relaksasi Disc 15% dari SerenaRaga."",""terms1"":""Berlaku untuk layanan Home Service Massage di wilayah Yogyakarta (free transport max 10km)."",""terms2"":""Wajib melakukan reservasi maksimal H-1 sebelum kedatangan."",""terms3"":""Voucher tidak dapat diuangkan atau digabungkan dengan promo lainnya."",""voucher_type"":""discount""}",manual,percentage,15,,,2026-10-01,1.0,0,True,2026-07-24T07:38:26.677488+00:00,True,SRAGA-Z2B7A6,,True,,Batch: 24 july 2026 2 (24 Jul 2026 - W8J),,owner,global,,
95242623-cced-43b2-8b59-4e77fa18b855,Voucher Relaksasi,"{""tagline"":""Apresiasi untuk tubuhmu yang sudah lelah beraktivitas hari ini. Voucher Relaksasi Disc 15% dari SerenaRaga."",""terms1"":""Berlaku untuk layanan Home Service Massage di wilayah Yogyakarta (free transport max 10km)."",""terms2"":""Wajib melakukan reservasi maksimal H-1 sebelum kedatangan."",""terms3"":""Voucher tidak dapat diuangkan atau digabungkan dengan promo lainnya."",""voucher_type"":""discount""}",manual,percentage,15,,,2026-10-01,1.0,0,True,2026-07-24T07:38:26.677488+00:00,True,SRAGA-D6G7Y6,,True,,Batch: 24 july 2026 2 (24 Jul 2026 - W8J),,owner,global,,
4a6fc02b-79c8-4653-960d-72c404286dce,Voucher Relaksasi,"{""tagline"":""Apresiasi untuk tubuhmu yang sudah lelah beraktivitas hari ini. Voucher Relaksasi Disc 15% dari SerenaRaga."",""terms1"":""Berlaku untuk layanan Home Service Massage di wilayah Yogyakarta (free transport max 10km)."",""terms2"":""Wajib melakukan reservasi maksimal H-1 sebelum kedatangan."",""terms3"":""Voucher tidak dapat diuangkan atau digabungkan dengan promo lainnya."",""voucher_type"":""discount""}",manual,percentage,15,,,2026-10-01,1.0,0,True,2026-07-24T07:38:26.677488+00:00,True,SRAGA-Q2W8J7,,True,,Batch: 24 july 2026 2 (24 Jul 2026 - W8J),,owner,global,,
07031bc4-d4b6-4ab1-b085-b9cbecb72b34,Home Massage,,manual,flat,100000,,,2026-08-01,1.0,0,True,2026-05-19T07:01:28.444715+00:00,True,SRAGA-D9P6N6,,True,,Batch: Home Massage,,owner,global,,
e0aa1ead-dafe-420b-847a-b87877993d81,Voucher Relaksasi,"{""tagline"":""Apresiasi untuk tubuhmu yang sudah lelah beraktivitas hari ini. Voucher Relaksasi Disc 15% dari SerenaRaga."",""terms1"":""Berlaku untuk layanan Home Service Massage di wilayah Yogyakarta (free transport max 10km)."",""terms2"":""Wajib melakukan reservasi maksimal H-1 sebelum kedatangan."",""terms3"":""Voucher tidak dapat diuangkan atau digabungkan dengan promo lainnya."",""voucher_type"":""discount""}",manual,percentage,15,,,2026-10-01,1.0,0,True,2026-07-24T07:38:26.677488+00:00,True,SRAGA-S3N4B6,,True,,Batch: 24 july 2026 2 (24 Jul 2026 - W8J),,owner,global,,
0da4f752-8087-461e-8b8d-a05c67c245fc,Voucher Relaksasi,"{""tagline"":""Apresiasi untuk tubuhmu yang sudah lelah beraktivitas hari ini. Voucher Relaksasi Disc 15% dari SerenaRaga."",""terms1"":""Berlaku untuk layanan Home Service Massage di wilayah Yogyakarta (free transport max 10km)."",""terms2"":""Wajib melakukan reservasi maksimal H-1 sebelum kedatangan."",""terms3"":""Voucher tidak dapat diuangkan atau digabungkan dengan promo lainnya."",""voucher_type"":""discount""}",manual,percentage,15,,,2026-10-01,1.0,0,True,2026-07-24T07:38:26.677488+00:00,True,SRAGA-Q2F2C4,,True,,Batch: 24 july 2026 2 (24 Jul 2026 - W8J),,owner,global,,
96cc1552-597c-4016-955a-35c1fbd11983,Voucher Relaksasi,"{""tagline"":""Apresiasi untuk tubuhmu yang sudah lelah beraktivitas hari ini. Voucher Relaksasi Disc 15% dari SerenaRaga."",""terms1"":""Berlaku untuk layanan Home Service Massage di wilayah Yogyakarta (free transport max 10km)."",""terms2"":""Wajib melakukan reservasi maksimal H-1 sebelum kedatangan."",""terms3"":""Voucher tidak dapat diuangkan atau digabungkan dengan promo lainnya."",""voucher_type"":""discount""}",manual,percentage,15,,,2026-10-01,1.0,0,True,2026-07-24T07:38:26.677488+00:00,True,SRAGA-G9T3E9,,True,,Batch: 24 july 2026 2 (24 Jul 2026 - W8J),,owner,global,,
28cf7861-2b52-46f1-9f20-90cdfaa1611f,Voucher Relaksasi,"{""tagline"":""Apresiasi untuk tubuhmu yang sudah lelah beraktivitas hari ini. Voucher Relaksasi Disc 15% dari SerenaRaga."",""terms1"":""Berlaku untuk layanan Home Service Massage di wilayah Yogyakarta (free transport max 10km)."",""terms2"":""Wajib melakukan reservasi maksimal H-1 sebelum kedatangan."",""terms3"":""Voucher tidak dapat diuangkan atau digabungkan dengan promo lainnya."",""voucher_type"":""discount""}",manual,percentage,15,,,2026-10-01,1.0,0,True,2026-07-24T07:38:26.677488+00:00,True,SRAGA-F2B2D6,,True,,Batch: 24 july 2026 2 (24 Jul 2026 - W8J),,owner,global,,
3094ecdd-660f-4ac3-8574-b660a24aa886,Voucher Relaksasi,"{""tagline"":""Apresiasi untuk tubuhmu yang sudah lelah beraktivitas hari ini. Voucher Relaksasi Disc 15% dari SerenaRaga."",""terms1"":""Berlaku untuk layanan Home Service Massage di wilayah Yogyakarta (free transport max 10km)."",""terms2"":""Wajib melakukan reservasi maksimal H-1 sebelum kedatangan."",""terms3"":""Voucher tidak dapat diuangkan atau digabungkan dengan promo lainnya."",""voucher_type"":""discount""}",manual,percentage,15,,,2026-10-01,1.0,0,True,2026-07-24T07:38:26.677488+00:00,True,SRAGA-J7U5M4,,True,,Batch: 24 july 2026 2 (24 Jul 2026 - W8J),,owner,global,,
3f397fef-308a-4ed4-a767-ddd498f4cac8,Voucher Relaksasi,"{""tagline"":""Apresiasi untuk tubuhmu yang sudah lelah beraktivitas hari ini. Voucher Relaksasi Disc 15% dari SerenaRaga."",""terms1"":""Berlaku untuk layanan Home Service Massage di wilayah Yogyakarta (free transport max 10km)."",""terms2"":""Wajib melakukan reservasi maksimal H-1 sebelum kedatangan."",""terms3"":""Voucher tidak dapat diuangkan atau digabungkan dengan promo lainnya."",""voucher_type"":""discount""}",manual,percentage,15,,,2026-10-01,1.0,0,True,2026-07-24T07:38:26.677488+00:00,True,SRAGA-N8Q6M3,,True,,Batch: 24 july 2026 2 (24 Jul 2026 - W8J),,owner,global,,
2b961309-703c-4750-8256-619b1d2456fe,Voucher Relaksasi,"{""tagline"":""Apresiasi untuk tubuhmu yang sudah lelah beraktivitas hari ini. Voucher Relaksasi Disc 15% dari SerenaRaga."",""terms1"":""Berlaku untuk layanan Home Service Massage di wilayah Yogyakarta (free transport max 10km)."",""terms2"":""Wajib melakukan reservasi maksimal H-1 sebelum kedatangan."",""terms3"":""Voucher tidak dapat diuangkan atau digabungkan dengan promo lainnya."",""voucher_type"":""discount""}",manual,percentage,15,,,2026-10-01,1.0,0,True,2026-07-24T07:38:26.677488+00:00,True,SRAGA-E4X5W5,,True,,Batch: 24 july 2026 2 (24 Jul 2026 - W8J),,owner,global,,
4ba24b06-8bd6-4e94-a992-f5e62bc3e819,Voucher Relaksasi,"{""tagline"":""Apresiasi untuk tubuhmu yang sudah lelah beraktivitas hari ini. Voucher Relaksasi Disc 15% dari SerenaRaga."",""terms1"":""Berlaku untuk layanan Home Service Massage di wilayah Yogyakarta (free transport max 10km)."",""terms2"":""Wajib melakukan reservasi maksimal H-1 sebelum kedatangan."",""terms3"":""Voucher tidak dapat diuangkan atau digabungkan dengan promo lainnya."",""voucher_type"":""discount""}",manual,percentage,15,,,2026-10-01,1.0,0,True,2026-07-24T07:38:26.677488+00:00,True,SRAGA-M5E2F4,,True,,Batch: 24 july 2026 2 (24 Jul 2026 - W8J),,owner,global,,
4febdace-d74c-46d7-a81a-f92aaf31e41d,Voucher Relaksasi,"{""tagline"":""Apresiasi untuk tubuhmu yang sudah lelah beraktivitas hari ini. Voucher Relaksasi Disc 15% dari SerenaRaga."",""terms1"":""Berlaku untuk layanan Home Service Massage di wilayah Yogyakarta (free transport max 10km)."",""terms2"":""Wajib melakukan reservasi maksimal H-1 sebelum kedatangan."",""terms3"":""Voucher tidak dapat diuangkan atau digabungkan dengan promo lainnya."",""voucher_type"":""discount""}",manual,percentage,15,,,2026-10-01,1.0,0,True,2026-07-24T07:38:26.677488+00:00,True,SRAGA-L4K8R3,,True,,Batch: 24 july 2026 2 (24 Jul 2026 - W8J),,owner,global,,
12f110bd-7d49-4f6f-8057-301bb887ae75,Voucher Relaksasi,"{""tagline"":""Apresiasi untuk tubuhmu yang sudah lelah beraktivitas hari ini. Voucher Relaksasi Disc 15% dari SerenaRaga."",""terms1"":""Berlaku untuk layanan Home Service Massage di wilayah Yogyakarta (free transport max 10km)."",""terms2"":""Wajib melakukan reservasi maksimal H-1 sebelum kedatangan."",""terms3"":""Voucher tidak dapat diuangkan atau digabungkan dengan promo lainnya."",""voucher_type"":""discount""}",manual,percentage,15,,,2026-10-01,1.0,0,True,2026-07-24T07:38:26.677488+00:00,True,SRAGA-E5T3N5,,True,,Batch: 24 july 2026 2 (24 Jul 2026 - W8J),,owner,global,,
a916029d-2d45-4244-a5c1-9dddc9873686,Voucher Relaksasi,"{""tagline"":""Apresiasi untuk tubuhmu yang sudah lelah beraktivitas hari ini. Voucher Relaksasi Disc 15% dari SerenaRaga."",""terms1"":""Berlaku untuk layanan Home Service Massage di wilayah Yogyakarta (free transport max 10km)."",""terms2"":""Wajib melakukan reservasi maksimal H-1 sebelum kedatangan."",""terms3"":""Voucher tidak dapat diuangkan atau digabungkan dengan promo lainnya."",""voucher_type"":""discount""}",manual,percentage,15,,,2026-10-01,1.0,0,True,2026-07-24T07:38:26.677488+00:00,True,SRAGA-H5G2K3,,True,,Batch: 24 july 2026 2 (24 Jul 2026 - W8J),,owner,global,,
474e36fd-47fb-4c8e-b355-859689acea4f,Voucher Relaksasi,"{""tagline"":""Apresiasi untuk tubuhmu yang sudah lelah beraktivitas hari ini. Voucher Relaksasi Disc 15% dari SerenaRaga."",""terms1"":""Berlaku untuk layanan Home Service Massage di wilayah Yogyakarta (free transport max 10km)."",""terms2"":""Wajib melakukan reservasi maksimal H-1 sebelum kedatangan."",""terms3"":""Voucher tidak dapat diuangkan atau digabungkan dengan promo lainnya."",""voucher_type"":""discount""}",manual,percentage,15,,,2026-10-01,1.0,0,True,2026-07-24T07:38:26.677488+00:00,True,SRAGA-N4K2J5,,True,,Batch: 24 july 2026 2 (24 Jul 2026 - W8J),,owner,global,,
b6e1b479-157d-4463-a2ac-c137faa526d7,Voucher Relaksasi,"{""tagline"":""Apresiasi untuk tubuhmu yang sudah lelah beraktivitas hari ini. Voucher Relaksasi Disc 15% dari SerenaRaga."",""terms1"":""Berlaku untuk layanan Home Service Massage di wilayah Yogyakarta (free transport max 10km)."",""terms2"":""Wajib melakukan reservasi maksimal H-1 sebelum kedatangan."",""terms3"":""Voucher tidak dapat diuangkan atau digabungkan dengan promo lainnya."",""voucher_type"":""discount""}",manual,percentage,15,,,2026-10-01,1.0,0,True,2026-07-24T07:38:26.677488+00:00,True,SRAGA-Q2E4F4,,True,,Batch: 24 july 2026 2 (24 Jul 2026 - W8J),,owner,global,,
0cbdd01b-c9d4-4f1f-82fc-98505425ba97,Home Massage,,manual,flat,100000,,,2026-08-01,1.0,0,True,2026-05-19T07:01:28.444715+00:00,True,SRAGA-L3S2C5,,True,,Batch: Home Massage,,owner,global,,
bfea7d04-b97d-4761-a6b9-626a287e2bed,Voucher Relaksasi,"{""tagline"":""Apresiasi untuk tubuhmu yang sudah lelah beraktivitas hari ini. Voucher Relaksasi Disc 15% dari SerenaRaga."",""terms1"":""Berlaku untuk layanan Home Service Massage di wilayah Yogyakarta (free transport max 10km)."",""terms2"":""Wajib melakukan reservasi maksimal H-1 sebelum kedatangan."",""terms3"":""Voucher tidak dapat diuangkan atau digabungkan dengan promo lainnya."",""voucher_type"":""discount""}",manual,percentage,15,,,2026-10-01,1.0,0,True,2026-07-24T07:38:26.677488+00:00,True,SRAGA-P3Z7B9,,True,,Batch: 24 july 2026 2 (24 Jul 2026 - W8J),,owner,global,,
73e42a01-241b-49a9-b984-2c8c9ef2a45f,Voucher Relaksasi,"{""tagline"":""Apresiasi untuk tubuhmu yang sudah lelah beraktivitas hari ini. Voucher Relaksasi Disc 15% dari SerenaRaga."",""terms1"":""Berlaku untuk layanan Home Service Massage di wilayah Yogyakarta (free transport max 10km)."",""terms2"":""Wajib melakukan reservasi maksimal H-1 sebelum kedatangan."",""terms3"":""Voucher tidak dapat diuangkan atau digabungkan dengan promo lainnya."",""voucher_type"":""discount""}",manual,percentage,15,,,2026-10-01,1.0,0,True,2026-07-24T07:38:26.677488+00:00,True,SRAGA-L9N6P2,,True,,Batch: 24 july 2026 2 (24 Jul 2026 - W8J),,owner,global,,
2901baec-5559-4e87-a32c-9a1c29b3b683,Voucher Relaksasi,"{""tagline"":""Apresiasi untuk tubuhmu yang sudah lelah beraktivitas hari ini. Voucher Relaksasi Disc 15% dari SerenaRaga."",""terms1"":""Berlaku untuk layanan Home Service Massage di wilayah Yogyakarta (free transport max 10km)."",""terms2"":""Wajib melakukan reservasi maksimal H-1 sebelum kedatangan."",""terms3"":""Voucher tidak dapat diuangkan atau digabungkan dengan promo lainnya."",""voucher_type"":""discount""}",manual,percentage,15,,,2026-10-01,1.0,0,True,2026-07-24T07:38:26.677488+00:00,True,SRAGA-T2X9D6,,True,,Batch: 24 july 2026 2 (24 Jul 2026 - W8J),,owner,global,,
0973a65c-2db5-40ea-b544-b06c1ab3337f,Voucher Relaksasi,"{""tagline"":""Apresiasi untuk tubuhmu yang sudah lelah beraktivitas hari ini. Voucher Relaksasi Disc 15% dari SerenaRaga."",""terms1"":""Berlaku untuk layanan Home Service Massage di wilayah Yogyakarta (free transport max 10km)."",""terms2"":""Wajib melakukan reservasi maksimal H-1 sebelum kedatangan."",""terms3"":""Voucher tidak dapat diuangkan atau digabungkan dengan promo lainnya."",""voucher_type"":""discount""}",manual,percentage,15,,,2026-10-01,1.0,0,True,2026-07-24T07:38:26.677488+00:00,True,SRAGA-T4D6N8,,True,,Batch: 24 july 2026 2 (24 Jul 2026 - W8J),,owner,global,,
dc735a42-f471-450c-9c48-3a8b52b72945,Voucher Relaksasi,"{""tagline"":""Apresiasi untuk tubuhmu yang sudah lelah beraktivitas hari ini. Voucher Relaksasi Disc 15% dari SerenaRaga."",""terms1"":""Berlaku untuk layanan Home Service Massage di wilayah Yogyakarta (free transport max 10km)."",""terms2"":""Wajib melakukan reservasi maksimal H-1 sebelum kedatangan."",""terms3"":""Voucher tidak dapat diuangkan atau digabungkan dengan promo lainnya."",""voucher_type"":""discount""}",manual,percentage,15,,,2026-10-01,1.0,0,True,2026-07-24T07:38:26.677488+00:00,True,SRAGA-N8C5L6,,True,,Batch: 24 july 2026 2 (24 Jul 2026 - W8J),,owner,global,,
6ae1a8fe-454c-482b-873c-33e90bc1fa9b,Voucher Relaksasi,"{""tagline"":""Apresiasi untuk tubuhmu yang sudah lelah beraktivitas hari ini. Voucher Relaksasi Disc 15% dari SerenaRaga."",""terms1"":""Berlaku untuk layanan Home Service Massage di wilayah Yogyakarta (free transport max 10km)."",""terms2"":""Wajib melakukan reservasi maksimal H-1 sebelum kedatangan."",""terms3"":""Voucher tidak dapat diuangkan atau digabungkan dengan promo lainnya."",""voucher_type"":""discount""}",manual,percentage,15,,,2026-10-01,1.0,0,True,2026-07-24T07:38:26.677488+00:00,True,SRAGA-A3C4C7,,True,,Batch: 24 july 2026 2 (24 Jul 2026 - W8J),,owner,global,,
2ca42062-162a-4011-88cd-fd41d3d58a8b,Voucher Relaksasi,"{""tagline"":""Apresiasi untuk tubuhmu yang sudah lelah beraktivitas hari ini. Voucher Relaksasi Disc 15% dari SerenaRaga."",""terms1"":""Berlaku untuk layanan Home Service Massage di wilayah Yogyakarta (free transport max 10km)."",""terms2"":""Wajib melakukan reservasi maksimal H-1 sebelum kedatangan."",""terms3"":""Voucher tidak dapat diuangkan atau digabungkan dengan promo lainnya."",""voucher_type"":""discount""}",manual,percentage,15,,,2026-10-01,1.0,0,True,2026-07-24T07:38:26.677488+00:00,True,SRAGA-Y8J4E6,,True,,Batch: 24 july 2026 2 (24 Jul 2026 - W8J),,owner,global,,
6a605864-6ce9-45b6-a7b3-8062cd600650,Voucher Relaksasi,"{""tagline"":""Apresiasi untuk tubuhmu yang sudah lelah beraktivitas hari ini. Voucher Relaksasi Disc 15% dari SerenaRaga."",""terms1"":""Berlaku untuk layanan Home Service Massage di wilayah Yogyakarta (free transport max 10km)."",""terms2"":""Wajib melakukan reservasi maksimal H-1 sebelum kedatangan."",""terms3"":""Voucher tidak dapat diuangkan atau digabungkan dengan promo lainnya."",""voucher_type"":""discount""}",manual,percentage,15,,,2026-10-01,1.0,0,True,2026-07-24T07:38:26.677488+00:00,True,SRAGA-A6P4T5,,True,,Batch: 24 july 2026 2 (24 Jul 2026 - W8J),,owner,global,,
7fbea46c-532c-49c4-9fc4-a81373953577,Voucher Relaksasi,"{""tagline"":""Apresiasi untuk tubuhmu yang sudah lelah beraktivitas hari ini. Voucher Relaksasi Disc 15% dari SerenaRaga."",""terms1"":""Berlaku untuk layanan Home Service Massage di wilayah Yogyakarta (free transport max 10km)."",""terms2"":""Wajib melakukan reservasi maksimal H-1 sebelum kedatangan."",""terms3"":""Voucher tidak dapat diuangkan atau digabungkan dengan promo lainnya."",""voucher_type"":""discount""}",manual,percentage,15,,,2026-10-01,1.0,0,True,2026-07-24T07:38:26.677488+00:00,True,SRAGA-L7J2N5,,True,,Batch: 24 july 2026 2 (24 Jul 2026 - W8J),,owner,global,,
72dfc13e-482a-421f-9115-7855cfe66557,Voucher Relaksasi,"{""tagline"":""Apresiasi untuk tubuhmu yang sudah lelah beraktivitas hari ini. Voucher Relaksasi Disc 15% dari SerenaRaga."",""terms1"":""Berlaku untuk layanan Home Service Massage di wilayah Yogyakarta (free transport max 10km)."",""terms2"":""Wajib melakukan reservasi maksimal H-1 sebelum kedatangan."",""terms3"":""Voucher tidak dapat diuangkan atau digabungkan dengan promo lainnya."",""voucher_type"":""discount""}",manual,percentage,15,,,2026-10-01,1.0,0,True,2026-07-24T07:38:26.677488+00:00,True,SRAGA-P3L8C3,,True,,Batch: 24 july 2026 2 (24 Jul 2026 - W8J),,owner,global,,
8d462d6b-a5a7-4198-a3be-73019323ac61,Voucher Relaksasi,"{""tagline"":""Apresiasi untuk tubuhmu yang sudah lelah beraktivitas hari ini. Voucher Relaksasi Disc 15% dari SerenaRaga."",""terms1"":""Berlaku untuk layanan Home Service Massage di wilayah Yogyakarta (free transport max 10km)."",""terms2"":""Wajib melakukan reservasi maksimal H-1 sebelum kedatangan."",""terms3"":""Voucher tidak dapat diuangkan atau digabungkan dengan promo lainnya."",""voucher_type"":""discount""}",manual,percentage,15,,,2026-10-01,1.0,0,True,2026-07-24T07:38:26.677488+00:00,True,SRAGA-C8M6R3,,True,,Batch: 24 july 2026 2 (24 Jul 2026 - W8J),,owner,global,,
8ca20e3b-719d-4631-a2b1-c8278761923b,Voucher Relaksasi,"{""tagline"":""Apresiasi untuk tubuhmu yang sudah lelah beraktivitas hari ini. Voucher Relaksasi Disc 15% dari SerenaRaga."",""terms1"":""Berlaku untuk layanan Home Service Massage di wilayah Yogyakarta (free transport max 10km)."",""terms2"":""Wajib melakukan reservasi maksimal H-1 sebelum kedatangan."",""terms3"":""Voucher tidak dapat diuangkan atau digabungkan dengan promo lainnya."",""voucher_type"":""discount""}",manual,percentage,15,,,2026-10-01,1.0,0,True,2026-07-24T07:38:26.677488+00:00,True,SRAGA-D5G8N8,,True,,Batch: 24 july 2026 2 (24 Jul 2026 - W8J),,owner,global,,
35dcb7a3-a616-4f24-9e9a-c79706fd8f7f,Voucher Relaksasi,"{""tagline"":""Apresiasi untuk tubuhmu yang sudah lelah beraktivitas hari ini. Voucher Relaksasi Disc 15% dari SerenaRaga."",""terms1"":""Berlaku untuk layanan Home Service Massage di wilayah Yogyakarta (free transport max 10km)."",""terms2"":""Wajib melakukan reservasi maksimal H-1 sebelum kedatangan."",""terms3"":""Voucher tidak dapat diuangkan atau digabungkan dengan promo lainnya."",""voucher_type"":""discount""}",manual,percentage,15,,,2026-10-01,1.0,0,True,2026-07-24T07:38:26.677488+00:00,True,SRAGA-M8J8S5,,True,,Batch: 24 july 2026 2 (24 Jul 2026 - W8J),,owner,global,,
af9ac420-2083-45cb-b240-03e1cbf06f55,Home Massage,,manual,flat,100000,,,2026-08-01,1.0,0,True,2026-05-19T07:01:28.444715+00:00,True,SRAGA-A2U4D2,,True,,Batch: Home Massage,,owner,global,,
018f8a84-e396-408f-8858-27dc5115b057,Voucher Relaksasi,"{""tagline"":""Apresiasi untuk tubuhmu yang sudah lelah beraktivitas hari ini. Voucher Relaksasi Disc 15% dari SerenaRaga."",""terms1"":""Berlaku untuk layanan Home Service Massage di wilayah Yogyakarta (free transport max 10km)."",""terms2"":""Wajib melakukan reservasi maksimal H-1 sebelum kedatangan."",""terms3"":""Voucher tidak dapat diuangkan atau digabungkan dengan promo lainnya."",""voucher_type"":""discount""}",manual,percentage,15,,,2026-10-01,1.0,0,True,2026-07-24T07:38:26.677488+00:00,True,SRAGA-H5C3X7,,True,,Batch: 24 july 2026 2 (24 Jul 2026 - W8J),,owner,global,,
65768591-5782-440f-a7ea-e61331e88214,Voucher Relaksasi,"{""tagline"":""Apresiasi untuk tubuhmu yang sudah lelah beraktivitas hari ini. Voucher Relaksasi Disc 15% dari SerenaRaga."",""terms1"":""Berlaku untuk layanan Home Service Massage di wilayah Yogyakarta (free transport max 10km)."",""terms2"":""Wajib melakukan reservasi maksimal H-1 sebelum kedatangan."",""terms3"":""Voucher tidak dapat diuangkan atau digabungkan dengan promo lainnya."",""voucher_type"":""discount""}",manual,percentage,15,,,2026-10-01,1.0,0,True,2026-07-24T07:38:26.677488+00:00,True,SRAGA-H8N5Y2,,True,,Batch: 24 july 2026 2 (24 Jul 2026 - W8J),,owner,global,,
61edcd40-5f44-4fe7-bf91-4b79e15aca60,Voucher Relaksasi,"{""tagline"":""Apresiasi untuk tubuhmu yang sudah lelah beraktivitas hari ini. Voucher Relaksasi Disc 15% dari SerenaRaga."",""terms1"":""Berlaku untuk layanan Home Service Massage di wilayah Yogyakarta (free transport max 10km)."",""terms2"":""Wajib melakukan reservasi maksimal H-1 sebelum kedatangan."",""terms3"":""Voucher tidak dapat diuangkan atau digabungkan dengan promo lainnya."",""voucher_type"":""discount""}",manual,percentage,15,,,2026-10-01,1.0,0,True,2026-07-24T07:38:26.677488+00:00,True,SRAGA-Y5U3J6,,True,,Batch: 24 july 2026 2 (24 Jul 2026 - W8J),,owner,global,,
f72b39f0-c4ba-4976-8419-f1ae221d008e,Voucher Relaksasi,"{""tagline"":""Apresiasi untuk tubuhmu yang sudah lelah beraktivitas hari ini. Voucher Relaksasi Disc 15% dari SerenaRaga."",""terms1"":""Berlaku untuk layanan Home Service Massage di wilayah Yogyakarta (free transport max 10km)."",""terms2"":""Wajib melakukan reservasi maksimal H-1 sebelum kedatangan."",""terms3"":""Voucher tidak dapat diuangkan atau digabungkan dengan promo lainnya."",""voucher_type"":""discount""}",manual,percentage,15,,,2026-10-01,1.0,0,True,2026-07-24T07:38:26.677488+00:00,True,SRAGA-Y5H6G5,,True,,Batch: 24 july 2026 2 (24 Jul 2026 - W8J),,owner,global,,
88effb37-1f2b-4d5d-bedc-e82b4db5631f,Voucher Relaksasi,"{""tagline"":""Apresiasi untuk tubuhmu yang sudah lelah beraktivitas hari ini. Voucher Relaksasi Disc 15% dari SerenaRaga."",""terms1"":""Berlaku untuk layanan Home Service Massage di wilayah Yogyakarta (free transport max 10km)."",""terms2"":""Wajib melakukan reservasi maksimal H-1 sebelum kedatangan."",""terms3"":""Voucher tidak dapat diuangkan atau digabungkan dengan promo lainnya."",""voucher_type"":""discount""}",manual,percentage,15,,,2026-10-01,1.0,0,True,2026-07-24T07:38:26.677488+00:00,True,SRAGA-M8N7C2,,True,,Batch: 24 july 2026 2 (24 Jul 2026 - W8J),,owner,global,,
a8f23fcd-6627-428f-a75d-0c09b5062e75,Voucher Relaksasi,"{""tagline"":""Apresiasi untuk tubuhmu yang sudah lelah beraktivitas hari ini. Voucher Relaksasi Disc 15% dari SerenaRaga."",""terms1"":""Berlaku untuk layanan Home Service Massage di wilayah Yogyakarta (free transport max 10km)."",""terms2"":""Wajib melakukan reservasi maksimal H-1 sebelum kedatangan."",""terms3"":""Voucher tidak dapat diuangkan atau digabungkan dengan promo lainnya."",""voucher_type"":""discount""}",manual,percentage,15,,,2026-10-01,1.0,0,True,2026-07-24T07:38:26.677488+00:00,True,SRAGA-B8B8M3,,True,,Batch: 24 july 2026 2 (24 Jul 2026 - W8J),,owner,global,,
3b9dcdc5-ebdb-44d6-928c-044c88ecf781,Voucher Relaksasi,"{""tagline"":""Apresiasi untuk tubuhmu yang sudah lelah beraktivitas hari ini. Voucher Relaksasi Disc 15% dari SerenaRaga."",""terms1"":""Berlaku untuk layanan Home Service Massage di wilayah Yogyakarta (free transport max 10km)."",""terms2"":""Wajib melakukan reservasi maksimal H-1 sebelum kedatangan."",""terms3"":""Voucher tidak dapat diuangkan atau digabungkan dengan promo lainnya."",""voucher_type"":""discount""}",manual,percentage,15,,,2026-10-01,1.0,0,True,2026-07-24T07:38:26.677488+00:00,True,SRAGA-Y5Z8Z9,,True,,Batch: 24 july 2026 2 (24 Jul 2026 - W8J),,owner,global,,
73faf1f6-aeea-403c-ac1b-f80c4306d486,Voucher Relaksasi,"{""tagline"":""Apresiasi untuk tubuhmu yang sudah lelah beraktivitas hari ini. Voucher Relaksasi Disc 15% dari SerenaRaga."",""terms1"":""Berlaku untuk layanan Home Service Massage di wilayah Yogyakarta (free transport max 10km)."",""terms2"":""Wajib melakukan reservasi maksimal H-1 sebelum kedatangan."",""terms3"":""Voucher tidak dapat diuangkan atau digabungkan dengan promo lainnya."",""voucher_type"":""discount""}",manual,percentage,15,,,2026-10-01,1.0,0,True,2026-07-24T07:38:26.677488+00:00,True,SRAGA-N2X9P2,,True,,Batch: 24 july 2026 2 (24 Jul 2026 - W8J),,owner,global,,
87113a8c-663a-4bee-b419-e0b4c69e4c8b,Voucher Relaksasi,"{""tagline"":""Apresiasi untuk tubuhmu yang sudah lelah beraktivitas hari ini. Voucher Relaksasi Disc 15% dari SerenaRaga."",""terms1"":""Berlaku untuk layanan Home Service Massage di wilayah Yogyakarta (free transport max 10km)."",""terms2"":""Wajib melakukan reservasi maksimal H-1 sebelum kedatangan."",""terms3"":""Voucher tidak dapat diuangkan atau digabungkan dengan promo lainnya."",""voucher_type"":""discount""}",manual,percentage,15,,,2026-10-01,1.0,0,True,2026-07-24T07:38:26.677488+00:00,True,SRAGA-X2A2G8,,True,,Batch: 24 july 2026 2 (24 Jul 2026 - W8J),,owner,global,,
39f1593a-3759-43a9-8388-f9e2cf275bc7,Voucher Relaksasi,"{""tagline"":""Apresiasi untuk tubuhmu yang sudah lelah beraktivitas hari ini. Voucher Relaksasi Disc 15% dari SerenaRaga."",""terms1"":""Berlaku untuk layanan Home Service Massage di wilayah Yogyakarta (free transport max 10km)."",""terms2"":""Wajib melakukan reservasi maksimal H-1 sebelum kedatangan."",""terms3"":""Voucher tidak dapat diuangkan atau digabungkan dengan promo lainnya."",""voucher_type"":""discount""}",manual,percentage,15,,,2026-10-01,1.0,0,True,2026-07-24T07:38:26.677488+00:00,True,SRAGA-N8M5F7,,True,,Batch: 24 july 2026 2 (24 Jul 2026 - W8J),,owner,global,,
1d55ebcc-d394-41eb-b55f-1db766dcf0b9,Voucher Relaksasi,"{""tagline"":""Apresiasi untuk tubuhmu yang sudah lelah beraktivitas hari ini. Voucher Relaksasi Disc 15% dari SerenaRaga."",""terms1"":""Berlaku untuk layanan Home Service Massage di wilayah Yogyakarta (free transport max 10km)."",""terms2"":""Wajib melakukan reservasi maksimal H-1 sebelum kedatangan."",""terms3"":""Voucher tidak dapat diuangkan atau digabungkan dengan promo lainnya."",""voucher_type"":""discount""}",manual,percentage,15,,,2026-10-01,1.0,0,True,2026-07-24T07:38:26.677488+00:00,True,SRAGA-S9X6Q6,,True,,Batch: 24 july 2026 2 (24 Jul 2026 - W8J),,owner,global,,
40dbc1ff-173f-4bba-a6b5-4c2f27755e08,Voucher Relaksasi,"{""tagline"":""Apresiasi untuk tubuhmu yang sudah lelah beraktivitas hari ini. Voucher relaksasi diskon 15% dari SerenaRaga."",""terms1"":""Berlaku untuk layanan Home Service Massage di wilayah Yogyakarta (free transport max 10km)."",""terms2"":""Wajib melakukan reservasi maksimal H-1 sebelum kedatangan."",""terms3"":""Voucher tidak dapat diuangkan atau digabungkan dengan promo lainnya."",""voucher_type"":""discount""}",manual,percentage,15,,,2026-10-01,1.0,0,True,2026-08-13T11:41:51.958504+00:00,True,SRAGA-N2C2Q6,,True,,Batch: voucher 15% (13 Agu 2026 - Y8Y),,owner,global,,
f56c3966-34ed-4bdc-b463-28e8eea23888,Voucher Relaksasi,"{""tagline"":""Apresiasi untuk tubuhmu yang sudah lelah beraktivitas hari ini. Voucher relaksasi diskon 15% dari SerenaRaga."",""terms1"":""Berlaku untuk layanan Home Service Massage di wilayah Yogyakarta (free transport max 10km)."",""terms2"":""Wajib melakukan reservasi maksimal H-1 sebelum kedatangan."",""terms3"":""Voucher tidak dapat diuangkan atau digabungkan dengan promo lainnya."",""voucher_type"":""discount""}",manual,percentage,15,,,2026-10-01,1.0,0,True,2026-08-13T11:41:51.958504+00:00,True,SRAGA-Y9A3T5,,True,,Batch: voucher 15% (13 Agu 2026 - Y8Y),,owner,global,,
329fcba7-0def-4b01-b79c-378bba168543,Home Massage,,manual,flat,100000,,,2026-08-01,1.0,0,True,2026-05-19T07:01:28.444715+00:00,True,SRAGA-Y4L6U7,,True,,Batch: Home Massage,,owner,global,,
3969c991-d3fe-42e3-88e4-3ca1851d6cf0,Voucher Relaksasi,"{""tagline"":""Apresiasi untuk tubuhmu yang sudah lelah beraktivitas hari ini. Voucher relaksasi diskon 15% dari SerenaRaga."",""terms1"":""Berlaku untuk layanan Home Service Massage di wilayah Yogyakarta (free transport max 10km)."",""terms2"":""Wajib melakukan reservasi maksimal H-1 sebelum kedatangan."",""terms3"":""Voucher tidak dapat diuangkan atau digabungkan dengan promo lainnya."",""voucher_type"":""discount""}",manual,percentage,15,,,2026-10-01,1.0,0,True,2026-08-13T11:41:51.958504+00:00,True,SRAGA-U6Y2S9,,True,,Batch: voucher 15% (13 Agu 2026 - Y8Y),,owner,global,,
8aaa0dc5-f13c-4b84-8c22-ab976c37d715,Voucher Relaksasi,"{""tagline"":""Apresiasi untuk tubuhmu yang sudah lelah beraktivitas hari ini. Voucher relaksasi diskon 15% dari SerenaRaga."",""terms1"":""Berlaku untuk layanan Home Service Massage di wilayah Yogyakarta (free transport max 10km)."",""terms2"":""Wajib melakukan reservasi maksimal H-1 sebelum kedatangan."",""terms3"":""Voucher tidak dapat diuangkan atau digabungkan dengan promo lainnya."",""voucher_type"":""discount""}",manual,percentage,15,,,2026-10-01,1.0,0,True,2026-08-13T11:41:51.958504+00:00,True,SRAGA-X7J6Q6,,True,,Batch: voucher 15% (13 Agu 2026 - Y8Y),,owner,global,,
a7dd71b0-7e02-4a6a-8c61-6a8326940ffc,Voucher Relaksasi,"{""tagline"":""Apresiasi untuk tubuhmu yang sudah lelah beraktivitas hari ini. Voucher relaksasi diskon 15% dari SerenaRaga."",""terms1"":""Berlaku untuk layanan Home Service Massage di wilayah Yogyakarta (free transport max 10km)."",""terms2"":""Wajib melakukan reservasi maksimal H-1 sebelum kedatangan."",""terms3"":""Voucher tidak dapat diuangkan atau digabungkan dengan promo lainnya."",""voucher_type"":""discount""}",manual,percentage,15,,,2026-10-01,1.0,0,True,2026-08-13T11:41:51.958504+00:00,True,SRAGA-W8U7N9,,True,,Batch: voucher 15% (13 Agu 2026 - Y8Y),,owner,global,,
f2d83426-399f-4fb4-afb6-0257cb07ca8c,Voucher Relaksasi,"{""tagline"":""Apresiasi untuk tubuhmu yang sudah lelah beraktivitas hari ini. Voucher relaksasi diskon 15% dari SerenaRaga."",""terms1"":""Berlaku untuk layanan Home Service Massage di wilayah Yogyakarta (free transport max 10km)."",""terms2"":""Wajib melakukan reservasi maksimal H-1 sebelum kedatangan."",""terms3"":""Voucher tidak dapat diuangkan atau digabungkan dengan promo lainnya."",""voucher_type"":""discount""}",manual,percentage,15,,,2026-10-01,1.0,0,True,2026-08-13T11:41:51.958504+00:00,True,SRAGA-J9T5X2,,True,,Batch: voucher 15% (13 Agu 2026 - Y8Y),,owner,global,,
1634f2b5-fdbb-4e3a-9d6f-0c4674585fe0,Voucher Relaksasi,"{""tagline"":""Apresiasi untuk tubuhmu yang sudah lelah beraktivitas hari ini. Voucher relaksasi diskon 15% dari SerenaRaga."",""terms1"":""Berlaku untuk layanan Home Service Massage di wilayah Yogyakarta (free transport max 10km)."",""terms2"":""Wajib melakukan reservasi maksimal H-1 sebelum kedatangan."",""terms3"":""Voucher tidak dapat diuangkan atau digabungkan dengan promo lainnya."",""voucher_type"":""discount""}",manual,percentage,15,,,2026-10-01,1.0,0,True,2026-08-13T11:41:51.958504+00:00,True,SRAGA-Q2B9H4,,True,,Batch: voucher 15% (13 Agu 2026 - Y8Y),,owner,global,,
56110644-afb7-4bdc-832a-5017348169cc,Voucher Relaksasi,"{""tagline"":""Apresiasi untuk tubuhmu yang sudah lelah beraktivitas hari ini. Voucher relaksasi diskon 15% dari SerenaRaga."",""terms1"":""Berlaku untuk layanan Home Service Massage di wilayah Yogyakarta (free transport max 10km)."",""terms2"":""Wajib melakukan reservasi maksimal H-1 sebelum kedatangan."",""terms3"":""Voucher tidak dapat diuangkan atau digabungkan dengan promo lainnya."",""voucher_type"":""discount""}",manual,percentage,15,,,2026-10-01,1.0,0,True,2026-08-13T11:41:51.958504+00:00,True,SRAGA-A4X9H7,,True,,Batch: voucher 15% (13 Agu 2026 - Y8Y),,owner,global,,
a72c76e2-08f0-4356-bf73-518f7e5bb686,Voucher Relaksasi,"{""tagline"":""Apresiasi untuk tubuhmu yang sudah lelah beraktivitas hari ini. Voucher relaksasi diskon 15% dari SerenaRaga."",""terms1"":""Berlaku untuk layanan Home Service Massage di wilayah Yogyakarta (free transport max 10km)."",""terms2"":""Wajib melakukan reservasi maksimal H-1 sebelum kedatangan."",""terms3"":""Voucher tidak dapat diuangkan atau digabungkan dengan promo lainnya."",""voucher_type"":""discount""}",manual,percentage,15,,,2026-10-01,1.0,0,True,2026-08-13T11:41:51.958504+00:00,True,SRAGA-X6A5B8,,True,,Batch: voucher 15% (13 Agu 2026 - Y8Y),,owner,global,,
99314040-cc7e-4703-8307-0324cab15c7b,Voucher Relaksasi,"{""tagline"":""Apresiasi untuk tubuhmu yang sudah lelah beraktivitas hari ini. Voucher relaksasi diskon 15% dari SerenaRaga."",""terms1"":""Berlaku untuk layanan Home Service Massage di wilayah Yogyakarta (free transport max 10km)."",""terms2"":""Wajib melakukan reservasi maksimal H-1 sebelum kedatangan."",""terms3"":""Voucher tidak dapat diuangkan atau digabungkan dengan promo lainnya."",""voucher_type"":""discount""}",manual,percentage,15,,,2026-10-01,1.0,0,True,2026-08-13T11:41:51.958504+00:00,True,SRAGA-L9K9T3,,True,,Batch: voucher 15% (13 Agu 2026 - Y8Y),,owner,global,,
d68dc2ad-7366-4a79-bab9-ef61b16bfab3,Voucher Relaksasi,"{""tagline"":""Apresiasi untuk tubuhmu yang sudah lelah beraktivitas hari ini. Voucher relaksasi diskon 15% dari SerenaRaga."",""terms1"":""Berlaku untuk layanan Home Service Massage di wilayah Yogyakarta (free transport max 10km)."",""terms2"":""Wajib melakukan reservasi maksimal H-1 sebelum kedatangan."",""terms3"":""Voucher tidak dapat diuangkan atau digabungkan dengan promo lainnya."",""voucher_type"":""discount""}",manual,percentage,15,,,2026-10-01,1.0,0,True,2026-08-13T11:41:51.958504+00:00,True,SRAGA-D5P7S7,,True,,Batch: voucher 15% (13 Agu 2026 - Y8Y),,owner,global,,
9a4af83f-52ff-4e5b-8d45-3ec575c72180,Voucher Relaksasi,"{""tagline"":""Apresiasi untuk tubuhmu yang sudah lelah beraktivitas hari ini. Voucher relaksasi diskon 15% dari SerenaRaga."",""terms1"":""Berlaku untuk layanan Home Service Massage di wilayah Yogyakarta (free transport max 10km)."",""terms2"":""Wajib melakukan reservasi maksimal H-1 sebelum kedatangan."",""terms3"":""Voucher tidak dapat diuangkan atau digabungkan dengan promo lainnya."",""voucher_type"":""discount""}",manual,percentage,15,,,2026-10-01,1.0,0,True,2026-08-13T11:41:51.958504+00:00,True,SRAGA-D6B5E7,,True,,Batch: voucher 15% (13 Agu 2026 - Y8Y),,owner,global,,
2611dd97-8f79-4ebe-85a7-40c3ba42e62f,Voucher Relaksasi,"{""tagline"":""Apresiasi untuk tubuhmu yang sudah lelah beraktivitas hari ini. Voucher relaksasi diskon 15% dari SerenaRaga."",""terms1"":""Berlaku untuk layanan Home Service Massage di wilayah Yogyakarta (free transport max 10km)."",""terms2"":""Wajib melakukan reservasi maksimal H-1 sebelum kedatangan."",""terms3"":""Voucher tidak dapat diuangkan atau digabungkan dengan promo lainnya."",""voucher_type"":""discount""}",manual,percentage,15,,,2026-10-01,1.0,0,True,2026-08-13T11:41:51.958504+00:00,True,SRAGA-D8P3X3,,True,,Batch: voucher 15% (13 Agu 2026 - Y8Y),,owner,global,,
3481c1cd-3d11-471e-b22e-88ec2e040c08,Voucher Relaksasi,"{""tagline"":""Apresiasi untuk tubuhmu yang sudah beraktivitas hari ini. Voucher Relaksasi Rp20.000 dari SerenaRaga."",""terms1"":""Berlaku untuk layanan Home Service Massage di wilayah Yogyakarta (free transport max 10km)."",""terms2"":""Wajib melakukan reservasi maksimal H-1 sebelum kedatangan."",""terms3"":""Voucher tidak dapat diuangkan atau digabungkan dengan promo lainnya."",""voucher_type"":""discount""}",manual,flat,20000,,,2026-10-01,1.0,0,True,2026-08-15T05:09:13.239705+00:00,True,SRAGA-W6S7Q5,,True,,Batch: voc 20rb tumbuh yoga space (15 Agu 2026 - W3H),,owner,global,,
5e737742-955d-41b2-b3da-68006bc0a551,Home Massage,,manual,flat,100000,,,2026-08-01,1.0,0,True,2026-05-19T07:01:28.444715+00:00,True,SRAGA-V6A3T3,,True,,Batch: Home Massage,,owner,global,,
bf6fb1d5-5438-48b5-8a19-258091d96998,Home Massage,,manual,flat,100000,,,2026-08-01,1.0,0,True,2026-05-19T07:01:28.444715+00:00,True,SRAGA-Z4X9S8,,True,,Batch: Home Massage,,owner,global,,
49cc0ccd-985f-4c0c-b78a-59ec70d53d97,Voucher event,,manual,flat,100000,,,2026-06-30,50.0,0,True,2026-05-17T12:53:39.355049+00:00,True,SRAGA-5U76,,True,,,,owner,global,,
a90e9cf1-80d3-4a71-9c7d-213162842cc0,Home Massage,,manual,flat,100000,,,2026-08-01,1.0,0,True,2026-05-19T07:01:28.444715+00:00,True,SRAGA-L9H2A4,,True,,Batch: Home Massage,,owner,global,,
a201a2e7-8fae-4b59-9e22-dbec4f212c6c,Home Massage,,manual,flat,100000,,,2026-08-01,1.0,0,True,2026-05-19T07:01:28.444715+00:00,True,SRAGA-D3X4G9,,True,,Batch: Home Massage,,owner,global,,
c486f210-ebae-4fc4-86c1-1218e58b281c,Home Massage,,manual,flat,100000,,,2026-08-01,1.0,0,True,2026-05-19T07:01:28.444715+00:00,True,SRAGA-V4R3R9,,True,,Batch: Home Massage,,owner,global,,
2221334c-1f6b-4a7b-a4b0-204760ca957f,Home Massage,,manual,flat,100000,,,2026-08-01,1.0,0,True,2026-05-19T07:01:28.444715+00:00,True,SRAGA-B8D6Q8,,True,,Batch: Home Massage,,owner,global,,
754ba790-dcc6-4de9-87b3-18c7b1c83ddf,Home Massage,,manual,flat,100000,,,2026-08-01,1.0,0,True,2026-05-19T07:01:28.444715+00:00,True,SRAGA-N5H2U5,,True,,Batch: Home Massage,,owner,global,,
d7c734ec-afde-4ef7-bae7-61f2d81f0cb2,Home Massage,,manual,flat,100000,,,2026-08-01,1.0,0,True,2026-05-19T07:01:28.444715+00:00,True,SRAGA-T6U5C4,,True,,Batch: Home Massage,,owner,global,,
916f06bd-a7f8-45dc-9777-4d93f0734467,Voucher Relaksasi,"{""tagline"":""Apresiasi untuk tubuhmu yang sudah beraktivitas hari ini. Voucher Relaksasi Rp20.000 dari SerenaRaga."",""terms1"":""Berlaku untuk layanan Home Service Massage di wilayah Yogyakarta (free transport max 10km)."",""terms2"":""Wajib melakukan reservasi maksimal H-1 sebelum kedatangan."",""terms3"":""Voucher tidak dapat diuangkan atau digabungkan dengan promo lainnya."",""voucher_type"":""discount""}",manual,flat,20000,,,2026-10-01,1.0,0,True,2026-08-15T05:09:13.239705+00:00,True,SRAGA-L6D7E9,,True,,Batch: voc 20rb tumbuh yoga space (15 Agu 2026 - W3H),,owner,global,,
877bf0cc-9382-4451-a5f4-878e640f29c9,Voucher Relaksasi,"{""tagline"":""Apresiasi untuk tubuhmu yang sudah beraktivitas hari ini. Voucher Relaksasi Rp20.000 dari SerenaRaga."",""terms1"":""Berlaku untuk layanan Home Service Massage di wilayah Yogyakarta (free transport max 10km)."",""terms2"":""Wajib melakukan reservasi maksimal H-1 sebelum kedatangan."",""terms3"":""Voucher tidak dapat diuangkan atau digabungkan dengan promo lainnya."",""voucher_type"":""discount""}",manual,flat,20000,,,2026-10-01,1.0,0,True,2026-08-15T05:09:13.239705+00:00,True,SRAGA-E6V4N6,,True,,Batch: voc 20rb tumbuh yoga space (15 Agu 2026 - W3H),,owner,global,,
766b286e-455d-4415-ab30-f91961dff55f,Voucher Relaksasi,"{""tagline"":""Apresiasi untuk tubuhmu yang sudah beraktivitas hari ini. Voucher Relaksasi Rp20.000 dari SerenaRaga."",""terms1"":""Berlaku untuk layanan Home Service Massage di wilayah Yogyakarta (free transport max 10km)."",""terms2"":""Wajib melakukan reservasi maksimal H-1 sebelum kedatangan."",""terms3"":""Voucher tidak dapat diuangkan atau digabungkan dengan promo lainnya."",""voucher_type"":""discount""}",manual,flat,20000,,,2026-10-01,1.0,0,True,2026-08-15T05:09:13.239705+00:00,True,SRAGA-F5M9V6,,True,,Batch: voc 20rb tumbuh yoga space (15 Agu 2026 - W3H),,owner,global,,
c4d3e367-ed96-4263-885a-694f560e6a4c,Voucher Relaksasi,"{""tagline"":""Apresiasi untuk tubuhmu yang sudah beraktivitas hari ini. Voucher Relaksasi Rp20.000 dari SerenaRaga."",""terms1"":""Berlaku untuk layanan Home Service Massage di wilayah Yogyakarta (free transport max 10km)."",""terms2"":""Wajib melakukan reservasi maksimal H-1 sebelum kedatangan."",""terms3"":""Voucher tidak dapat diuangkan atau digabungkan dengan promo lainnya."",""voucher_type"":""discount""}",manual,flat,20000,,,2026-10-01,1.0,0,True,2026-08-15T05:09:13.239705+00:00,True,SRAGA-K4E9Q9,,True,,Batch: voc 20rb tumbuh yoga space (15 Agu 2026 - W3H),,owner,global,,
bcdae2ff-6054-4644-aad2-deef28d1fa6a,Voucher Relaksasi,"{""tagline"":""Apresiasi untuk tubuhmu yang sudah beraktivitas hari ini. Voucher Relaksasi Rp20.000 dari SerenaRaga."",""terms1"":""Berlaku untuk layanan Home Service Massage di wilayah Yogyakarta (free transport max 10km)."",""terms2"":""Wajib melakukan reservasi maksimal H-1 sebelum kedatangan."",""terms3"":""Voucher tidak dapat diuangkan atau digabungkan dengan promo lainnya."",""voucher_type"":""discount""}",manual,flat,20000,,,2026-10-01,1.0,0,True,2026-08-15T05:09:13.239705+00:00,True,SRAGA-S8X9Z8,,True,,Batch: voc 20rb tumbuh yoga space (15 Agu 2026 - W3H),,owner,global,,
d7cadcfd-2723-4693-8de9-7f2d5021e40a,Voucher Relaksasi,"{""tagline"":""Apresiasi untuk tubuhmu yang sudah beraktivitas hari ini. Voucher Relaksasi Rp20.000 dari SerenaRaga."",""terms1"":""Berlaku untuk layanan Home Service Massage di wilayah Yogyakarta (free transport max 10km)."",""terms2"":""Wajib melakukan reservasi maksimal H-1 sebelum kedatangan."",""terms3"":""Voucher tidak dapat diuangkan atau digabungkan dengan promo lainnya."",""voucher_type"":""discount""}",manual,flat,20000,,,2026-10-01,1.0,0,True,2026-08-15T05:09:13.239705+00:00,True,SRAGA-F6K3R4,,True,,Batch: voc 20rb tumbuh yoga space (15 Agu 2026 - W3H),,owner,global,,
9040d812-a586-4c98-98fd-e7e51c12de30,Voucher Relaksasi,"{""tagline"":""Apresiasi untuk tubuhmu yang sudah beraktivitas hari ini. Voucher Relaksasi Rp20.000 dari SerenaRaga."",""terms1"":""Berlaku untuk layanan Home Service Massage di wilayah Yogyakarta (free transport max 10km)."",""terms2"":""Wajib melakukan reservasi maksimal H-1 sebelum kedatangan."",""terms3"":""Voucher tidak dapat diuangkan atau digabungkan dengan promo lainnya."",""voucher_type"":""discount""}",manual,flat,20000,,,2026-10-01,1.0,0,True,2026-08-15T05:09:13.239705+00:00,True,SRAGA-F6E3W8,,True,,Batch: voc 20rb tumbuh yoga space (15 Agu 2026 - W3H),,owner,global,,
e482cc52-81f8-4c2f-9209-25b61d681cd9,Voucher Relaksasi,"{""tagline"":""Apresiasi untuk tubuhmu yang sudah beraktivitas hari ini. Voucher Relaksasi Rp20.000 dari SerenaRaga."",""terms1"":""Berlaku untuk layanan Home Service Massage di wilayah Yogyakarta (free transport max 10km)."",""terms2"":""Wajib melakukan reservasi maksimal H-1 sebelum kedatangan."",""terms3"":""Voucher tidak dapat diuangkan atau digabungkan dengan promo lainnya."",""voucher_type"":""discount""}",manual,flat,20000,,,2026-10-01,1.0,0,True,2026-08-15T05:09:13.239705+00:00,True,SRAGA-U6M8M6,,True,,Batch: voc 20rb tumbuh yoga space (15 Agu 2026 - W3H),,owner,global,,
a002ae0a-67ff-47d2-9d38-764ad238186a,Voucher Relaksasi,"{""tagline"":""Apresiasi untuk tubuhmu yang sudah lelah beraktivitas hari ini. Voucher Relaksasi Rp20.000 dari SerenaRaga."",""terms1"":""Berlaku untuk layanan Home Service Massage di wilayah Yogyakarta (free transport max 10km)."",""terms2"":""Wajib melakukan reservasi maksimal H-1 sebelum kedatangan."",""terms3"":""Voucher tidak dapat diuangkan atau digabungkan dengan promo lainnya."",""voucher_type"":""discount""}",manual,flat,20000,,,2026-09-30,1.0,0,True,2026-07-30T12:27:49.432081+00:00,True,SRAGA-E7D6V5,,True,,Batch: Ruanasa Wellness (30 Jul 2026 - J8Q),,owner,global,,
dfc7e5a8-124e-4d83-84d8-c495b60735ea,Voucher Relaksasi,"{""tagline"":""Apresiasi untuk tubuhmu yang sudah lelah beraktivitas hari ini. Voucher Relaksasi Rp20.000 dari SerenaRaga."",""terms1"":""Berlaku untuk layanan Home Service Massage di wilayah Yogyakarta (free transport max 10km)."",""terms2"":""Wajib melakukan reservasi maksimal H-1 sebelum kedatangan."",""terms3"":""Voucher tidak dapat diuangkan atau digabungkan dengan promo lainnya."",""voucher_type"":""discount""}",manual,flat,20000,,,2026-09-30,1.0,0,True,2026-07-30T12:27:49.432081+00:00,True,SRAGA-R2Y5T3,,True,,Batch: Ruanasa Wellness (30 Jul 2026 - J8Q),,owner,global,,
29c9219f-fc9d-4b96-be30-5653711d2560,Voucher Relaksasi,"{""tagline"":""Apresiasi untuk tubuhmu yang sudah lelah beraktivitas hari ini. Voucher Relaksasi Rp20.000 dari SerenaRaga."",""terms1"":""Berlaku untuk layanan Home Service Massage di wilayah Yogyakarta (free transport max 10km)."",""terms2"":""Wajib melakukan reservasi maksimal H-1 sebelum kedatangan."",""terms3"":""Voucher tidak dapat diuangkan atau digabungkan dengan promo lainnya."",""voucher_type"":""discount""}",manual,flat,20000,,,2026-09-30,1.0,0,True,2026-07-30T12:27:49.432081+00:00,True,SRAGA-J2U7D8,,True,,Batch: Ruanasa Wellness (30 Jul 2026 - J8Q),,owner,global,,
35db305b-9c07-4266-9c27-d6168e4be094,Voucher Relaksasi,"{""tagline"":""Apresiasi untuk tubuhmu yang sudah lelah beraktivitas hari ini. Voucher Relaksasi Rp20.000 dari SerenaRaga."",""terms1"":""Berlaku untuk layanan Home Service Massage di wilayah Yogyakarta (free transport max 10km)."",""terms2"":""Wajib melakukan reservasi maksimal H-1 sebelum kedatangan."",""terms3"":""Voucher tidak dapat diuangkan atau digabungkan dengan promo lainnya."",""voucher_type"":""discount""}",manual,flat,20000,,,2026-09-30,1.0,0,True,2026-07-30T12:27:49.432081+00:00,True,SRAGA-G2P4X3,,True,,Batch: Ruanasa Wellness (30 Jul 2026 - J8Q),,owner,global,,
610a8c8e-fe19-49c3-b693-c7bf2fb0a057,Voucher Relaksasi,"{""tagline"":""Apresiasi untuk tubuhmu yang sudah lelah beraktivitas hari ini. Voucher Relaksasi Rp20.000 dari SerenaRaga."",""terms1"":""Berlaku untuk layanan Home Service Massage di wilayah Yogyakarta (free transport max 10km)."",""terms2"":""Wajib melakukan reservasi maksimal H-1 sebelum kedatangan."",""terms3"":""Voucher tidak dapat diuangkan atau digabungkan dengan promo lainnya."",""voucher_type"":""discount""}",manual,flat,20000,,,2026-09-30,1.0,0,True,2026-07-30T12:27:49.432081+00:00,True,SRAGA-S6D7H7,,True,,Batch: Ruanasa Wellness (30 Jul 2026 - J8Q),,owner,global,,
e4b5e83e-c55f-4510-ab36-66614170c7ae,Voucher Relaksasi,"{""tagline"":""Apresiasi untuk tubuhmu yang sudah lelah beraktivitas hari ini. Voucher Relaksasi Rp20.000 dari SerenaRaga."",""terms1"":""Berlaku untuk layanan Home Service Massage di wilayah Yogyakarta (free transport max 10km)."",""terms2"":""Wajib melakukan reservasi maksimal H-1 sebelum kedatangan."",""terms3"":""Voucher tidak dapat diuangkan atau digabungkan dengan promo lainnya."",""voucher_type"":""discount""}",manual,flat,20000,,,2026-09-30,1.0,0,True,2026-07-30T12:27:49.432081+00:00,True,SRAGA-Q6B9B9,,True,,Batch: Ruanasa Wellness (30 Jul 2026 - J8Q),,owner,global,,
31524e56-a931-408b-b045-b71ee2432269,Voucher Relaksasi,"{""tagline"":""Apresiasi untuk tubuhmu yang sudah lelah beraktivitas hari ini. Voucher Relaksasi Rp20.000 dari SerenaRaga."",""terms1"":""Berlaku untuk layanan Home Service Massage di wilayah Yogyakarta (free transport max 10km)."",""terms2"":""Wajib melakukan reservasi maksimal H-1 sebelum kedatangan."",""terms3"":""Voucher tidak dapat diuangkan atau digabungkan dengan promo lainnya."",""voucher_type"":""discount""}",manual,flat,20000,,,2026-09-30,1.0,0,True,2026-07-30T12:27:49.432081+00:00,True,SRAGA-A2D7B6,,True,,Batch: Ruanasa Wellness (30 Jul 2026 - J8Q),,owner,global,,
bef9dc29-d613-43d2-be2d-a91c9b923d2e,Voucher Relaksasi,"{""tagline"":""Apresiasi untuk tubuhmu yang sudah lelah beraktivitas hari ini. Voucher Relaksasi Rp20.000 dari SerenaRaga."",""terms1"":""Berlaku untuk layanan Home Service Massage di wilayah Yogyakarta (free transport max 10km)."",""terms2"":""Wajib melakukan reservasi maksimal H-1 sebelum kedatangan."",""terms3"":""Voucher tidak dapat diuangkan atau digabungkan dengan promo lainnya."",""voucher_type"":""discount""}",manual,flat,20000,,,2026-09-30,1.0,0,True,2026-07-30T12:27:49.432081+00:00,True,SRAGA-Y8J9L7,,True,,Batch: Ruanasa Wellness (30 Jul 2026 - J8Q),,owner,global,,
f86d8e6b-7df4-4004-88c8-f8a1c04e7aaa,Voucher Relaksasi,"{""tagline"":""Apresiasi untuk tubuhmu yang sudah lelah beraktivitas hari ini. Voucher Relaksasi Rp20.000 dari SerenaRaga."",""terms1"":""Berlaku untuk layanan Home Service Massage di wilayah Yogyakarta (free transport max 10km)."",""terms2"":""Wajib melakukan reservasi maksimal H-1 sebelum kedatangan."",""terms3"":""Voucher tidak dapat diuangkan atau digabungkan dengan promo lainnya."",""voucher_type"":""discount""}",manual,flat,20000,,,2026-09-30,1.0,0,True,2026-07-30T12:27:49.432081+00:00,True,SRAGA-E3H8B7,,True,,Batch: Ruanasa Wellness (30 Jul 2026 - J8Q),,owner,global,,
7aadc16d-00f8-4f5f-a90a-709f6678f94e,Voucher Relaksasi,"{""tagline"":""Apresiasi untuk tubuhmu yang sudah lelah beraktivitas hari ini. Voucher Relaksasi Rp20.000 dari SerenaRaga."",""terms1"":""Berlaku untuk layanan Home Service Massage di wilayah Yogyakarta (free transport max 10km)."",""terms2"":""Wajib melakukan reservasi maksimal H-1 sebelum kedatangan."",""terms3"":""Voucher tidak dapat diuangkan atau digabungkan dengan promo lainnya."",""voucher_type"":""discount""}",manual,flat,20000,,,2026-09-30,1.0,0,True,2026-07-30T12:27:49.432081+00:00,True,SRAGA-A8R6K2,,True,,Batch: Ruanasa Wellness (30 Jul 2026 - J8Q),,owner,global,,
50b8b6af-3fab-486d-8621-43327d1e451a,Voucher Relaksasi,"{""tagline"":""Apresiasi untuk tubuhmu yang sudah lelah beraktivitas hari ini. Voucher Relaksasi Rp20.000 dari SerenaRaga."",""terms1"":""Berlaku untuk layanan Home Service Massage di wilayah Yogyakarta (free transport max 10km)."",""terms2"":""Wajib melakukan reservasi maksimal H-1 sebelum kedatangan."",""terms3"":""Voucher tidak dapat diuangkan atau digabungkan dengan promo lainnya."",""voucher_type"":""discount""}",manual,flat,20000,,,2026-09-30,1.0,0,True,2026-07-30T12:27:49.432081+00:00,True,SRAGA-B4U7S4,,True,,Batch: Ruanasa Wellness (30 Jul 2026 - J8Q),,owner,global,,
83820ab1-96f9-4c95-b416-a757aa9976af,Voucher Relaksasi,"{""tagline"":""Apresiasi untuk tubuhmu yang sudah lelah beraktivitas hari ini. Voucher Relaksasi Rp20.000 dari SerenaRaga."",""terms1"":""Berlaku untuk layanan Home Service Massage di wilayah Yogyakarta (free transport max 10km)."",""terms2"":""Wajib melakukan reservasi maksimal H-1 sebelum kedatangan."",""terms3"":""Voucher tidak dapat diuangkan atau digabungkan dengan promo lainnya."",""voucher_type"":""discount""}",manual,flat,20000,,,2026-09-30,1.0,0,True,2026-07-30T12:27:49.432081+00:00,True,SRAGA-W3X4N6,,True,,Batch: Ruanasa Wellness (30 Jul 2026 - J8Q),,owner,global,,
33befaa6-3a7b-41b8-b8d2-3d61ecdfe6b2,Home Massage,,manual,flat,100000,,,2026-08-01,1.0,0,True,2026-05-19T07:01:28.444715+00:00,True,SRAGA-S9S3R2,,True,,Batch: Home Massage,,owner,global,,
4cafbd1d-a70f-4b44-805e-6260b5560bc4,Home Massage,,manual,flat,100000,,,2026-08-01,1.0,0,True,2026-05-19T07:01:28.444715+00:00,True,SRAGA-R2N3T8,,True,,Batch: Home Massage,,owner,global,,
b918027b-39a5-4508-a71c-01d502fe93ab,Voucher Relaksasi,"{""tagline"":""Apresiasi untuk tubuhmu yang sudah lelah beraktivitas hari ini. Voucher Relaksasi Rp20.000 dari SerenaRaga."",""terms1"":""Berlaku untuk layanan Home Service Massage di wilayah Yogyakarta (free transport max 10km)."",""terms2"":""Wajib melakukan reservasi maksimal H-1 sebelum kedatangan."",""terms3"":""Voucher tidak dapat diuangkan atau digabungkan dengan promo lainnya."",""voucher_type"":""discount""}",manual,flat,20000,,,2026-09-30,1.0,0,True,2026-07-30T12:27:49.432081+00:00,True,SRAGA-Z4S2Y9,,True,,Batch: Ruanasa Wellness (30 Jul 2026 - J8Q),,owner,global,,
a4a08733-a37d-4e28-a49c-9d45288e37e1,Voucher Relaksasi,"{""tagline"":""Apresiasi untuk tubuhmu yang sudah lelah beraktivitas hari ini. Voucher Relaksasi Rp20.000 dari SerenaRaga."",""terms1"":""Berlaku untuk layanan Home Service Massage di wilayah Yogyakarta (free transport max 10km)."",""terms2"":""Wajib melakukan reservasi maksimal H-1 sebelum kedatangan."",""terms3"":""Voucher tidak dapat diuangkan atau digabungkan dengan promo lainnya."",""voucher_type"":""discount""}",manual,flat,20000,,,2026-09-30,1.0,0,True,2026-07-30T12:27:49.432081+00:00,True,SRAGA-F7Z8S5,,True,,Batch: Ruanasa Wellness (30 Jul 2026 - J8Q),,owner,global,,
756b1687-4c8a-4260-bce2-83e8646c77b1,Voucher Relaksasi,"{""tagline"":""Apresiasi untuk tubuhmu yang sudah lelah beraktivitas hari ini. Voucher Relaksasi Rp20.000 dari SerenaRaga."",""terms1"":""Berlaku untuk layanan Home Service Massage di wilayah Yogyakarta (free transport max 10km)."",""terms2"":""Wajib melakukan reservasi maksimal H-1 sebelum kedatangan."",""terms3"":""Voucher tidak dapat diuangkan atau digabungkan dengan promo lainnya."",""voucher_type"":""discount""}",manual,flat,20000,,,2026-09-30,1.0,0,True,2026-07-30T12:27:49.432081+00:00,True,SRAGA-Z8Z7Q2,,True,,Batch: Ruanasa Wellness (30 Jul 2026 - J8Q),,owner,global,,
9f8b0d2e-d156-4f2d-8224-73ae122d6867,Voucher Relaksasi,"{""tagline"":""Apresiasi untuk tubuhmu yang sudah lelah beraktivitas hari ini. Voucher Relaksasi Rp20.000 dari SerenaRaga."",""terms1"":""Berlaku untuk layanan Home Service Massage di wilayah Yogyakarta (free transport max 10km)."",""terms2"":""Wajib melakukan reservasi maksimal H-1 sebelum kedatangan."",""terms3"":""Voucher tidak dapat diuangkan atau digabungkan dengan promo lainnya."",""voucher_type"":""discount""}",manual,flat,20000,,,2026-09-30,1.0,0,True,2026-07-30T12:27:49.432081+00:00,True,SRAGA-W5V5B4,,True,,Batch: Ruanasa Wellness (30 Jul 2026 - J8Q),,owner,global,,
1cbe94fd-8c9a-4c79-8002-79e09a3e0ce5,Voucher Relaksasi,"{""tagline"":""Apresiasi untuk tubuhmu yang sudah lelah beraktivitas hari ini. Voucher Relaksasi Rp20.000 dari SerenaRaga."",""terms1"":""Berlaku untuk layanan Home Service Massage di wilayah Yogyakarta (free transport max 10km)."",""terms2"":""Wajib melakukan reservasi maksimal H-1 sebelum kedatangan."",""terms3"":""Voucher tidak dapat diuangkan atau digabungkan dengan promo lainnya."",""voucher_type"":""discount""}",manual,flat,20000,,,2026-09-30,1.0,0,True,2026-07-30T12:27:49.432081+00:00,True,SRAGA-Q3W9W5,,True,,Batch: Ruanasa Wellness (30 Jul 2026 - J8Q),,owner,global,,
9e945193-3940-4e88-802a-5370cb84cc1e,Voucher Relaksasi,"{""tagline"":""Apresiasi untuk tubuhmu yang sudah lelah beraktivitas hari ini. Voucher Relaksasi Rp20.000 dari SerenaRaga."",""terms1"":""Berlaku untuk layanan Home Service Massage di wilayah Yogyakarta (free transport max 10km)."",""terms2"":""Wajib melakukan reservasi maksimal H-1 sebelum kedatangan."",""terms3"":""Voucher tidak dapat diuangkan atau digabungkan dengan promo lainnya."",""voucher_type"":""discount""}",manual,flat,20000,,,2026-09-30,1.0,0,True,2026-07-30T12:27:49.432081+00:00,True,SRAGA-M7L7X9,,True,,Batch: Ruanasa Wellness (30 Jul 2026 - J8Q),,owner,global,,
0098a96c-3d3e-4edf-98ee-09a9b0037afc,Voucher Relaksasi,"{""tagline"":""Apresiasi untuk tubuhmu yang sudah lelah beraktivitas hari ini. Voucher Relaksasi Rp20.000 dari SerenaRaga."",""terms1"":""Berlaku untuk layanan Home Service Massage di wilayah Yogyakarta (free transport max 10km)."",""terms2"":""Wajib melakukan reservasi maksimal H-1 sebelum kedatangan."",""terms3"":""Voucher tidak dapat diuangkan atau digabungkan dengan promo lainnya."",""voucher_type"":""discount""}",manual,flat,20000,,,2026-09-30,1.0,0,True,2026-07-30T12:27:49.432081+00:00,True,SRAGA-T6R9Y7,,True,,Batch: Ruanasa Wellness (30 Jul 2026 - J8Q),,owner,global,,
7107f3af-f648-4bb2-a8ad-0a8f92380747,Voucher Relaksasi,"{""tagline"":""Apresiasi untuk tubuhmu yang sudah lelah beraktivitas hari ini. Voucher Relaksasi Rp20.000 dari SerenaRaga."",""terms1"":""Berlaku untuk layanan Home Service Massage di wilayah Yogyakarta (free transport max 10km)."",""terms2"":""Wajib melakukan reservasi maksimal H-1 sebelum kedatangan."",""terms3"":""Voucher tidak dapat diuangkan atau digabungkan dengan promo lainnya."",""voucher_type"":""discount""}",manual,flat,20000,,,2026-09-30,1.0,0,True,2026-07-30T12:27:49.432081+00:00,True,SRAGA-V2F4R9,,True,,Batch: Ruanasa Wellness (30 Jul 2026 - J8Q),,owner,global,,
4a9d3122-0161-45d1-a0e7-d671625afb3b,Voucher Relaksasi,"{""tagline"":""Apresiasi untuk tubuhmu yang sudah lelah beraktivitas hari ini. Voucher Relaksasi Rp20.000 dari SerenaRaga."",""terms1"":""Berlaku untuk layanan Home Service Massage di wilayah Yogyakarta (free transport max 10km)."",""terms2"":""Wajib melakukan reservasi maksimal H-1 sebelum kedatangan."",""terms3"":""Voucher tidak dapat diuangkan atau digabungkan dengan promo lainnya."",""voucher_type"":""discount""}",manual,flat,20000,,,2026-09-30,1.0,0,True,2026-07-30T12:27:49.432081+00:00,True,SRAGA-X8P7K8,,True,,Batch: Ruanasa Wellness (30 Jul 2026 - J8Q),,owner,global,,
07dd20c7-3f98-4f6d-9662-64bc48d7b81c,Voucher Relaksasi,"{""tagline"":""Apresiasi untuk tubuhmu yang sudah lelah beraktivitas hari ini. Voucher Relaksasi Rp20.000 dari SerenaRaga."",""terms1"":""Berlaku untuk layanan Home Service Massage di wilayah Yogyakarta (free transport max 10km)."",""terms2"":""Wajib melakukan reservasi maksimal H-1 sebelum kedatangan."",""terms3"":""Voucher tidak dapat diuangkan atau digabungkan dengan promo lainnya."",""voucher_type"":""discount""}",manual,flat,20000,,,2026-09-30,1.0,0,True,2026-07-30T12:27:49.432081+00:00,True,SRAGA-P9A6V4,,True,,Batch: Ruanasa Wellness (30 Jul 2026 - J8Q),,owner,global,,
95b793c1-a833-456a-bb4c-1fcdc374099e,Voucher Relaksasi,"{""tagline"":""Apresiasi untuk tubuhmu yang sudah lelah beraktivitas hari ini. Voucher Relaksasi Rp20.000 dari SerenaRaga."",""terms1"":""Berlaku untuk layanan Home Service Massage di wilayah Yogyakarta (free transport max 10km)."",""terms2"":""Wajib melakukan reservasi maksimal H-1 sebelum kedatangan."",""terms3"":""Voucher tidak dapat diuangkan atau digabungkan dengan promo lainnya."",""voucher_type"":""discount""}",manual,flat,20000,,,2026-09-30,1.0,0,True,2026-07-30T12:27:49.432081+00:00,True,SRAGA-U7N5Z3,,True,,Batch: Ruanasa Wellness (30 Jul 2026 - J8Q),,owner,global,,
2d5d226e-9b64-43bd-8a26-81a5c55b6778,Voucher Relaksasi,"{""tagline"":""Apresiasi untuk tubuhmu yang sudah lelah beraktivitas hari ini. Voucher Relaksasi Rp20.000 dari SerenaRaga."",""terms1"":""Berlaku untuk layanan Home Service Massage di wilayah Yogyakarta (free transport max 10km)."",""terms2"":""Wajib melakukan reservasi maksimal H-1 sebelum kedatangan."",""terms3"":""Voucher tidak dapat diuangkan atau digabungkan dengan promo lainnya."",""voucher_type"":""discount""}",manual,flat,20000,,,2026-09-30,1.0,0,True,2026-07-30T12:27:49.432081+00:00,True,SRAGA-K2H2K2,,True,,Batch: Ruanasa Wellness (30 Jul 2026 - J8Q),,owner,global,,
9399d20c-914a-4c78-a31c-4c1e6002d62f,Voucher Relaksasi,"{""tagline"":""Apresiasi untuk tubuhmu yang sudah lelah beraktivitas hari ini. Voucher Relaksasi Rp20.000 dari SerenaRaga."",""terms1"":""Berlaku untuk layanan Home Service Massage di wilayah Yogyakarta (free transport max 10km)."",""terms2"":""Wajib melakukan reservasi maksimal H-1 sebelum kedatangan."",""terms3"":""Voucher tidak dapat diuangkan atau digabungkan dengan promo lainnya."",""voucher_type"":""discount""}",manual,flat,20000,,,2026-09-30,1.0,0,True,2026-07-30T12:27:49.432081+00:00,True,SRAGA-E5U3K2,,True,,Batch: Ruanasa Wellness (30 Jul 2026 - J8Q),,owner,global,,
a8bab8d2-eb12-4646-8c86-f59b09a18e7f,Home Massage,,manual,flat,100000,,,2026-08-01,1.0,0,True,2026-05-19T07:01:28.444715+00:00,True,SRAGA-M7F2S6,,True,,Batch: Home Massage,,owner,global,,
5b1c5e73-f4b9-418b-9c7f-dbe550cf621a,Home Massage,,manual,flat,100000,,,2026-08-01,1.0,0,True,2026-05-19T07:01:28.444715+00:00,True,SRAGA-T9W9B8,,True,,Batch: Home Massage,,owner,global,,
963f4158-1abb-441b-969f-c4726ba8f7f5,Voucher Relaksasi,"{""tagline"":""Apresiasi untuk tubuhmu yang sudah lelah beraktivitas hari ini. Voucher Relaksasi Rp20.000 dari SerenaRaga."",""terms1"":""Berlaku untuk layanan Home Service Massage di wilayah Yogyakarta (free transport max 10km)."",""terms2"":""Wajib melakukan reservasi maksimal H-1 sebelum kedatangan."",""terms3"":""Voucher tidak dapat diuangkan atau digabungkan dengan promo lainnya."",""voucher_type"":""discount""}",manual,flat,20000,,,2026-09-30,1.0,0,True,2026-07-30T12:27:49.432081+00:00,True,SRAGA-G5L6G7,,True,,Batch: Ruanasa Wellness (30 Jul 2026 - J8Q),,owner,global,,
24376c17-edc4-4921-b9ae-56adb88d4354,Voucher Relaksasi,"{""tagline"":""Apresiasi untuk tubuhmu yang sudah lelah beraktivitas hari ini. Voucher Relaksasi Rp20.000 dari SerenaRaga."",""terms1"":""Berlaku untuk layanan Home Service Massage di wilayah Yogyakarta (free transport max 10km)."",""terms2"":""Wajib melakukan reservasi maksimal H-1 sebelum kedatangan."",""terms3"":""Voucher tidak dapat diuangkan atau digabungkan dengan promo lainnya."",""voucher_type"":""discount""}",manual,flat,20000,,,2026-09-30,1.0,0,True,2026-07-30T12:27:49.432081+00:00,True,SRAGA-Z3V5M9,,True,,Batch: Ruanasa Wellness (30 Jul 2026 - J8Q),,owner,global,,
7fe92f6c-90c0-4d21-a116-5e97086c88c8,Voucher Relaksasi,"{""tagline"":""Apresiasi untuk tubuhmu yang sudah lelah beraktivitas hari ini. Voucher Relaksasi Rp20.000 dari SerenaRaga."",""terms1"":""Berlaku untuk layanan Home Service Massage di wilayah Yogyakarta (free transport max 10km)."",""terms2"":""Wajib melakukan reservasi maksimal H-1 sebelum kedatangan."",""terms3"":""Voucher tidak dapat diuangkan atau digabungkan dengan promo lainnya."",""voucher_type"":""discount""}",manual,flat,20000,,,2026-09-30,1.0,0,True,2026-07-30T12:27:49.432081+00:00,True,SRAGA-S8J7V9,,True,,Batch: Ruanasa Wellness (30 Jul 2026 - J8Q),,owner,global,,
e3a87f2d-cb0b-41ec-86af-02d67f535306,Voucher Relaksasi,"{""tagline"":""Apresiasi untuk tubuhmu yang sudah lelah beraktivitas hari ini. Voucher Relaksasi Rp20.000 dari SerenaRaga."",""terms1"":""Berlaku untuk layanan Home Service Massage di wilayah Yogyakarta (free transport max 10km)."",""terms2"":""Wajib melakukan reservasi maksimal H-1 sebelum kedatangan."",""terms3"":""Voucher tidak dapat diuangkan atau digabungkan dengan promo lainnya."",""voucher_type"":""discount""}",manual,flat,20000,,,2026-09-30,1.0,0,True,2026-07-30T12:27:49.432081+00:00,True,SRAGA-Z7X9L5,,True,,Batch: Ruanasa Wellness (30 Jul 2026 - J8Q),,owner,global,,
3063bc34-6404-4412-b584-c7a7379f65f9,Voucher Relaksasi,"{""tagline"":""Apresiasi untuk tubuhmu yang sudah lelah beraktivitas hari ini. Voucher Relaksasi Rp20.000 dari SerenaRaga."",""terms1"":""Berlaku untuk layanan Home Service Massage di wilayah Yogyakarta (free transport max 10km)."",""terms2"":""Wajib melakukan reservasi maksimal H-1 sebelum kedatangan."",""terms3"":""Voucher tidak dapat diuangkan atau digabungkan dengan promo lainnya."",""voucher_type"":""discount""}",manual,flat,20000,,,2026-09-30,1.0,0,True,2026-07-30T12:27:49.432081+00:00,True,SRAGA-B5E3Q2,,True,,Batch: Ruanasa Wellness (30 Jul 2026 - J8Q),,owner,global,,
ffb21288-7031-44db-80a2-db2166889c27,Voucher Relaksasi,"{""tagline"":""Apresiasi untuk tubuhmu yang sudah lelah beraktivitas hari ini. Voucher Relaksasi Rp20.000 dari SerenaRaga."",""terms1"":""Berlaku untuk layanan Home Service Massage di wilayah Yogyakarta (free transport max 10km)."",""terms2"":""Wajib melakukan reservasi maksimal H-1 sebelum kedatangan."",""terms3"":""Voucher tidak dapat diuangkan atau digabungkan dengan promo lainnya."",""voucher_type"":""discount""}",manual,flat,20000,,,2026-09-30,1.0,0,True,2026-07-30T12:27:49.432081+00:00,True,SRAGA-B9N3H6,,True,,Batch: Ruanasa Wellness (30 Jul 2026 - J8Q),,owner,global,,
6a4716bd-0c2b-4684-bbee-efa775dcf014,Voucher Relaksasi,"{""tagline"":""Apresiasi untuk tubuhmu yang sudah lelah beraktivitas hari ini. Voucher Relaksasi Rp20.000 dari SerenaRaga."",""terms1"":""Berlaku untuk layanan Home Service Massage di wilayah Yogyakarta (free transport max 10km)."",""terms2"":""Wajib melakukan reservasi maksimal H-1 sebelum kedatangan."",""terms3"":""Voucher tidak dapat diuangkan atau digabungkan dengan promo lainnya."",""voucher_type"":""discount""}",manual,flat,20000,,,2026-09-30,1.0,0,True,2026-07-30T12:27:49.432081+00:00,True,SRAGA-C6V2K7,,True,,Batch: Ruanasa Wellness (30 Jul 2026 - J8Q),,owner,global,,
135c21ee-a391-4650-9e0d-5e989ca166e0,Voucher Relaksasi,"{""tagline"":""Apresiasi untuk tubuhmu yang sudah lelah beraktivitas hari ini. Voucher Relaksasi Rp20.000 dari SerenaRaga."",""terms1"":""Berlaku untuk layanan Home Service Massage di wilayah Yogyakarta (free transport max 10km)."",""terms2"":""Wajib melakukan reservasi maksimal H-1 sebelum kedatangan."",""terms3"":""Voucher tidak dapat diuangkan atau digabungkan dengan promo lainnya."",""voucher_type"":""discount""}",manual,flat,20000,,,2026-09-30,1.0,0,True,2026-07-30T12:27:49.432081+00:00,True,SRAGA-W3F3B7,,True,,Batch: Ruanasa Wellness (30 Jul 2026 - J8Q),,owner,global,,
98fa51a9-b9a1-444d-b17c-41112fbfec7f,Voucher Relaksasi,"{""tagline"":""Apresiasi untuk tubuhmu yang sudah lelah beraktivitas hari ini. Voucher Relaksasi Rp20.000 dari SerenaRaga."",""terms1"":""Berlaku untuk layanan Home Service Massage di wilayah Yogyakarta (free transport max 10km)."",""terms2"":""Wajib melakukan reservasi maksimal H-1 sebelum kedatangan."",""terms3"":""Voucher tidak dapat diuangkan atau digabungkan dengan promo lainnya."",""voucher_type"":""discount""}",manual,flat,20000,,,2026-09-30,1.0,0,True,2026-07-30T12:27:49.432081+00:00,True,SRAGA-M4L4N2,,True,,Batch: Ruanasa Wellness (30 Jul 2026 - J8Q),,owner,global,,
f18ae1b1-4892-4872-b2e9-a73f39f1f285,Voucher Relaksasi,"{""tagline"":""Apresiasi untuk tubuhmu yang sudah lelah beraktivitas hari ini. Voucher Relaksasi Rp20.000 dari SerenaRaga."",""terms1"":""Berlaku untuk layanan Home Service Massage di wilayah Yogyakarta (free transport max 10km)."",""terms2"":""Wajib melakukan reservasi maksimal H-1 sebelum kedatangan."",""terms3"":""Voucher tidak dapat diuangkan atau digabungkan dengan promo lainnya."",""voucher_type"":""discount""}",manual,flat,20000,,,2026-09-30,1.0,0,True,2026-07-30T12:27:49.432081+00:00,True,SRAGA-X2V8E7,,True,,Batch: Ruanasa Wellness (30 Jul 2026 - J8Q),,owner,global,,
db2fa402-8f54-4dd4-87b5-6f09c3dd0b71,Voucher Relaksasi,"{""tagline"":""Apresiasi untuk tubuhmu yang sudah lelah beraktivitas hari ini. Voucher Relaksasi Rp20.000 dari SerenaRaga."",""terms1"":""Berlaku untuk layanan Home Service Massage di wilayah Yogyakarta (free transport max 10km)."",""terms2"":""Wajib melakukan reservasi maksimal H-1 sebelum kedatangan."",""terms3"":""Voucher tidak dapat diuangkan atau digabungkan dengan promo lainnya."",""voucher_type"":""discount""}",manual,flat,20000,,,2026-09-30,1.0,0,True,2026-07-30T12:27:49.432081+00:00,True,SRAGA-Y4T7M4,,True,,Batch: Ruanasa Wellness (30 Jul 2026 - J8Q),,owner,global,,
83ecbf09-ab1e-4b38-a661-b4a798c6fc4e,Voucher Relaksasi,"{""tagline"":""Apresiasi untuk tubuhmu yang sudah lelah beraktivitas hari ini. Voucher Relaksasi Rp20.000 dari SerenaRaga."",""terms1"":""Berlaku untuk layanan Home Service Massage di wilayah Yogyakarta (free transport max 10km)."",""terms2"":""Wajib melakukan reservasi maksimal H-1 sebelum kedatangan."",""terms3"":""Voucher tidak dapat diuangkan atau digabungkan dengan promo lainnya."",""voucher_type"":""discount""}",manual,flat,20000,,,2026-09-30,1.0,0,True,2026-07-30T12:27:49.432081+00:00,True,SRAGA-D3Y3F3,,True,,Batch: Ruanasa Wellness (30 Jul 2026 - J8Q),,owner,global,,
a6247198-22db-4759-8f8e-110b96bb9833,Voucher Relaksasi,"{""tagline"":""Apresiasi untuk tubuhmu yang sudah lelah beraktivitas hari ini. Voucher Relaksasi Rp20.000 dari SerenaRaga."",""terms1"":""Berlaku untuk layanan Home Service Massage di wilayah Yogyakarta (free transport max 10km)."",""terms2"":""Wajib melakukan reservasi maksimal H-1 sebelum kedatangan."",""terms3"":""Voucher tidak dapat diuangkan atau digabungkan dengan promo lainnya."",""voucher_type"":""discount""}",manual,flat,20000,,,2026-09-30,1.0,0,True,2026-07-30T12:27:49.432081+00:00,True,SRAGA-L3G2G7,,True,,Batch: Ruanasa Wellness (30 Jul 2026 - J8Q),,owner,global,,
1c5ad990-0559-42d0-adbd-22d21897ec93,Home Massage,,manual,flat,100000,,,2026-08-01,1.0,0,True,2026-05-19T07:01:28.444715+00:00,True,SRAGA-X3S3G5,,True,,Batch: Home Massage,,owner,global,,
655fcfb1-23cd-4925-ae50-664e201873d4,Home Massage,,manual,flat,100000,,,2026-08-01,1.0,0,True,2026-05-19T07:01:28.444715+00:00,True,SRAGA-E9B5T4,,True,,Batch: Home Massage,,owner,global,,
5750a636-ca51-457b-9295-6260a4b763f5,Voucher Relaksasi,"{""tagline"":""Apresiasi untuk tubuhmu yang sudah lelah beraktivitas hari ini. Voucher Relaksasi Rp20.000 dari SerenaRaga."",""terms1"":""Berlaku untuk layanan Home Service Massage di wilayah Yogyakarta (free transport max 10km)."",""terms2"":""Wajib melakukan reservasi maksimal H-1 sebelum kedatangan."",""terms3"":""Voucher tidak dapat diuangkan atau digabungkan dengan promo lainnya."",""voucher_type"":""discount""}",manual,flat,20000,,,2026-09-30,1.0,0,True,2026-07-30T12:27:49.432081+00:00,True,SRAGA-T4Y2D6,,True,,Batch: Ruanasa Wellness (30 Jul 2026 - J8Q),,owner,global,,
ebc3139d-b570-4042-9d15-ec32f420e37a,Voucher Relaksasi,"{""tagline"":""Apresiasi untuk tubuhmu yang sudah lelah beraktivitas hari ini. Voucher Relaksasi Rp20.000 dari SerenaRaga."",""terms1"":""Berlaku untuk layanan Home Service Massage di wilayah Yogyakarta (free transport max 10km)."",""terms2"":""Wajib melakukan reservasi maksimal H-1 sebelum kedatangan."",""terms3"":""Voucher tidak dapat diuangkan atau digabungkan dengan promo lainnya."",""voucher_type"":""discount""}",manual,flat,20000,,,2026-09-30,1.0,0,True,2026-07-30T12:27:49.432081+00:00,True,SRAGA-K9E4R3,,True,,Batch: Ruanasa Wellness (30 Jul 2026 - J8Q),,owner,global,,
92c03669-3dc1-4e0a-bde3-63d831a190b3,Voucher Relaksasi,"{""tagline"":""Apresiasi untuk tubuhmu yang sudah lelah beraktivitas hari ini. Voucher Relaksasi Rp20.000 dari SerenaRaga."",""terms1"":""Berlaku untuk layanan Home Service Massage di wilayah Yogyakarta (free transport max 10km)."",""terms2"":""Wajib melakukan reservasi maksimal H-1 sebelum kedatangan."",""terms3"":""Voucher tidak dapat diuangkan atau digabungkan dengan promo lainnya."",""voucher_type"":""discount""}",manual,flat,20000,,,2026-09-30,1.0,0,True,2026-07-30T12:27:49.432081+00:00,True,SRAGA-J5R8E8,,True,,Batch: Ruanasa Wellness (30 Jul 2026 - J8Q),,owner,global,,
6e206c34-9cb0-4e9f-a875-cbe25d167183,Voucher Relaksasi,"{""tagline"":""Apresiasi untuk tubuhmu yang sudah lelah beraktivitas hari ini. Voucher Relaksasi Rp20.000 dari SerenaRaga."",""terms1"":""Berlaku untuk layanan Home Service Massage di wilayah Yogyakarta (free transport max 10km)."",""terms2"":""Wajib melakukan reservasi maksimal H-1 sebelum kedatangan."",""terms3"":""Voucher tidak dapat diuangkan atau digabungkan dengan promo lainnya."",""voucher_type"":""discount""}",manual,flat,20000,,,2026-09-30,1.0,0,True,2026-07-30T12:27:49.432081+00:00,True,SRAGA-R6B7R5,,True,,Batch: Ruanasa Wellness (30 Jul 2026 - J8Q),,owner,global,,
b648d789-0428-4bfa-96ac-395ac5fb4346,Voucher Relaksasi,"{""tagline"":""Apresiasi untuk tubuhmu yang sudah lelah beraktivitas hari ini. Voucher Relaksasi Rp20.000 dari SerenaRaga."",""terms1"":""Berlaku untuk layanan Home Service Massage di wilayah Yogyakarta (free transport max 10km)."",""terms2"":""Wajib melakukan reservasi maksimal H-1 sebelum kedatangan."",""terms3"":""Voucher tidak dapat diuangkan atau digabungkan dengan promo lainnya."",""voucher_type"":""discount""}",manual,flat,20000,,,2026-09-30,1.0,0,True,2026-07-30T12:27:49.432081+00:00,True,SRAGA-N6L2P3,,True,,Batch: Ruanasa Wellness (30 Jul 2026 - J8Q),,owner,global,,
146a368a-8a61-476d-9513-0a2863ee15ac,Voucher Relaksasi,"{""tagline"":""Apresiasi untuk tubuhmu yang sudah lelah beraktivitas hari ini. Voucher Relaksasi Rp20.000 dari SerenaRaga."",""terms1"":""Berlaku untuk layanan Home Service Massage di wilayah Yogyakarta (free transport max 10km)."",""terms2"":""Wajib melakukan reservasi maksimal H-1 sebelum kedatangan."",""terms3"":""Voucher tidak dapat diuangkan atau digabungkan dengan promo lainnya."",""voucher_type"":""discount""}",manual,flat,20000,,,2026-09-30,1.0,0,True,2026-07-30T12:27:49.432081+00:00,True,SRAGA-Q7T3V2,,True,,Batch: Ruanasa Wellness (30 Jul 2026 - J8Q),,owner,global,,
e2ff776e-5ddd-4052-9614-18ee230d149c,Voucher Relaksasi,"{""tagline"":""Apresiasi untuk tubuhmu yang sudah lelah beraktivitas hari ini. Voucher Relaksasi Rp20.000 dari SerenaRaga."",""terms1"":""Berlaku untuk layanan Home Service Massage di wilayah Yogyakarta (free transport max 10km)."",""terms2"":""Wajib melakukan reservasi maksimal H-1 sebelum kedatangan."",""terms3"":""Voucher tidak dapat diuangkan atau digabungkan dengan promo lainnya."",""voucher_type"":""discount""}",manual,flat,20000,,,2026-09-30,1.0,0,True,2026-07-30T12:27:49.432081+00:00,True,SRAGA-B2W5Z4,,True,,Batch: Ruanasa Wellness (30 Jul 2026 - J8Q),,owner,global,,
2ea8f3b2-3f6a-473f-8b07-4662c35e0252,Voucher Relaksasi,"{""tagline"":""Apresiasi untuk tubuhmu yang sudah lelah beraktivitas hari ini. Voucher Relaksasi Rp20.000 dari SerenaRaga."",""terms1"":""Berlaku untuk layanan Home Service Massage di wilayah Yogyakarta (free transport max 10km)."",""terms2"":""Wajib melakukan reservasi maksimal H-1 sebelum kedatangan."",""terms3"":""Voucher tidak dapat diuangkan atau digabungkan dengan promo lainnya."",""voucher_type"":""discount""}",manual,flat,20000,,,2026-09-30,1.0,0,True,2026-07-30T12:27:49.432081+00:00,True,SRAGA-L3E4J3,,True,,Batch: Ruanasa Wellness (30 Jul 2026 - J8Q),,owner,global,,
8505b7ed-8f9e-4700-8fdd-b22c03649ee0,Voucher Relaksasi,"{""tagline"":""Apresiasi untuk tubuhmu yang sudah lelah beraktivitas hari ini. Voucher Relaksasi Rp20.000 dari SerenaRaga."",""terms1"":""Berlaku untuk layanan Home Service Massage di wilayah Yogyakarta (free transport max 10km)."",""terms2"":""Wajib melakukan reservasi maksimal H-1 sebelum kedatangan."",""terms3"":""Voucher tidak dapat diuangkan atau digabungkan dengan promo lainnya."",""voucher_type"":""discount""}",manual,flat,20000,,,2026-09-30,1.0,0,True,2026-07-30T12:27:49.432081+00:00,True,SRAGA-X2D9S8,,True,,Batch: Ruanasa Wellness (30 Jul 2026 - J8Q),,owner,global,,
f182c17c-0fc1-4bb8-8c88-afce4c0e9522,Voucher Relaksasi,"{""tagline"":""Apresiasi untuk tubuhmu yang sudah lelah beraktivitas hari ini. Voucher Relaksasi Rp20.000 dari SerenaRaga."",""terms1"":""Berlaku untuk layanan Home Service Massage di wilayah Yogyakarta (free transport max 10km)."",""terms2"":""Wajib melakukan reservasi maksimal H-1 sebelum kedatangan."",""terms3"":""Voucher tidak dapat diuangkan atau digabungkan dengan promo lainnya."",""voucher_type"":""discount""}",manual,flat,20000,,,2026-09-30,1.0,0,True,2026-07-30T12:27:49.432081+00:00,True,SRAGA-J6B6V6,,True,,Batch: Ruanasa Wellness (30 Jul 2026 - J8Q),,owner,global,,
3a8386c4-846c-457b-af34-17c4b2af35b5,Voucher Relaksasi,"{""tagline"":""Apresiasi untuk tubuhmu yang sudah lelah beraktivitas hari ini. Voucher Relaksasi Rp20.000 dari SerenaRaga."",""terms1"":""Berlaku untuk layanan Home Service Massage di wilayah Yogyakarta (free transport max 10km)."",""terms2"":""Wajib melakukan reservasi maksimal H-1 sebelum kedatangan."",""terms3"":""Voucher tidak dapat diuangkan atau digabungkan dengan promo lainnya."",""voucher_type"":""discount""}",manual,flat,20000,,,2026-09-30,1.0,0,True,2026-07-30T12:27:49.432081+00:00,True,SRAGA-Z5P6D6,,True,,Batch: Ruanasa Wellness (30 Jul 2026 - J8Q),,owner,global,,
fe61a984-aad5-462c-86a5-876cbba1cd48,Voucher Relaksasi,"{""tagline"":""Apresiasi untuk tubuhmu yang sudah lelah beraktivitas hari ini. Voucher Relaksasi Rp20.000 dari SerenaRaga."",""terms1"":""Berlaku untuk layanan Home Service Massage di wilayah Yogyakarta (free transport max 10km)."",""terms2"":""Wajib melakukan reservasi maksimal H-1 sebelum kedatangan."",""terms3"":""Voucher tidak dapat diuangkan atau digabungkan dengan promo lainnya."",""voucher_type"":""discount""}",manual,flat,20000,,,2026-09-30,1.0,0,True,2026-07-30T12:27:49.432081+00:00,True,SRAGA-U9S4N8,,True,,Batch: Ruanasa Wellness (30 Jul 2026 - J8Q),,owner,global,,
9540e29e-833f-4dca-b1e9-589c0575d18a,Voucher Relaksasi,"{""tagline"":""Apresiasi untuk tubuhmu yang sudah lelah beraktivitas hari ini. Voucher Relaksasi Rp20.000 dari SerenaRaga."",""terms1"":""Berlaku untuk layanan Home Service Massage di wilayah Yogyakarta (free transport max 10km)."",""terms2"":""Wajib melakukan reservasi maksimal H-1 sebelum kedatangan."",""terms3"":""Voucher tidak dapat diuangkan atau digabungkan dengan promo lainnya."",""voucher_type"":""discount""}",manual,flat,20000,,,2026-09-30,1.0,0,True,2026-07-30T12:27:49.432081+00:00,True,SRAGA-Q9S7J6,,True,,Batch: Ruanasa Wellness (30 Jul 2026 - J8Q),,owner,global,,
90f81c3f-f609-49da-b64b-dc30bba25a96,Home Massage,,manual,flat,100000,,,2026-08-01,1.0,0,True,2026-05-19T07:01:28.444715+00:00,True,SRAGA-V4U2E5,,True,,Batch: Home Massage,,owner,global,,
27c9e317-18d5-479c-bb35-f71455cc9d40,Home Massage,,manual,flat,100000,,,2026-08-01,1.0,0,True,2026-05-19T07:01:28.444715+00:00,True,SRAGA-F7D3Q9,,True,,Batch: Home Massage,,owner,global,,
93d13f2f-482f-4163-b637-0c97a320f389,Voucher Relaksasi,"{""tagline"":""Apresiasi untuk tubuhmu yang sudah lelah beraktivitas hari ini. Voucher Relaksasi Rp20.000 dari SerenaRaga."",""terms1"":""Berlaku untuk layanan Home Service Massage di wilayah Yogyakarta (free transport max 10km)."",""terms2"":""Wajib melakukan reservasi maksimal H-1 sebelum kedatangan."",""terms3"":""Voucher tidak dapat diuangkan atau digabungkan dengan promo lainnya."",""voucher_type"":""discount""}",manual,flat,20000,,,2026-09-30,1.0,0,True,2026-07-30T12:27:49.432081+00:00,True,SRAGA-D3K8G5,,True,,Batch: Ruanasa Wellness (30 Jul 2026 - J8Q),,owner,global,,
1ec1ef48-5899-421e-b1aa-e240c10bdc3c,Voucher Relaksasi,"{""tagline"":""Apresiasi untuk tubuhmu yang sudah lelah beraktivitas hari ini. Voucher Relaksasi Rp20.000 dari SerenaRaga."",""terms1"":""Berlaku untuk layanan Home Service Massage di wilayah Yogyakarta (free transport max 10km)."",""terms2"":""Wajib melakukan reservasi maksimal H-1 sebelum kedatangan."",""terms3"":""Voucher tidak dapat diuangkan atau digabungkan dengan promo lainnya."",""voucher_type"":""discount""}",manual,flat,20000,,,2026-09-30,1.0,0,True,2026-07-30T12:27:49.432081+00:00,True,SRAGA-C3Y3B3,,True,,Batch: Ruanasa Wellness (30 Jul 2026 - J8Q),,owner,global,,
79c5697d-5d3c-4fcf-ada9-c41b15eaa658,Voucher Relaksasi,"{""tagline"":""Apresiasi untuk tubuhmu yang sudah lelah beraktivitas hari ini. Voucher Relaksasi Rp20.000 dari SerenaRaga."",""terms1"":""Berlaku untuk layanan Home Service Massage di wilayah Yogyakarta (free transport max 10km)."",""terms2"":""Wajib melakukan reservasi maksimal H-1 sebelum kedatangan."",""terms3"":""Voucher tidak dapat diuangkan atau digabungkan dengan promo lainnya."",""voucher_type"":""discount""}",manual,flat,20000,,,2026-09-30,1.0,0,True,2026-07-30T12:27:49.432081+00:00,True,SRAGA-H9S2X9,,True,,Batch: Ruanasa Wellness (30 Jul 2026 - J8Q),,owner,global,,
666a3c9e-4cc4-40ca-b45b-87fe2dbc9e7e,Voucher Relaksasi,"{""tagline"":""Apresiasi untuk tubuhmu yang sudah lelah beraktivitas hari ini. Voucher Relaksasi Rp20.000 dari SerenaRaga."",""terms1"":""Berlaku untuk layanan Home Service Massage di wilayah Yogyakarta (free transport max 10km)."",""terms2"":""Wajib melakukan reservasi maksimal H-1 sebelum kedatangan."",""terms3"":""Voucher tidak dapat diuangkan atau digabungkan dengan promo lainnya."",""voucher_type"":""discount""}",manual,flat,20000,,,2026-09-30,1.0,0,True,2026-07-30T12:27:49.432081+00:00,True,SRAGA-G4C4U6,,True,,Batch: Ruanasa Wellness (30 Jul 2026 - J8Q),,owner,global,,
099950c8-4607-4b6b-bae3-5899a55ad86f,Voucher Relaksasi,"{""tagline"":""Apresiasi untuk tubuhmu yang sudah lelah beraktivitas hari ini. Voucher Relaksasi Rp20.000 dari SerenaRaga."",""terms1"":""Berlaku untuk layanan Home Service Massage di wilayah Yogyakarta (free transport max 10km)."",""terms2"":""Wajib melakukan reservasi maksimal H-1 sebelum kedatangan."",""terms3"":""Voucher tidak dapat diuangkan atau digabungkan dengan promo lainnya."",""voucher_type"":""discount""}",manual,flat,20000,,,2026-09-30,1.0,0,True,2026-07-30T12:27:49.432081+00:00,True,SRAGA-C3Q7N3,,True,,Batch: Ruanasa Wellness (30 Jul 2026 - J8Q),,owner,global,,
a87da626-9a81-4166-a8e2-33fbd9697511,Voucher Relaksasi,"{""tagline"":""Apresiasi untuk tubuhmu yang sudah lelah beraktivitas hari ini. Voucher Relaksasi Rp20.000 dari SerenaRaga."",""terms1"":""Berlaku untuk layanan Home Service Massage di wilayah Yogyakarta (free transport max 10km)."",""terms2"":""Wajib melakukan reservasi maksimal H-1 sebelum kedatangan."",""terms3"":""Voucher tidak dapat diuangkan atau digabungkan dengan promo lainnya."",""voucher_type"":""discount""}",manual,flat,20000,,,2026-09-30,1.0,0,True,2026-07-30T12:27:49.432081+00:00,True,SRAGA-C8M5H3,,True,,Batch: Ruanasa Wellness (30 Jul 2026 - J8Q),,owner,global,,
8eec36c2-42e8-413e-859d-73bec06c6737,Voucher Relaksasi,"{""tagline"":""Apresiasi untuk tubuhmu yang sudah lelah beraktivitas hari ini. Voucher Relaksasi Rp20.000 dari SerenaRaga."",""terms1"":""Berlaku untuk layanan Home Service Massage di wilayah Yogyakarta (free transport max 10km)."",""terms2"":""Wajib melakukan reservasi maksimal H-1 sebelum kedatangan."",""terms3"":""Voucher tidak dapat diuangkan atau digabungkan dengan promo lainnya."",""voucher_type"":""discount""}",manual,flat,20000,,,2026-09-30,1.0,0,True,2026-07-30T12:27:49.432081+00:00,True,SRAGA-Y5Z3Q9,,True,,Batch: Ruanasa Wellness (30 Jul 2026 - J8Q),,owner,global,,
d2852edb-9f09-4b20-823f-0ff2eb762dcd,Voucher Relaksasi,"{""tagline"":""Apresiasi untuk tubuhmu yang sudah lelah beraktivitas hari ini. Voucher Relaksasi Rp20.000 dari SerenaRaga."",""terms1"":""Berlaku untuk layanan Home Service Massage di wilayah Yogyakarta (free transport max 10km)."",""terms2"":""Wajib melakukan reservasi maksimal H-1 sebelum kedatangan."",""terms3"":""Voucher tidak dapat diuangkan atau digabungkan dengan promo lainnya."",""voucher_type"":""discount""}",manual,flat,20000,,,2026-09-30,1.0,0,True,2026-07-30T12:27:49.432081+00:00,True,SRAGA-K7P6B2,,True,,Batch: Ruanasa Wellness (30 Jul 2026 - J8Q),,owner,global,,
f9857d39-3406-44eb-9514-53d89d512951,Voucher Relaksasi,"{""tagline"":""Apresiasi untuk tubuhmu yang sudah lelah beraktivitas hari ini. Voucher Relaksasi Rp20.000 dari SerenaRaga."",""terms1"":""Berlaku untuk layanan Home Service Massage di wilayah Yogyakarta (free transport max 10km)."",""terms2"":""Wajib melakukan reservasi maksimal H-1 sebelum kedatangan."",""terms3"":""Voucher tidak dapat diuangkan atau digabungkan dengan promo lainnya."",""voucher_type"":""discount""}",manual,flat,20000,,,2026-09-30,1.0,0,True,2026-07-30T12:27:49.432081+00:00,True,SRAGA-E5W4V3,,True,,Batch: Ruanasa Wellness (30 Jul 2026 - J8Q),,owner,global,,
ab932368-9d95-4e35-a8af-3ffb7e12f603,Voucher Relaksasi,"{""tagline"":""Apresiasi untuk tubuhmu yang sudah lelah beraktivitas hari ini. Voucher Relaksasi Rp20.000 dari SerenaRaga."",""terms1"":""Berlaku untuk layanan Home Service Massage di wilayah Yogyakarta (free transport max 10km)."",""terms2"":""Wajib melakukan reservasi maksimal H-1 sebelum kedatangan."",""terms3"":""Voucher tidak dapat diuangkan atau digabungkan dengan promo lainnya."",""voucher_type"":""discount""}",manual,flat,20000,,,2026-09-30,1.0,0,True,2026-07-30T12:27:49.432081+00:00,True,SRAGA-Y9L5B6,,True,,Batch: Ruanasa Wellness (30 Jul 2026 - J8Q),,owner,global,,
9ad1a344-f6b4-44f7-8d8f-c8fb94b6314f,Voucher Relaksasi,"{""tagline"":""Apresiasi untuk tubuhmu yang sudah lelah beraktivitas hari ini. Voucher Relaksasi Rp20.000 dari SerenaRaga."",""terms1"":""Berlaku untuk layanan Home Service Massage di wilayah Yogyakarta (free transport max 10km)."",""terms2"":""Wajib melakukan reservasi maksimal H-1 sebelum kedatangan."",""terms3"":""Voucher tidak dapat diuangkan atau digabungkan dengan promo lainnya."",""voucher_type"":""discount""}",manual,flat,20000,,,2026-09-30,1.0,0,True,2026-07-30T12:27:49.432081+00:00,True,SRAGA-E2N8D5,,True,,Batch: Ruanasa Wellness (30 Jul 2026 - J8Q),,owner,global,,
377d4a47-ed2c-4a1f-ad10-3a7e58625e8e,Voucher Relaksasi,"{""tagline"":""Apresiasi untuk tubuhmu yang sudah lelah beraktivitas hari ini. Voucher Relaksasi Rp20.000 dari SerenaRaga."",""terms1"":""Berlaku untuk layanan Home Service Massage di wilayah Yogyakarta (free transport max 10km)."",""terms2"":""Wajib melakukan reservasi maksimal H-1 sebelum kedatangan."",""terms3"":""Voucher tidak dapat diuangkan atau digabungkan dengan promo lainnya."",""voucher_type"":""discount""}",manual,flat,20000,,,2026-09-30,1.0,0,True,2026-07-30T12:27:49.432081+00:00,True,SRAGA-C8A6T3,,True,,Batch: Ruanasa Wellness (30 Jul 2026 - J8Q),,owner,global,,
427e75c0-6f94-4c02-8bfb-fc5b029c2434,Home Massage,,manual,flat,100000,,,2026-08-01,1.0,0,True,2026-05-19T07:01:28.444715+00:00,True,SRAGA-L2Q7U6,,True,,Batch: Home Massage,,owner,global,,
3661378a-caf5-4074-97bd-7d13e371a18d,Home Massage,,manual,flat,100000,,,2026-08-01,1.0,0,True,2026-05-19T07:01:28.444715+00:00,True,SRAGA-J9L2Y7,,True,,Batch: Home Massage,,owner,global,,
7af3b89c-c488-476b-af06-598c11566d7b,Voucher Relaksasi,"{""tagline"":""Apresiasi untuk tubuhmu yang sudah lelah beraktivitas hari ini. Voucher Relaksasi Rp20.000 dari SerenaRaga."",""terms1"":""Berlaku untuk layanan Home Service Massage di wilayah Yogyakarta (free transport max 10km)."",""terms2"":""Wajib melakukan reservasi maksimal H-1 sebelum kedatangan."",""terms3"":""Voucher tidak dapat diuangkan atau digabungkan dengan promo lainnya."",""voucher_type"":""discount""}",manual,flat,20000,,,2026-09-30,1.0,0,True,2026-07-30T12:27:49.432081+00:00,True,SRAGA-G2A3E2,,True,,Batch: Ruanasa Wellness (30 Jul 2026 - J8Q),,owner,global,,
84ae6fed-5a0c-4ea3-878e-937fa3038685,Voucher Relaksasi,"{""tagline"":""Apresiasi untuk tubuhmu yang sudah lelah beraktivitas hari ini. Voucher Relaksasi Rp20.000 dari SerenaRaga."",""terms1"":""Berlaku untuk layanan Home Service Massage di wilayah Yogyakarta (free transport max 10km)."",""terms2"":""Wajib melakukan reservasi maksimal H-1 sebelum kedatangan."",""terms3"":""Voucher tidak dapat diuangkan atau digabungkan dengan promo lainnya."",""voucher_type"":""discount""}",manual,flat,20000,,,2026-09-30,1.0,0,True,2026-07-30T12:27:49.432081+00:00,True,SRAGA-R5Z3U6,,True,,Batch: Ruanasa Wellness (30 Jul 2026 - J8Q),,owner,global,,
56e12770-4c57-4cb8-97d1-d2411a22fe9a,Voucher Relaksasi,"{""tagline"":""Apresiasi untuk tubuhmu yang sudah lelah beraktivitas hari ini. Voucher Relaksasi Rp20.000 dari SerenaRaga."",""terms1"":""Berlaku untuk layanan Home Service Massage di wilayah Yogyakarta (free transport max 10km)."",""terms2"":""Wajib melakukan reservasi maksimal H-1 sebelum kedatangan."",""terms3"":""Voucher tidak dapat diuangkan atau digabungkan dengan promo lainnya."",""voucher_type"":""discount""}",manual,flat,20000,,,2026-09-30,1.0,0,True,2026-07-30T12:27:49.432081+00:00,True,SRAGA-M2J6F9,,True,,Batch: Ruanasa Wellness (30 Jul 2026 - J8Q),,owner,global,,
194bc16d-21f2-4a51-aac8-ac3d7c9a208f,Voucher Relaksasi,"{""tagline"":""Apresiasi untuk tubuhmu yang sudah lelah beraktivitas hari ini. Voucher Relaksasi Rp20.000 dari SerenaRaga."",""terms1"":""Berlaku untuk layanan Home Service Massage di wilayah Yogyakarta (free transport max 10km)."",""terms2"":""Wajib melakukan reservasi maksimal H-1 sebelum kedatangan."",""terms3"":""Voucher tidak dapat diuangkan atau digabungkan dengan promo lainnya."",""voucher_type"":""discount""}",manual,flat,20000,,,2026-09-30,1.0,0,True,2026-07-30T12:27:49.432081+00:00,True,SRAGA-T2L9V8,,True,,Batch: Ruanasa Wellness (30 Jul 2026 - J8Q),,owner,global,,
9787863b-e8ff-473b-8840-0e1c4ff55d87,Voucher Relaksasi,"{""tagline"":""Apresiasi untuk tubuhmu yang sudah lelah beraktivitas hari ini. Voucher Relaksasi Rp20.000 dari SerenaRaga."",""terms1"":""Berlaku untuk layanan Home Service Massage di wilayah Yogyakarta (free transport max 10km)."",""terms2"":""Wajib melakukan reservasi maksimal H-1 sebelum kedatangan."",""terms3"":""Voucher tidak dapat diuangkan atau digabungkan dengan promo lainnya."",""voucher_type"":""discount""}",manual,flat,20000,,,2026-09-30,1.0,0,True,2026-07-30T12:27:49.432081+00:00,True,SRAGA-H3K2M3,,True,,Batch: Ruanasa Wellness (30 Jul 2026 - J8Q),,owner,global,,
992e44d2-7d5c-43f8-b29b-74813221b2e1,Voucher Relaksasi,"{""tagline"":""Apresiasi untuk tubuhmu yang sudah lelah beraktivitas hari ini. Voucher Relaksasi Rp20.000 dari SerenaRaga."",""terms1"":""Berlaku untuk layanan Home Service Massage di wilayah Yogyakarta (free transport max 10km)."",""terms2"":""Wajib melakukan reservasi maksimal H-1 sebelum kedatangan."",""terms3"":""Voucher tidak dapat diuangkan atau digabungkan dengan promo lainnya."",""voucher_type"":""discount""}",manual,flat,20000,,,2026-09-30,1.0,0,True,2026-07-30T12:27:49.432081+00:00,True,SRAGA-V8V5D4,,True,,Batch: Ruanasa Wellness (30 Jul 2026 - J8Q),,owner,global,,
8d51ecf1-042a-479f-94eb-c270399c56af,Voucher Relaksasi,"{""tagline"":""Apresiasi untuk tubuhmu yang sudah lelah beraktivitas hari ini. Voucher Relaksasi Rp20.000 dari SerenaRaga."",""terms1"":""Berlaku untuk layanan Home Service Massage di wilayah Yogyakarta (free transport max 10km)."",""terms2"":""Wajib melakukan reservasi maksimal H-1 sebelum kedatangan."",""terms3"":""Voucher tidak dapat diuangkan atau digabungkan dengan promo lainnya."",""voucher_type"":""discount""}",manual,flat,20000,,,2026-09-30,1.0,0,True,2026-07-30T12:27:49.432081+00:00,True,SRAGA-J9D5X3,,True,,Batch: Ruanasa Wellness (30 Jul 2026 - J8Q),,owner,global,,
d326ce7b-8fd9-499f-87bf-39c57e293678,Voucher Relaksasi,"{""tagline"":""Apresiasi untuk tubuhmu yang sudah lelah beraktivitas hari ini. Voucher Relaksasi Rp20.000 dari SerenaRaga."",""terms1"":""Berlaku untuk layanan Home Service Massage di wilayah Yogyakarta (free transport max 10km)."",""terms2"":""Wajib melakukan reservasi maksimal H-1 sebelum kedatangan."",""terms3"":""Voucher tidak dapat diuangkan atau digabungkan dengan promo lainnya."",""voucher_type"":""discount""}",manual,flat,20000,,,2026-09-30,1.0,0,True,2026-07-30T12:27:49.432081+00:00,True,SRAGA-Y3N7R8,,True,,Batch: Ruanasa Wellness (30 Jul 2026 - J8Q),,owner,global,,
d69da5a4-be43-4f16-8ede-167fdf2c5e2e,Voucher Relaksasi,"{""tagline"":""Apresiasi untuk tubuhmu yang sudah lelah beraktivitas hari ini. Voucher Relaksasi Rp20.000 dari SerenaRaga."",""terms1"":""Berlaku untuk layanan Home Service Massage di wilayah Yogyakarta (free transport max 10km)."",""terms2"":""Wajib melakukan reservasi maksimal H-1 sebelum kedatangan."",""terms3"":""Voucher tidak dapat diuangkan atau digabungkan dengan promo lainnya."",""voucher_type"":""discount""}",manual,flat,20000,,,2026-09-30,1.0,0,True,2026-07-30T12:27:49.432081+00:00,True,SRAGA-G3X4W4,,True,,Batch: Ruanasa Wellness (30 Jul 2026 - J8Q),,owner,global,,
a08d5536-8d81-4474-b7ba-07af01c16a1a,Voucher Relaksasi,"{""tagline"":""Apresiasi untuk tubuhmu yang sudah lelah beraktivitas hari ini. Voucher Relaksasi Rp20.000 dari SerenaRaga."",""terms1"":""Berlaku untuk layanan Home Service Massage di wilayah Yogyakarta (free transport max 10km)."",""terms2"":""Wajib melakukan reservasi maksimal H-1 sebelum kedatangan."",""terms3"":""Voucher tidak dapat diuangkan atau digabungkan dengan promo lainnya."",""voucher_type"":""discount""}",manual,flat,20000,,,2026-09-30,1.0,0,True,2026-07-30T12:27:49.432081+00:00,True,SRAGA-Q6G3V4,,True,,Batch: Ruanasa Wellness (30 Jul 2026 - J8Q),,owner,global,,
89805efb-ff19-4266-9f3b-98a8f8c23429,Voucher Relaksasi,"{""tagline"":""Apresiasi untuk tubuhmu yang sudah lelah beraktivitas hari ini. Voucher Relaksasi Rp20.000 dari SerenaRaga."",""terms1"":""Berlaku untuk layanan Home Service Massage di wilayah Yogyakarta (free transport max 10km)."",""terms2"":""Wajib melakukan reservasi maksimal H-1 sebelum kedatangan."",""terms3"":""Voucher tidak dapat diuangkan atau digabungkan dengan promo lainnya."",""voucher_type"":""discount""}",manual,flat,20000,,,2026-09-30,1.0,0,True,2026-07-30T12:27:49.432081+00:00,True,SRAGA-N8M9H9,,True,,Batch: Ruanasa Wellness (30 Jul 2026 - J8Q),,owner,global,,
aafebcba-d7ad-4703-bda5-c2f0d5f72e23,Voucher Relaksasi,"{""tagline"":""Apresiasi untuk tubuhmu yang sudah lelah beraktivitas hari ini. Voucher Relaksasi Rp20.000 dari SerenaRaga."",""terms1"":""Berlaku untuk layanan Home Service Massage di wilayah Yogyakarta (free transport max 10km)."",""terms2"":""Wajib melakukan reservasi maksimal H-1 sebelum kedatangan."",""terms3"":""Voucher tidak dapat diuangkan atau digabungkan dengan promo lainnya."",""voucher_type"":""discount""}",manual,flat,20000,,,2026-09-30,1.0,0,True,2026-07-30T12:27:49.432081+00:00,True,SRAGA-P8R3F7,,True,,Batch: Ruanasa Wellness (30 Jul 2026 - J8Q),,owner,global,,
966ab5c1-aebc-49fa-bfd4-5554dd9555c6,Voucher Relaksasi,"{""tagline"":""Apresiasi untuk tubuhmu yang sudah lelah beraktivitas hari ini. Voucher Relaksasi Rp20.000 dari SerenaRaga."",""terms1"":""Berlaku untuk layanan Home Service Massage di wilayah Yogyakarta (free transport max 10km)."",""terms2"":""Wajib melakukan reservasi maksimal H-1 sebelum kedatangan."",""terms3"":""Voucher tidak dapat diuangkan atau digabungkan dengan promo lainnya."",""voucher_type"":""discount""}",manual,flat,20000,,,2026-09-30,1.0,0,True,2026-07-30T12:27:49.432081+00:00,True,SRAGA-V9S8L3,,True,,Batch: Ruanasa Wellness (30 Jul 2026 - J8Q),,owner,global,,
feb0585c-dcb1-49a7-93c8-57562ec3dbad,Home Massage,,manual,flat,100000,,,2026-08-01,1.0,0,True,2026-05-19T07:01:28.444715+00:00,True,SRAGA-M2Y7W3,,True,,Batch: Home Massage,,owner,global,,
a0a09917-80b6-4a8f-9a84-31b81fede8c4,Home Massage,,manual,flat,100000,,,2026-08-01,1.0,0,True,2026-05-19T07:01:28.444715+00:00,True,SRAGA-A7F5Y3,,True,,Batch: Home Massage,,owner,global,,
cae16ebc-cf71-4dfd-bb78-0060a438b2d1,Voucher Relaksasi,"{""tagline"":""Apresiasi untuk tubuhmu yang sudah lelah beraktivitas hari ini. Voucher Relaksasi Rp20.000 dari SerenaRaga."",""terms1"":""Berlaku untuk layanan Home Service Massage di wilayah Yogyakarta (free transport max 10km)."",""terms2"":""Wajib melakukan reservasi maksimal H-1 sebelum kedatangan."",""terms3"":""Voucher tidak dapat diuangkan atau digabungkan dengan promo lainnya."",""voucher_type"":""discount""}",manual,flat,20000,,,2026-09-30,1.0,0,True,2026-07-30T12:27:49.432081+00:00,True,SRAGA-X6M9N8,,True,,Batch: Ruanasa Wellness (30 Jul 2026 - J8Q),,owner,global,,
63b14579-4d86-4a50-b4e5-247244be9c13,Voucher Relaksasi,"{""tagline"":""Apresiasi untuk tubuhmu yang sudah lelah beraktivitas hari ini. Voucher Relaksasi Rp20.000 dari SerenaRaga."",""terms1"":""Berlaku untuk layanan Home Service Massage di wilayah Yogyakarta (free transport max 10km)."",""terms2"":""Wajib melakukan reservasi maksimal H-1 sebelum kedatangan."",""terms3"":""Voucher tidak dapat diuangkan atau digabungkan dengan promo lainnya."",""voucher_type"":""discount""}",manual,flat,20000,,,2026-09-30,1.0,0,True,2026-07-30T12:27:49.432081+00:00,True,SRAGA-N5A3U4,,True,,Batch: Ruanasa Wellness (30 Jul 2026 - J8Q),,owner,global,,
e9abefeb-df04-4fcf-9a65-2a8261d4ea3b,Voucher Relaksasi,"{""tagline"":""Apresiasi untuk tubuhmu yang sudah lelah beraktivitas hari ini. Voucher Relaksasi Rp20.000 dari SerenaRaga."",""terms1"":""Berlaku untuk layanan Home Service Massage di wilayah Yogyakarta (free transport max 10km)."",""terms2"":""Wajib melakukan reservasi maksimal H-1 sebelum kedatangan."",""terms3"":""Voucher tidak dapat diuangkan atau digabungkan dengan promo lainnya."",""voucher_type"":""discount""}",manual,flat,20000,,,2026-09-30,1.0,0,True,2026-07-30T12:27:49.432081+00:00,True,SRAGA-T4L7P2,,True,,Batch: Ruanasa Wellness (30 Jul 2026 - J8Q),,owner,global,,
43620035-56a2-4ef5-b630-13cb44a79797,Voucher Relaksasi,"{""tagline"":""Apresiasi untuk tubuhmu yang sudah lelah beraktivitas hari ini. Voucher Relaksasi Rp20.000 dari SerenaRaga."",""terms1"":""Berlaku untuk layanan Home Service Massage di wilayah Yogyakarta (free transport max 10km)."",""terms2"":""Wajib melakukan reservasi maksimal H-1 sebelum kedatangan."",""terms3"":""Voucher tidak dapat diuangkan atau digabungkan dengan promo lainnya."",""voucher_type"":""discount""}",manual,flat,20000,,,2026-09-30,1.0,0,True,2026-07-30T12:27:49.432081+00:00,True,SRAGA-F6E6L3,,True,,Batch: Ruanasa Wellness (30 Jul 2026 - J8Q),,owner,global,,
ded9ee24-9b8b-4849-8f59-eb6522433f67,Voucher Relaksasi,"{""tagline"":""Apresiasi untuk tubuhmu yang sudah lelah beraktivitas hari ini. Voucher Relaksasi Rp20.000 dari SerenaRaga."",""terms1"":""Berlaku untuk layanan Home Service Massage di wilayah Yogyakarta (free transport max 10km)."",""terms2"":""Wajib melakukan reservasi maksimal H-1 sebelum kedatangan."",""terms3"":""Voucher tidak dapat diuangkan atau digabungkan dengan promo lainnya."",""voucher_type"":""discount""}",manual,flat,20000,,,2026-09-30,1.0,0,True,2026-07-30T12:27:49.432081+00:00,True,SRAGA-K9S4W8,,True,,Batch: Ruanasa Wellness (30 Jul 2026 - J8Q),,owner,global,,
7d63c228-60dc-4c8c-b038-c1af40054d8b,Voucher Relaksasi,"{""tagline"":""Apresiasi untuk tubuhmu yang sudah lelah beraktivitas hari ini. Voucher Relaksasi Rp20.000 dari SerenaRaga."",""terms1"":""Berlaku untuk layanan Home Service Massage di wilayah Yogyakarta (free transport max 10km)."",""terms2"":""Wajib melakukan reservasi maksimal H-1 sebelum kedatangan."",""terms3"":""Voucher tidak dapat diuangkan atau digabungkan dengan promo lainnya."",""voucher_type"":""discount""}",manual,flat,20000,,,2026-09-30,1.0,0,True,2026-07-30T12:27:49.432081+00:00,True,SRAGA-E6S8U8,,True,,Batch: Ruanasa Wellness (30 Jul 2026 - J8Q),,owner,global,,
ee44f82e-1967-4592-83e8-272cffbb8254,Voucher Relaksasi,"{""tagline"":""Apresiasi untuk tubuhmu yang sudah lelah beraktivitas hari ini. Voucher Relaksasi Rp20.000 dari SerenaRaga."",""terms1"":""Berlaku untuk layanan Home Service Massage di wilayah Yogyakarta (free transport max 10km)."",""terms2"":""Wajib melakukan reservasi maksimal H-1 sebelum kedatangan."",""terms3"":""Voucher tidak dapat diuangkan atau digabungkan dengan promo lainnya."",""voucher_type"":""discount""}",manual,flat,20000,,,2026-09-30,1.0,0,True,2026-07-30T12:27:49.432081+00:00,True,SRAGA-Q2K7L6,,True,,Batch: Ruanasa Wellness (30 Jul 2026 - J8Q),,owner,global,,
57097f22-97e0-423c-917b-bf177505800f,Voucher Relaksasi,"{""tagline"":""Apresiasi untuk tubuhmu yang sudah lelah beraktivitas hari ini. Voucher Relaksasi Rp20.000 dari SerenaRaga."",""terms1"":""Berlaku untuk layanan Home Service Massage di wilayah Yogyakarta (free transport max 10km)."",""terms2"":""Wajib melakukan reservasi maksimal H-1 sebelum kedatangan."",""terms3"":""Voucher tidak dapat diuangkan atau digabungkan dengan promo lainnya."",""voucher_type"":""discount""}",manual,flat,20000,,,2026-09-30,1.0,0,True,2026-07-30T12:27:49.432081+00:00,True,SRAGA-A3B8A2,,True,,Batch: Ruanasa Wellness (30 Jul 2026 - J8Q),,owner,global,,
2aabe55e-297a-4af2-bd9f-3810784147bc,Voucher Relaksasi,"{""tagline"":""Apresiasi untuk tubuhmu yang sudah lelah beraktivitas hari ini. Voucher Relaksasi Rp20.000 dari SerenaRaga."",""terms1"":""Berlaku untuk layanan Home Service Massage di wilayah Yogyakarta (free transport max 10km)."",""terms2"":""Wajib melakukan reservasi maksimal H-1 sebelum kedatangan."",""terms3"":""Voucher tidak dapat diuangkan atau digabungkan dengan promo lainnya."",""voucher_type"":""discount""}",manual,flat,20000,,,2026-09-30,1.0,0,True,2026-07-30T12:27:49.432081+00:00,True,SRAGA-P6J8F3,,True,,Batch: Ruanasa Wellness (30 Jul 2026 - J8Q),,owner,global,,
ed2ff6ca-985f-4558-861a-29a79cf1f515,Voucher Relaksasi,"{""tagline"":""Apresiasi untuk tubuhmu yang sudah lelah beraktivitas hari ini. Voucher Relaksasi Rp20.000 dari SerenaRaga."",""terms1"":""Berlaku untuk layanan Home Service Massage di wilayah Yogyakarta (free transport max 10km)."",""terms2"":""Wajib melakukan reservasi maksimal H-1 sebelum kedatangan."",""terms3"":""Voucher tidak dapat diuangkan atau digabungkan dengan promo lainnya."",""voucher_type"":""discount""}",manual,flat,20000,,,2026-09-30,1.0,0,True,2026-07-30T12:27:49.432081+00:00,True,SRAGA-F4N6T9,,True,,Batch: Ruanasa Wellness (30 Jul 2026 - J8Q),,owner,global,,
15407a62-8860-4020-95d0-c9af434d5580,Voucher Relaksasi,"{""tagline"":""Apresiasi untuk tubuhmu yang sudah lelah beraktivitas hari ini. Voucher Relaksasi Rp20.000 dari SerenaRaga."",""terms1"":""Berlaku untuk layanan Home Service Massage di wilayah Yogyakarta (free transport max 10km)."",""terms2"":""Wajib melakukan reservasi maksimal H-1 sebelum kedatangan."",""terms3"":""Voucher tidak dapat diuangkan atau digabungkan dengan promo lainnya."",""voucher_type"":""discount""}",manual,flat,20000,,,2026-09-30,1.0,0,True,2026-07-30T12:27:49.432081+00:00,True,SRAGA-E5D7A3,,True,,Batch: Ruanasa Wellness (30 Jul 2026 - J8Q),,owner,global,,
bdb4aa99-03a0-4b3d-be29-75d3c086bd84,Voucher Relaksasi,"{""tagline"":""Apresiasi untuk tubuhmu yang sudah lelah beraktivitas hari ini. Voucher Relaksasi Rp20.000 dari SerenaRaga."",""terms1"":""Berlaku untuk layanan Home Service Massage di wilayah Yogyakarta (free transport max 10km)."",""terms2"":""Wajib melakukan reservasi maksimal H-1 sebelum kedatangan."",""terms3"":""Voucher tidak dapat diuangkan atau digabungkan dengan promo lainnya."",""voucher_type"":""discount""}",manual,flat,20000,,,2026-09-30,1.0,0,True,2026-07-30T12:27:49.432081+00:00,True,SRAGA-P6X2C7,,True,,Batch: Ruanasa Wellness (30 Jul 2026 - J8Q),,owner,global,,
e479047d-b7a2-41f5-bc17-5246fc67e1a8,Voucher Relaksasi,"{""tagline"":""Apresiasi untuk tubuhmu yang sudah lelah beraktivitas hari ini. Voucher Relaksasi Rp20.000 dari SerenaRaga."",""terms1"":""Berlaku untuk layanan Home Service Massage di wilayah Yogyakarta (free transport max 10km)."",""terms2"":""Wajib melakukan reservasi maksimal H-1 sebelum kedatangan."",""terms3"":""Voucher tidak dapat diuangkan atau digabungkan dengan promo lainnya."",""voucher_type"":""discount""}",manual,flat,20000,,,2026-09-30,1.0,0,True,2026-07-30T12:27:49.432081+00:00,True,SRAGA-D5Q2G5,,True,,Batch: Ruanasa Wellness (30 Jul 2026 - J8Q),,owner,global,,
c2e7e806-cdf0-4c7c-8c89-e20362da395f,Home Massage,,manual,flat,100000,,,2026-08-01,1.0,0,True,2026-05-19T07:01:28.444715+00:00,True,SRAGA-E7N8J9,,True,,Batch: Home Massage,,owner,global,,
7b377189-a19e-4b7c-bb77-984712af61a4,Home Massage,,manual,flat,100000,,,2026-08-01,1.0,0,True,2026-05-19T07:01:28.444715+00:00,True,SRAGA-G6M9R8,,True,,Batch: Home Massage,,owner,global,,
602df2c2-a356-4304-ae4f-fd161a5d2f48,Voucher Relaksasi,"{""tagline"":""Apresiasi untuk tubuhmu yang sudah lelah beraktivitas hari ini. Voucher Relaksasi Rp20.000 dari SerenaRaga."",""terms1"":""Berlaku untuk layanan Home Service Massage di wilayah Yogyakarta (free transport max 10km)."",""terms2"":""Wajib melakukan reservasi maksimal H-1 sebelum kedatangan."",""terms3"":""Voucher tidak dapat diuangkan atau digabungkan dengan promo lainnya."",""voucher_type"":""discount""}",manual,flat,20000,,,2026-09-30,1.0,0,True,2026-07-30T12:27:49.432081+00:00,True,SRAGA-X7N6G2,,True,,Batch: Ruanasa Wellness (30 Jul 2026 - J8Q),,owner,global,,
d151ed0f-4ec7-48fb-b159-290b817c6fd8,Voucher Relaksasi,"{""tagline"":""Apresiasi untuk tubuhmu yang sudah lelah beraktivitas hari ini. Voucher Relaksasi Rp20.000 dari SerenaRaga."",""terms1"":""Berlaku untuk layanan Home Service Massage di wilayah Yogyakarta (free transport max 10km)."",""terms2"":""Wajib melakukan reservasi maksimal H-1 sebelum kedatangan."",""terms3"":""Voucher tidak dapat diuangkan atau digabungkan dengan promo lainnya."",""voucher_type"":""discount""}",manual,flat,20000,,,2026-09-30,1.0,0,True,2026-07-30T12:27:49.432081+00:00,True,SRAGA-D9N3Q2,,True,,Batch: Ruanasa Wellness (30 Jul 2026 - J8Q),,owner,global,,
767e46b4-1fcc-4def-91b4-010af8bb8eeb,Voucher Relaksasi,"{""tagline"":""Apresiasi untuk tubuhmu yang sudah lelah beraktivitas hari ini. Voucher Relaksasi Rp20.000 dari SerenaRaga."",""terms1"":""Berlaku untuk layanan Home Service Massage di wilayah Yogyakarta (free transport max 10km)."",""terms2"":""Wajib melakukan reservasi maksimal H-1 sebelum kedatangan."",""terms3"":""Voucher tidak dapat diuangkan atau digabungkan dengan promo lainnya."",""voucher_type"":""discount""}",manual,flat,20000,,,2026-09-30,1.0,0,True,2026-07-30T12:27:49.432081+00:00,True,SRAGA-B8W9G8,,True,,Batch: Ruanasa Wellness (30 Jul 2026 - J8Q),,owner,global,,
3f42100f-32f1-4ee3-b62f-53885255ee2e,Voucher Relaksasi,"{""tagline"":""Apresiasi untuk tubuhmu yang sudah lelah beraktivitas hari ini. Voucher Relaksasi Rp20.000 dari SerenaRaga."",""terms1"":""Berlaku untuk layanan Home Service Massage di wilayah Yogyakarta (free transport max 10km)."",""terms2"":""Wajib melakukan reservasi maksimal H-1 sebelum kedatangan."",""terms3"":""Voucher tidak dapat diuangkan atau digabungkan dengan promo lainnya."",""voucher_type"":""discount""}",manual,flat,20000,,,2026-09-30,1.0,0,True,2026-07-30T12:27:49.432081+00:00,True,SRAGA-N5C7T2,,True,,Batch: Ruanasa Wellness (30 Jul 2026 - J8Q),,owner,global,,
08107c5a-a6e2-4eb2-9c40-40eb461dcc5b,Voucher Relaksasi,"{""tagline"":""Apresiasi untuk tubuhmu yang sudah lelah beraktivitas hari ini. Voucher Relaksasi Rp20.000 dari SerenaRaga."",""terms1"":""Berlaku untuk layanan Home Service Massage di wilayah Yogyakarta (free transport max 10km)."",""terms2"":""Wajib melakukan reservasi maksimal H-1 sebelum kedatangan."",""terms3"":""Voucher tidak dapat diuangkan atau digabungkan dengan promo lainnya."",""voucher_type"":""discount""}",manual,flat,20000,,,2026-09-30,1.0,0,True,2026-07-30T12:27:49.432081+00:00,True,SRAGA-B4G5W5,,True,,Batch: Ruanasa Wellness (30 Jul 2026 - J8Q),,owner,global,,
dce14a72-a818-46b7-b55c-1693ab72dc24,Voucher Relaksasi,"{""tagline"":""Apresiasi untuk tubuhmu yang sudah lelah beraktivitas hari ini. Voucher Relaksasi Rp20.000 dari SerenaRaga."",""terms1"":""Berlaku untuk layanan Home Service Massage di wilayah Yogyakarta (free transport max 10km)."",""terms2"":""Wajib melakukan reservasi maksimal H-1 sebelum kedatangan."",""terms3"":""Voucher tidak dapat diuangkan atau digabungkan dengan promo lainnya."",""voucher_type"":""discount""}",manual,flat,20000,,,2026-09-30,1.0,0,True,2026-07-30T12:27:49.432081+00:00,True,SRAGA-Q3R6Q7,,True,,Batch: Ruanasa Wellness (30 Jul 2026 - J8Q),,owner,global,,
81612a6c-18ce-48c3-a02c-c3feb3e6fa09,Voucher Relaksasi,"{""tagline"":""Apresiasi untuk tubuhmu yang sudah beraktivitas hari ini. Voucher Relaksasi Rp20.000 dari SerenaRaga."",""terms1"":""Berlaku untuk layanan Home Service Massage di wilayah Yogyakarta (free transport max 10km)."",""terms2"":""Wajib melakukan reservasi maksimal H-1 sebelum kedatangan."",""terms3"":""Voucher tidak dapat diuangkan atau digabungkan dengan promo lainnya."",""voucher_type"":""discount""}",manual,flat,20000,,,2026-10-01,1.0,0,True,2026-08-15T05:09:13.239705+00:00,True,SRAGA-Y5Z3Z2,,True,,Batch: voc 20rb tumbuh yoga space (15 Agu 2026 - W3H),,owner,global,,
6d601cf3-c957-4e62-a21b-bb0cd65f46d8,Voucher Relaksasi,"{""tagline"":""Apresiasi untuk tubuhmu yang sudah beraktivitas hari ini. Voucher Relaksasi Rp20.000 dari SerenaRaga."",""terms1"":""Berlaku untuk layanan Home Service Massage di wilayah Yogyakarta (free transport max 10km)."",""terms2"":""Wajib melakukan reservasi maksimal H-1 sebelum kedatangan."",""terms3"":""Voucher tidak dapat diuangkan atau digabungkan dengan promo lainnya."",""voucher_type"":""discount""}",manual,flat,20000,,,2026-10-01,1.0,0,True,2026-08-15T05:09:13.239705+00:00,True,SRAGA-G4D8U5,,True,,Batch: voc 20rb tumbuh yoga space (15 Agu 2026 - W3H),,owner,global,,
8e710eeb-567b-4ec2-bedc-25ec9c472eee,Voucher Relaksasi,"{""tagline"":""Apresiasi untuk tubuhmu yang sudah beraktivitas hari ini. Voucher Relaksasi Rp20.000 dari SerenaRaga."",""terms1"":""Berlaku untuk layanan Home Service Massage di wilayah Yogyakarta (free transport max 10km)."",""terms2"":""Wajib melakukan reservasi maksimal H-1 sebelum kedatangan."",""terms3"":""Voucher tidak dapat diuangkan atau digabungkan dengan promo lainnya."",""voucher_type"":""discount""}",manual,flat,20000,,,2026-10-01,1.0,0,True,2026-08-15T05:09:13.239705+00:00,True,SRAGA-Z3C9V9,,True,,Batch: voc 20rb tumbuh yoga space (15 Agu 2026 - W3H),,owner,global,,
8b84b1c2-e364-456b-bd96-fe5074b86135,Voucher Relaksasi,"{""tagline"":""Apresiasi untuk tubuhmu yang sudah beraktivitas hari ini. Voucher Relaksasi Rp20.000 dari SerenaRaga."",""terms1"":""Berlaku untuk layanan Home Service Massage di wilayah Yogyakarta (free transport max 10km)."",""terms2"":""Wajib melakukan reservasi maksimal H-1 sebelum kedatangan."",""terms3"":""Voucher tidak dapat diuangkan atau digabungkan dengan promo lainnya."",""voucher_type"":""discount""}",manual,flat,20000,,,2026-10-01,1.0,0,True,2026-08-15T05:09:13.239705+00:00,True,SRAGA-E6Z6H6,,True,,Batch: voc 20rb tumbuh yoga space (15 Agu 2026 - W3H),,owner,global,,
4560eca2-dd20-4766-ad27-825e1e473b15,Voucher Relaksasi,"{""tagline"":""Apresiasi untuk tubuhmu yang sudah beraktivitas hari ini. Voucher Relaksasi Rp20.000 dari SerenaRaga."",""terms1"":""Berlaku untuk layanan Home Service Massage di wilayah Yogyakarta (free transport max 10km)."",""terms2"":""Wajib melakukan reservasi maksimal H-1 sebelum kedatangan."",""terms3"":""Voucher tidak dapat diuangkan atau digabungkan dengan promo lainnya."",""voucher_type"":""discount""}",manual,flat,20000,,,2026-10-01,1.0,0,True,2026-08-15T05:09:13.239705+00:00,True,SRAGA-S6C6Z3,,True,,Batch: voc 20rb tumbuh yoga space (15 Agu 2026 - W3H),,owner,global,,
c3273555-870e-4b6a-a288-d11292836d52,Voucher Relaksasi,"{""tagline"":""Apresiasi untuk tubuhmu yang sudah beraktivitas hari ini. Voucher Relaksasi Rp20.000 dari SerenaRaga."",""terms1"":""Berlaku untuk layanan Home Service Massage di wilayah Yogyakarta (free transport max 10km)."",""terms2"":""Wajib melakukan reservasi maksimal H-1 sebelum kedatangan."",""terms3"":""Voucher tidak dapat diuangkan atau digabungkan dengan promo lainnya."",""voucher_type"":""discount""}",manual,flat,20000,,,2026-10-01,1.0,0,True,2026-08-15T05:09:13.239705+00:00,True,SRAGA-Y7N3S3,,True,,Batch: voc 20rb tumbuh yoga space (15 Agu 2026 - W3H),,owner,global,,
bbf547ff-ba2d-4dd1-9d60-137e66f59491,Voucher Relaksasi,"{""tagline"":""Apresiasi untuk tubuhmu yang sudah beraktivitas hari ini. Voucher Relaksasi Rp20.000 dari SerenaRaga."",""terms1"":""Berlaku untuk layanan Home Service Massage di wilayah Yogyakarta (free transport max 10km)."",""terms2"":""Wajib melakukan reservasi maksimal H-1 sebelum kedatangan."",""terms3"":""Voucher tidak dapat diuangkan atau digabungkan dengan promo lainnya."",""voucher_type"":""discount""}",manual,flat,20000,,,2026-10-01,1.0,0,True,2026-08-15T05:09:13.239705+00:00,True,SRAGA-Y8E4B3,,True,,Batch: voc 20rb tumbuh yoga space (15 Agu 2026 - W3H),,owner,global,,
1d24da1d-22d3-4f12-8e17-d565cbf5597f,Home Massage,,manual,flat,100000,,,2026-08-01,1.0,0,True,2026-05-19T07:01:28.444715+00:00,True,SRAGA-N9X8Z5,,True,,Batch: Home Massage,,owner,global,,
b31f350e-9286-485b-95ac-eb4ef6e7cd77,Home Massage,,manual,flat,100000,,,2026-08-01,1.0,0,True,2026-05-19T07:01:28.444715+00:00,True,SRAGA-R3F3R8,,True,,Batch: Home Massage,,owner,global,,
7a879519-4f95-49de-be6a-a5d169a7a728,Voucher Relaksasi,"{""tagline"":""Apresiasi untuk tubuhmu yang sudah beraktivitas hari ini. Voucher Relaksasi Rp20.000 dari SerenaRaga."",""terms1"":""Berlaku untuk layanan Home Service Massage di wilayah Yogyakarta (free transport max 10km)."",""terms2"":""Wajib melakukan reservasi maksimal H-1 sebelum kedatangan."",""terms3"":""Voucher tidak dapat diuangkan atau digabungkan dengan promo lainnya."",""voucher_type"":""discount""}",manual,flat,20000,,,2026-10-01,1.0,0,True,2026-08-15T05:09:13.239705+00:00,True,SRAGA-L9G9Z3,,True,,Batch: voc 20rb tumbuh yoga space (15 Agu 2026 - W3H),,owner,global,,
de88b2d5-a3af-424b-95d4-da139de4de08,Voucher Relaksasi,"{""tagline"":""Apresiasi untuk tubuhmu yang sudah lelah beraktivitas hari ini. Voucher Relaksasi Rp20.000 dari SerenaRaga."",""terms1"":""Berlaku untuk layanan Home Service Massage di wilayah Yogyakarta (free transport max 10km)."",""terms2"":""Wajib melakukan reservasi maksimal H-1 sebelum kedatangan."",""terms3"":""Voucher tidak dapat diuangkan atau digabungkan dengan promo lainnya."",""voucher_type"":""discount""}",manual,flat,20000,,,2026-09-30,1.0,1,True,2026-07-30T12:27:49.432081+00:00,True,SRAGA-R2M4U7,,True,,Batch: Ruanasa Wellness (30 Jul 2026 - J8Q),,owner,global,,
2b054759-6201-4c59-9a05-fb25d915c1d5,Voucher Relaksasi,"{""tagline"":""Apresiasi untuk tubuhmu yang sudah beraktivitas hari ini. Voucher Relaksasi Rp20.000 dari SerenaRaga."",""terms1"":""Berlaku untuk layanan Home Service Massage di wilayah Yogyakarta (free transport max 10km)."",""terms2"":""Wajib melakukan reservasi maksimal H-1 sebelum kedatangan."",""terms3"":""Voucher tidak dapat diuangkan atau digabungkan dengan promo lainnya."",""voucher_type"":""discount""}",manual,flat,20000,,,2026-10-01,1.0,0,True,2026-08-15T05:09:13.239705+00:00,True,SRAGA-G7Y9F8,,True,,Batch: voc 20rb tumbuh yoga space (15 Agu 2026 - W3H),,owner,global,,
b7d13d83-6839-45b2-bfc6-7c4bff5904c0,Voucher Relaksasi,"{""tagline"":""Apresiasi untuk tubuhmu yang sudah beraktivitas hari ini. Voucher Relaksasi Rp20.000 dari SerenaRaga."",""terms1"":""Berlaku untuk layanan Home Service Massage di wilayah Yogyakarta (free transport max 10km)."",""terms2"":""Wajib melakukan reservasi maksimal H-1 sebelum kedatangan."",""terms3"":""Voucher tidak dapat diuangkan atau digabungkan dengan promo lainnya."",""voucher_type"":""discount""}",manual,flat,20000,,,2026-10-01,1.0,0,True,2026-08-15T05:09:13.239705+00:00,True,SRAGA-X7P4V7,,True,,Batch: voc 20rb tumbuh yoga space (15 Agu 2026 - W3H),,owner,global,,
6c8fdaeb-fb90-40c7-9731-3e1ae8f20c7e,Voucher Relaksasi,"{""tagline"":""Apresiasi untuk tubuhmu yang sudah beraktivitas hari ini. Voucher Relaksasi Rp20.000 dari SerenaRaga."",""terms1"":""Berlaku untuk layanan Home Service Massage di wilayah Yogyakarta (free transport max 10km)."",""terms2"":""Wajib melakukan reservasi maksimal H-1 sebelum kedatangan."",""terms3"":""Voucher tidak dapat diuangkan atau digabungkan dengan promo lainnya."",""voucher_type"":""discount""}",manual,flat,20000,,,2026-10-01,1.0,0,True,2026-08-15T05:09:13.239705+00:00,True,SRAGA-N6M9S7,,True,,Batch: voc 20rb tumbuh yoga space (15 Agu 2026 - W3H),,owner,global,,
bb9fb33d-dd04-4f10-a4cd-22ab2ac81008,Voucher Relaksasi,"{""tagline"":""Apresiasi untuk tubuhmu yang sudah beraktivitas hari ini. Voucher Relaksasi Rp20.000 dari SerenaRaga."",""terms1"":""Berlaku untuk layanan Home Service Massage di wilayah Yogyakarta (free transport max 10km)."",""terms2"":""Wajib melakukan reservasi maksimal H-1 sebelum kedatangan."",""terms3"":""Voucher tidak dapat diuangkan atau digabungkan dengan promo lainnya."",""voucher_type"":""discount""}",manual,flat,20000,,,2026-10-01,1.0,0,True,2026-08-15T05:09:13.239705+00:00,True,SRAGA-M7K8S8,,True,,Batch: voc 20rb tumbuh yoga space (15 Agu 2026 - W3H),,owner,global,,
3d82365f-3d68-4a2a-8d0e-0840c89e31d0,Voucher Relaksasi,"{""tagline"":""Apresiasi untuk tubuhmu yang sudah beraktivitas hari ini. Voucher Relaksasi Rp20.000 dari SerenaRaga."",""terms1"":""Berlaku untuk layanan Home Service Massage di wilayah Yogyakarta (free transport max 10km)."",""terms2"":""Wajib melakukan reservasi maksimal H-1 sebelum kedatangan."",""terms3"":""Voucher tidak dapat diuangkan atau digabungkan dengan promo lainnya."",""voucher_type"":""discount""}",manual,flat,20000,,,2026-10-01,1.0,0,True,2026-08-15T05:09:13.239705+00:00,True,SRAGA-E3M9A3,,True,,Batch: voc 20rb tumbuh yoga space (15 Agu 2026 - W3H),,owner,global,,
3aa3bd75-a91f-4c47-80ee-038e8f1bd41a,Voucher Relaksasi,"{""tagline"":""Apresiasi untuk tubuhmu yang sudah beraktivitas hari ini. Voucher Relaksasi Rp20.000 dari SerenaRaga."",""terms1"":""Berlaku untuk layanan Home Service Massage di wilayah Yogyakarta (free transport max 10km)."",""terms2"":""Wajib melakukan reservasi maksimal H-1 sebelum kedatangan."",""terms3"":""Voucher tidak dapat diuangkan atau digabungkan dengan promo lainnya."",""voucher_type"":""discount""}",manual,flat,20000,,,2026-10-01,1.0,0,True,2026-08-15T05:09:13.239705+00:00,True,SRAGA-A9H6E2,,True,,Batch: voc 20rb tumbuh yoga space (15 Agu 2026 - W3H),,owner,global,,
31569b02-b03b-4100-af1e-f98248134ed4,Home Massage,,manual,flat,100000,,,2026-08-01,1.0,0,True,2026-05-19T07:01:28.444715+00:00,True,SRAGA-P5N8K5,,True,,Batch: Home Massage,,owner,global,,
4889a832-cc6f-4a5d-bc74-6c128f4abae9,Home Massage,,manual,flat,100000,,,2026-08-01,1.0,0,True,2026-05-19T07:01:28.444715+00:00,True,SRAGA-W4W9N7,,True,,Batch: Home Massage,,owner,global,,
abc760ca-5d37-476f-8eca-871c0ef86774,Diskon Kemerdekaan,Diskon Kemerdekaan,manual,flat,17000,,2026-08-11,2026-08-31,,0,True,2026-08-11T13:16:40.862162+00:00,False,,,False,,,,therapist,global,,
0f7bd9c6-46e9-4056-ae4d-2775379ad401,Voucher Relaksasi,"{""tagline"":""Apresiasi untuk tubuhmu yang sudah beraktivitas hari ini. Voucher Relaksasi Rp20.000 dari SerenaRaga."",""terms1"":""Berlaku untuk layanan Home Service Massage di wilayah Yogyakarta (free transport max 10km)."",""terms2"":""Wajib melakukan reservasi maksimal H-1 sebelum kedatangan."",""terms3"":""Voucher tidak dapat diuangkan atau digabungkan dengan promo lainnya."",""voucher_type"":""discount""}",manual,flat,20000,,,2026-10-01,1.0,0,True,2026-08-15T05:09:13.239705+00:00,True,SRAGA-A8X4K9,,True,,Batch: voc 20rb tumbuh yoga space (15 Agu 2026 - W3H),,owner,global,,
fe99851e-c2c3-49ce-a1d8-5561eead99c7,Voucher Relaksasi,"{""tagline"":""Apresiasi untuk tubuhmu yang sudah beraktivitas hari ini. Voucher Relaksasi Rp20.000 dari SerenaRaga."",""terms1"":""Berlaku untuk layanan Home Service Massage di wilayah Yogyakarta (free transport max 10km)."",""terms2"":""Wajib melakukan reservasi maksimal H-1 sebelum kedatangan."",""terms3"":""Voucher tidak dapat diuangkan atau digabungkan dengan promo lainnya."",""voucher_type"":""discount""}",manual,flat,20000,,,2026-10-01,1.0,0,True,2026-08-15T05:09:13.239705+00:00,True,SRAGA-B8W4P9,,True,,Batch: voc 20rb tumbuh yoga space (15 Agu 2026 - W3H),,owner,global,,
3d1f1cfc-1183-448b-aac9-5c51df068968,Voucher Relaksasi,"{""tagline"":""Apresiasi untuk tubuhmu yang sudah beraktivitas hari ini. Voucher Relaksasi Rp20.000 dari SerenaRaga."",""terms1"":""Berlaku untuk layanan Home Service Massage di wilayah Yogyakarta (free transport max 10km)."",""terms2"":""Wajib melakukan reservasi maksimal H-1 sebelum kedatangan."",""terms3"":""Voucher tidak dapat diuangkan atau digabungkan dengan promo lainnya."",""voucher_type"":""discount""}",manual,flat,20000,,,2026-10-01,1.0,0,True,2026-08-15T05:09:13.239705+00:00,True,SRAGA-Z5D6X7,,True,,Batch: voc 20rb tumbuh yoga space (15 Agu 2026 - W3H),,owner,global,,
ce671015-c717-4927-b09e-90bc57e8dc08,Voucher Relaksasi,"{""tagline"":""Apresiasi untuk tubuhmu yang sudah beraktivitas hari ini. Voucher Relaksasi Rp20.000 dari SerenaRaga."",""terms1"":""Berlaku untuk layanan Home Service Massage di wilayah Yogyakarta (free transport max 10km)."",""terms2"":""Wajib melakukan reservasi maksimal H-1 sebelum kedatangan."",""terms3"":""Voucher tidak dapat diuangkan atau digabungkan dengan promo lainnya."",""voucher_type"":""discount""}",manual,flat,20000,,,2026-10-01,1.0,0,True,2026-08-15T05:09:13.239705+00:00,True,SRAGA-D8W9X4,,True,,Batch: voc 20rb tumbuh yoga space (15 Agu 2026 - W3H),,owner,global,,
4f73ffd0-999f-4151-bbc5-482799a885ac,Voucher Relaksasi,"{""tagline"":""Apresiasi untuk tubuhmu yang sudah beraktivitas hari ini. Voucher Relaksasi Rp20.000 dari SerenaRaga."",""terms1"":""Berlaku untuk layanan Home Service Massage di wilayah Yogyakarta (free transport max 10km)."",""terms2"":""Wajib melakukan reservasi maksimal H-1 sebelum kedatangan."",""terms3"":""Voucher tidak dapat diuangkan atau digabungkan dengan promo lainnya."",""voucher_type"":""discount""}",manual,flat,20000,,,2026-10-01,1.0,0,True,2026-08-15T05:09:13.239705+00:00,True,SRAGA-G5J7L5,,True,,Batch: voc 20rb tumbuh yoga space (15 Agu 2026 - W3H),,owner,global,,
c6ad2f74-ff16-4312-a2df-975fafc8b2cf,Voucher Relaksasi,"{""tagline"":""Apresiasi untuk tubuhmu yang sudah beraktivitas hari ini. Voucher Relaksasi Rp20.000 dari SerenaRaga."",""terms1"":""Berlaku untuk layanan Home Service Massage di wilayah Yogyakarta (free transport max 10km)."",""terms2"":""Wajib melakukan reservasi maksimal H-1 sebelum kedatangan."",""terms3"":""Voucher tidak dapat diuangkan atau digabungkan dengan promo lainnya."",""voucher_type"":""discount""}",manual,flat,20000,,,2026-10-01,1.0,0,True,2026-08-15T05:09:13.239705+00:00,True,SRAGA-U4C7J5,,True,,Batch: voc 20rb tumbuh yoga space (15 Agu 2026 - W3H),,owner,global,,
6b51fd3c-ff1a-48b6-941a-0c7eaab11f9f,Voucher Relaksasi,"{""tagline"":""Apresiasi untuk tubuhmu yang sudah beraktivitas hari ini. Voucher Relaksasi Rp20.000 dari SerenaRaga."",""terms1"":""Berlaku untuk layanan Home Service Massage di wilayah Yogyakarta (free transport max 10km)."",""terms2"":""Wajib melakukan reservasi maksimal H-1 sebelum kedatangan."",""terms3"":""Voucher tidak dapat diuangkan atau digabungkan dengan promo lainnya."",""voucher_type"":""discount""}",manual,flat,20000,,,2026-10-01,1.0,0,True,2026-08-15T05:09:13.239705+00:00,True,SRAGA-Y7E9B9,,True,,Batch: voc 20rb tumbuh yoga space (15 Agu 2026 - W3H),,owner,global,,
ec1f33cc-c953-443c-966a-cfeb53b40c30,Voucher Relaksasi,"{""tagline"":""Apresiasi untuk tubuhmu yang sudah beraktivitas hari ini. Voucher Relaksasi Rp20.000 dari SerenaRaga."",""terms1"":""Berlaku untuk layanan Home Service Massage di wilayah Yogyakarta (free transport max 10km)."",""terms2"":""Wajib melakukan reservasi maksimal H-1 sebelum kedatangan."",""terms3"":""Voucher tidak dapat diuangkan atau digabungkan dengan promo lainnya."",""voucher_type"":""discount""}",manual,flat,20000,,,2026-10-01,1.0,0,True,2026-08-15T05:09:13.239705+00:00,True,SRAGA-W3K6B2,,True,,Batch: voc 20rb tumbuh yoga space (15 Agu 2026 - W3H),,owner,global,,
3ec74d54-f050-4167-bb59-f45506a5aab6,Voucher Relaksasi,"{""tagline"":""Apresiasi untuk tubuhmu yang sudah beraktivitas hari ini. Voucher Relaksasi Rp20.000 dari SerenaRaga."",""terms1"":""Berlaku untuk layanan Home Service Massage di wilayah Yogyakarta (free transport max 10km)."",""terms2"":""Wajib melakukan reservasi maksimal H-1 sebelum kedatangan."",""terms3"":""Voucher tidak dapat diuangkan atau digabungkan dengan promo lainnya."",""voucher_type"":""discount""}",manual,flat,20000,,,2026-10-01,1.0,0,True,2026-08-15T05:09:13.239705+00:00,True,SRAGA-H6Z7S4,,True,,Batch: voc 20rb tumbuh yoga space (15 Agu 2026 - W3H),,owner,global,,
e42415f0-4854-44b7-b1dc-a499a6108057,Voucher Relaksasi,"{""tagline"":""Apresiasi untuk tubuhmu yang sudah beraktivitas hari ini. Voucher Relaksasi Rp20.000 dari SerenaRaga."",""terms1"":""Berlaku untuk layanan Home Service Massage di wilayah Yogyakarta (free transport max 10km)."",""terms2"":""Wajib melakukan reservasi maksimal H-1 sebelum kedatangan."",""terms3"":""Voucher tidak dapat diuangkan atau digabungkan dengan promo lainnya."",""voucher_type"":""discount""}",manual,flat,20000,,,2026-10-01,1.0,0,True,2026-08-15T05:09:13.239705+00:00,True,SRAGA-D9T6R3,,True,,Batch: voc 20rb tumbuh yoga space (15 Agu 2026 - W3H),,owner,global,,
10788781-7bf5-4e99-94f9-473941916381,Home Massage,,manual,flat,100000,,,2026-08-01,1.0,0,True,2026-05-19T07:01:28.444715+00:00,True,SRAGA-T9L4V6,,True,,Batch: Home Massage,,owner,global,,
19cc0fad-9248-44ef-b8bd-7305528962b9,Home Massage,,manual,flat,100000,,,2026-08-01,1.0,0,True,2026-05-19T07:01:28.444715+00:00,True,SRAGA-W2Y7V6,,True,,Batch: Home Massage,,owner,global,,
fe61f287-dd7a-4147-a7eb-dad5a3c9f2a0,Home Massage,,manual,flat,100000,,,2026-08-01,1.0,0,True,2026-05-19T07:01:28.444715+00:00,True,SRAGA-C7E6H3,,True,,Batch: Home Massage,,owner,global,,
8402860e-36f8-4b63-a502-7a82bb5cac2f,Voucher Relaksasi,"{""tagline"":""Apresiasi untuk tubuhmu yang sudah beraktivitas hari ini. Voucher Relaksasi Rp20.000 dari SerenaRaga."",""terms1"":""Berlaku untuk layanan Home Service Massage di wilayah Yogyakarta (free transport max 10km)."",""terms2"":""Wajib melakukan reservasi maksimal H-1 sebelum kedatangan."",""terms3"":""Voucher tidak dapat diuangkan atau digabungkan dengan promo lainnya."",""voucher_type"":""discount""}",manual,flat,20000,,,2026-10-01,1.0,0,True,2026-08-15T05:09:13.239705+00:00,True,SRAGA-H2G5K7,,True,,Batch: voc 20rb tumbuh yoga space (15 Agu 2026 - W3H),,owner,global,,
9ba0dd79-ce62-4afa-bc32-d1322871fa6d,Voucher Relaksasi,"{""tagline"":""Apresiasi untuk tubuhmu yang sudah lelah beraktivitas hari ini. Voucher relaksasi diskon 15% dari SerenaRaga."",""terms1"":""Berlaku untuk layanan Home Service Massage di wilayah Yogyakarta (free transport max 10km)."",""terms2"":""Wajib melakukan reservasi maksimal H-1 sebelum kedatangan."",""terms3"":""Voucher tidak dapat diuangkan atau digabungkan dengan promo lainnya."",""voucher_type"":""discount""}",manual,percentage,15,,,2026-10-01,1.0,0,True,2026-08-13T11:41:51.958504+00:00,True,SRAGA-Q4C4U6,,True,,Batch: voucher 15% (13 Agu 2026 - Y8Y),,owner,global,,
5d1185d5-7def-4077-a012-49d3a2d9b72d,Voucher Relaksasi,"{""tagline"":""Apresiasi untuk tubuhmu yang sudah lelah beraktivitas hari ini. Voucher relaksasi diskon 15% dari SerenaRaga."",""terms1"":""Berlaku untuk layanan Home Service Massage di wilayah Yogyakarta (free transport max 10km)."",""terms2"":""Wajib melakukan reservasi maksimal H-1 sebelum kedatangan."",""terms3"":""Voucher tidak dapat diuangkan atau digabungkan dengan promo lainnya."",""voucher_type"":""discount""}",manual,percentage,15,,,2026-10-01,1.0,0,True,2026-08-13T11:41:51.958504+00:00,True,SRAGA-N7K5G7,,True,,Batch: voucher 15% (13 Agu 2026 - Y8Y),,owner,global,,
f0c73f09-9561-49f1-9355-070907517272,Voucher Relaksasi,"{""tagline"":""Apresiasi untuk tubuhmu yang sudah lelah beraktivitas hari ini. Voucher relaksasi diskon 15% dari SerenaRaga."",""terms1"":""Berlaku untuk layanan Home Service Massage di wilayah Yogyakarta (free transport max 10km)."",""terms2"":""Wajib melakukan reservasi maksimal H-1 sebelum kedatangan."",""terms3"":""Voucher tidak dapat diuangkan atau digabungkan dengan promo lainnya."",""voucher_type"":""discount""}",manual,percentage,15,,,2026-10-01,1.0,0,True,2026-08-13T11:41:51.958504+00:00,True,SRAGA-F7V6D5,,True,,Batch: voucher 15% (13 Agu 2026 - Y8Y),,owner,global,,
aba8d875-92cb-4310-9aff-eb90a49992bd,Voucher Relaksasi,"{""tagline"":""Apresiasi untuk tubuhmu yang sudah lelah beraktivitas hari ini. Voucher relaksasi diskon 15% dari SerenaRaga."",""terms1"":""Berlaku untuk layanan Home Service Massage di wilayah Yogyakarta (free transport max 10km)."",""terms2"":""Wajib melakukan reservasi maksimal H-1 sebelum kedatangan."",""terms3"":""Voucher tidak dapat diuangkan atau digabungkan dengan promo lainnya."",""voucher_type"":""discount""}",manual,percentage,15,,,2026-10-01,1.0,0,True,2026-08-13T11:41:51.958504+00:00,True,SRAGA-R3J9H8,,True,,Batch: voucher 15% (13 Agu 2026 - Y8Y),,owner,global,,
ed786b16-9f48-4a71-834f-1ad4ef98988f,Voucher Relaksasi,"{""tagline"":""Apresiasi untuk tubuhmu yang sudah lelah beraktivitas hari ini. Voucher relaksasi diskon 15% dari SerenaRaga."",""terms1"":""Berlaku untuk layanan Home Service Massage di wilayah Yogyakarta (free transport max 10km)."",""terms2"":""Wajib melakukan reservasi maksimal H-1 sebelum kedatangan."",""terms3"":""Voucher tidak dapat diuangkan atau digabungkan dengan promo lainnya."",""voucher_type"":""discount""}",manual,percentage,15,,,2026-10-01,1.0,0,True,2026-08-13T11:41:51.958504+00:00,True,SRAGA-C6P5V2,,True,,Batch: voucher 15% (13 Agu 2026 - Y8Y),,owner,global,,
a06081e9-7e9d-48b8-aa86-f93f991bde6a,Voucher Relaksasi,"{""tagline"":""Apresiasi untuk tubuhmu yang sudah lelah beraktivitas hari ini. Voucher relaksasi diskon 15% dari SerenaRaga."",""terms1"":""Berlaku untuk layanan Home Service Massage di wilayah Yogyakarta (free transport max 10km)."",""terms2"":""Wajib melakukan reservasi maksimal H-1 sebelum kedatangan."",""terms3"":""Voucher tidak dapat diuangkan atau digabungkan dengan promo lainnya."",""voucher_type"":""discount""}",manual,percentage,15,,,2026-10-01,1.0,0,True,2026-08-13T11:41:51.958504+00:00,True,SRAGA-M9Q7B8,,True,,Batch: voucher 15% (13 Agu 2026 - Y8Y),,owner,global,,
dbdfa0f4-4555-4617-ab88-e9ba8d85046a,Voucher Relaksasi,"{""tagline"":""Apresiasi untuk tubuhmu yang sudah lelah beraktivitas hari ini. Voucher relaksasi diskon 15% dari SerenaRaga."",""terms1"":""Berlaku untuk layanan Home Service Massage di wilayah Yogyakarta (free transport max 10km)."",""terms2"":""Wajib melakukan reservasi maksimal H-1 sebelum kedatangan."",""terms3"":""Voucher tidak dapat diuangkan atau digabungkan dengan promo lainnya."",""voucher_type"":""discount""}",manual,percentage,15,,,2026-10-01,1.0,0,True,2026-08-13T11:41:51.958504+00:00,True,SRAGA-X9P9U7,,True,,Batch: voucher 15% (13 Agu 2026 - Y8Y),,owner,global,,
eff216a3-c357-403e-aba0-1887dd45e5ef,Voucher Relaksasi,"{""tagline"":""Apresiasi untuk tubuhmu yang sudah lelah beraktivitas hari ini. Voucher relaksasi diskon 15% dari SerenaRaga."",""terms1"":""Berlaku untuk layanan Home Service Massage di wilayah Yogyakarta (free transport max 10km)."",""terms2"":""Wajib melakukan reservasi maksimal H-1 sebelum kedatangan."",""terms3"":""Voucher tidak dapat diuangkan atau digabungkan dengan promo lainnya."",""voucher_type"":""discount""}",manual,percentage,15,,,2026-10-01,1.0,0,True,2026-08-13T11:41:51.958504+00:00,True,SRAGA-C3F9E4,,True,,Batch: voucher 15% (13 Agu 2026 - Y8Y),,owner,global,,
e2454c3b-00b0-4d77-9c8f-cdf88989f4bd,Voucher Relaksasi,"{""tagline"":""Apresiasi untuk tubuhmu yang sudah lelah beraktivitas hari ini. Voucher relaksasi diskon 15% dari SerenaRaga."",""terms1"":""Berlaku untuk layanan Home Service Massage di wilayah Yogyakarta (free transport max 10km)."",""terms2"":""Wajib melakukan reservasi maksimal H-1 sebelum kedatangan."",""terms3"":""Voucher tidak dapat diuangkan atau digabungkan dengan promo lainnya."",""voucher_type"":""discount""}",manual,percentage,15,,,2026-10-01,1.0,0,True,2026-08-13T11:41:51.958504+00:00,True,SRAGA-K4K6H8,,True,,Batch: voucher 15% (13 Agu 2026 - Y8Y),,owner,global,,
54b68b53-3938-4aea-8a4b-02e0fa188088,Voucher Relaksasi,"{""tagline"":""Apresiasi untuk tubuhmu yang sudah lelah beraktivitas hari ini. Voucher relaksasi diskon 15% dari SerenaRaga."",""terms1"":""Berlaku untuk layanan Home Service Massage di wilayah Yogyakarta (free transport max 10km)."",""terms2"":""Wajib melakukan reservasi maksimal H-1 sebelum kedatangan."",""terms3"":""Voucher tidak dapat diuangkan atau digabungkan dengan promo lainnya."",""voucher_type"":""discount""}",manual,percentage,15,,,2026-10-01,1.0,0,True,2026-08-13T11:41:51.958504+00:00,True,SRAGA-M3J9K6,,True,,Batch: voucher 15% (13 Agu 2026 - Y8Y),,owner,global,,
9346d5c8-0d75-4b38-94f5-06e2c1c58ca7,Voucher Relaksasi,"{""tagline"":""Apresiasi untuk tubuhmu yang sudah lelah beraktivitas hari ini. Voucher relaksasi diskon 15% dari SerenaRaga."",""terms1"":""Berlaku untuk layanan Home Service Massage di wilayah Yogyakarta (free transport max 10km)."",""terms2"":""Wajib melakukan reservasi maksimal H-1 sebelum kedatangan."",""terms3"":""Voucher tidak dapat diuangkan atau digabungkan dengan promo lainnya."",""voucher_type"":""discount""}",manual,percentage,15,,,2026-10-01,1.0,0,True,2026-08-13T11:41:51.958504+00:00,True,SRAGA-V7K6U3,,True,,Batch: voucher 15% (13 Agu 2026 - Y8Y),,owner,global,,
643eb08f-1e69-46ca-ba83-acf97e22b194,Voucher Relaksasi,"{""tagline"":""Apresiasi untuk tubuhmu yang sudah lelah beraktivitas hari ini. Voucher relaksasi diskon 15% dari SerenaRaga."",""terms1"":""Berlaku untuk layanan Home Service Massage di wilayah Yogyakarta (free transport max 10km)."",""terms2"":""Wajib melakukan reservasi maksimal H-1 sebelum kedatangan."",""terms3"":""Voucher tidak dapat diuangkan atau digabungkan dengan promo lainnya."",""voucher_type"":""discount""}",manual,percentage,15,,,2026-10-01,1.0,0,True,2026-08-13T11:41:51.958504+00:00,True,SRAGA-Z2L5V8,,True,,Batch: voucher 15% (13 Agu 2026 - Y8Y),,owner,global,,
a95af74b-8781-4d78-80f2-ccbaad2209db,Home Massage,,manual,flat,100000,,,2026-08-01,1.0,0,True,2026-05-19T07:01:28.444715+00:00,True,SRAGA-U2E9Q8,,True,,Batch: Home Massage,,owner,global,,
bc811aac-2bb8-4d9c-a11f-ca178c8b0c3f,Home Massage,,manual,flat,100000,,,2026-08-01,1.0,0,True,2026-05-19T07:01:28.444715+00:00,True,SRAGA-T9K8T5,,True,,Batch: Home Massage,,owner,global,,
a74d6ce8-fcb0-4ee0-b95a-1f30ec38d34b,Home Massage,,manual,flat,100000,,,2026-08-01,1.0,0,True,2026-05-19T07:01:28.444715+00:00,True,SRAGA-H2Z2C2,,True,,Batch: Home Massage,,owner,global,,
9e27cfc8-a1aa-4eba-8dd1-e6d60c8a8d15,Voucher Relaksasi,"{""tagline"":""Apresiasi untuk tubuhmu yang sudah lelah beraktivitas hari ini. Voucher relaksasi diskon 15% dari SerenaRaga."",""terms1"":""Berlaku untuk layanan Home Service Massage di wilayah Yogyakarta (free transport max 10km)."",""terms2"":""Wajib melakukan reservasi maksimal H-1 sebelum kedatangan."",""terms3"":""Voucher tidak dapat diuangkan atau digabungkan dengan promo lainnya."",""voucher_type"":""discount""}",manual,percentage,15,,,2026-10-01,1.0,0,True,2026-08-13T11:41:51.958504+00:00,True,SRAGA-T4T4S4,,True,,Batch: voucher 15% (13 Agu 2026 - Y8Y),,owner,global,,
d77d5067-93da-4f06-b016-e3e20396f57c,Voucher Relaksasi,"{""tagline"":""Apresiasi untuk tubuhmu yang sudah lelah beraktivitas hari ini. Voucher relaksasi diskon 15% dari SerenaRaga."",""terms1"":""Berlaku untuk layanan Home Service Massage di wilayah Yogyakarta (free transport max 10km)."",""terms2"":""Wajib melakukan reservasi maksimal H-1 sebelum kedatangan."",""terms3"":""Voucher tidak dapat diuangkan atau digabungkan dengan promo lainnya."",""voucher_type"":""discount""}",manual,percentage,15,,,2026-10-01,1.0,0,True,2026-08-13T11:41:51.958504+00:00,True,SRAGA-R3G5J6,,True,,Batch: voucher 15% (13 Agu 2026 - Y8Y),,owner,global,,
d0eef349-37cc-49d7-86a9-769772bb533b,Voucher Relaksasi,"{""tagline"":""Apresiasi untuk tubuhmu yang sudah lelah beraktivitas hari ini. Voucher relaksasi diskon 15% dari SerenaRaga."",""terms1"":""Berlaku untuk layanan Home Service Massage di wilayah Yogyakarta (free transport max 10km)."",""terms2"":""Wajib melakukan reservasi maksimal H-1 sebelum kedatangan."",""terms3"":""Voucher tidak dapat diuangkan atau digabungkan dengan promo lainnya."",""voucher_type"":""discount""}",manual,percentage,15,,,2026-10-01,1.0,0,True,2026-08-13T11:41:51.958504+00:00,True,SRAGA-L3J4L9,,True,,Batch: voucher 15% (13 Agu 2026 - Y8Y),,owner,global,,
c8d8b989-a70b-41e2-885b-d7dfb4ffff77,Voucher Relaksasi,"{""tagline"":""Apresiasi untuk tubuhmu yang sudah lelah beraktivitas hari ini. Voucher relaksasi diskon 15% dari SerenaRaga."",""terms1"":""Berlaku untuk layanan Home Service Massage di wilayah Yogyakarta (free transport max 10km)."",""terms2"":""Wajib melakukan reservasi maksimal H-1 sebelum kedatangan."",""terms3"":""Voucher tidak dapat diuangkan atau digabungkan dengan promo lainnya."",""voucher_type"":""discount""}",manual,percentage,15,,,2026-10-01,1.0,0,True,2026-08-13T11:41:51.958504+00:00,True,SRAGA-S9U8V2,,True,,Batch: voucher 15% (13 Agu 2026 - Y8Y),,owner,global,,
86c2488a-c938-4c2d-9bf4-0b49d3447272,Voucher Relaksasi,"{""tagline"":""Apresiasi untuk tubuhmu yang sudah lelah beraktivitas hari ini. Voucher relaksasi diskon 15% dari SerenaRaga."",""terms1"":""Berlaku untuk layanan Home Service Massage di wilayah Yogyakarta (free transport max 10km)."",""terms2"":""Wajib melakukan reservasi maksimal H-1 sebelum kedatangan."",""terms3"":""Voucher tidak dapat diuangkan atau digabungkan dengan promo lainnya."",""voucher_type"":""discount""}",manual,percentage,15,,,2026-10-01,1.0,0,True,2026-08-13T11:41:51.958504+00:00,True,SRAGA-M3G2V3,,True,,Batch: voucher 15% (13 Agu 2026 - Y8Y),,owner,global,,
3ef60e9a-00a6-4d62-90c2-2d94cd2835fb,Voucher Relaksasi,"{""tagline"":""Apresiasi untuk tubuhmu yang sudah lelah beraktivitas hari ini. Voucher relaksasi diskon 15% dari SerenaRaga."",""terms1"":""Berlaku untuk layanan Home Service Massage di wilayah Yogyakarta (free transport max 10km)."",""terms2"":""Wajib melakukan reservasi maksimal H-1 sebelum kedatangan."",""terms3"":""Voucher tidak dapat diuangkan atau digabungkan dengan promo lainnya."",""voucher_type"":""discount""}",manual,percentage,15,,,2026-10-01,1.0,0,True,2026-08-13T11:41:51.958504+00:00,True,SRAGA-U8H9G5,,True,,Batch: voucher 15% (13 Agu 2026 - Y8Y),,owner,global,,
30b249ec-23d7-4e9b-966a-e712b8ca4571,Voucher Relaksasi,"{""tagline"":""Apresiasi untuk tubuhmu yang sudah lelah beraktivitas hari ini. Voucher relaksasi diskon 15% dari SerenaRaga."",""terms1"":""Berlaku untuk layanan Home Service Massage di wilayah Yogyakarta (free transport max 10km)."",""terms2"":""Wajib melakukan reservasi maksimal H-1 sebelum kedatangan."",""terms3"":""Voucher tidak dapat diuangkan atau digabungkan dengan promo lainnya."",""voucher_type"":""discount""}",manual,percentage,15,,,2026-10-01,1.0,0,True,2026-08-13T11:41:51.958504+00:00,True,SRAGA-T5P7Q7,,True,,Batch: voucher 15% (13 Agu 2026 - Y8Y),,owner,global,,
1637e58b-ecb1-44b5-852b-b2618a03fc1e,Voucher Relaksasi,"{""tagline"":""Apresiasi untuk tubuhmu yang sudah lelah beraktivitas hari ini. Voucher relaksasi diskon 15% dari SerenaRaga."",""terms1"":""Berlaku untuk layanan Home Service Massage di wilayah Yogyakarta (free transport max 10km)."",""terms2"":""Wajib melakukan reservasi maksimal H-1 sebelum kedatangan."",""terms3"":""Voucher tidak dapat diuangkan atau digabungkan dengan promo lainnya."",""voucher_type"":""discount""}",manual,percentage,15,,,2026-10-01,1.0,0,True,2026-08-13T11:41:51.958504+00:00,True,SRAGA-C2E9P9,,True,,Batch: voucher 15% (13 Agu 2026 - Y8Y),,owner,global,,
f1cf213f-72eb-4a63-b74d-2e4cc2a135fe,Voucher Relaksasi,"{""tagline"":""Apresiasi untuk tubuhmu yang sudah lelah beraktivitas hari ini. Voucher relaksasi diskon 15% dari SerenaRaga."",""terms1"":""Berlaku untuk layanan Home Service Massage di wilayah Yogyakarta (free transport max 10km)."",""terms2"":""Wajib melakukan reservasi maksimal H-1 sebelum kedatangan."",""terms3"":""Voucher tidak dapat diuangkan atau digabungkan dengan promo lainnya."",""voucher_type"":""discount""}",manual,percentage,15,,,2026-10-01,1.0,0,True,2026-08-13T11:41:51.958504+00:00,True,SRAGA-N7J9V6,,True,,Batch: voucher 15% (13 Agu 2026 - Y8Y),,owner,global,,
d56f10b1-2556-4e37-9fc4-6bf157346e3c,Voucher Relaksasi,"{""tagline"":""Apresiasi untuk tubuhmu yang sudah lelah beraktivitas hari ini. Voucher relaksasi diskon 15% dari SerenaRaga."",""terms1"":""Berlaku untuk layanan Home Service Massage di wilayah Yogyakarta (free transport max 10km)."",""terms2"":""Wajib melakukan reservasi maksimal H-1 sebelum kedatangan."",""terms3"":""Voucher tidak dapat diuangkan atau digabungkan dengan promo lainnya."",""voucher_type"":""discount""}",manual,percentage,15,,,2026-10-01,1.0,0,True,2026-08-13T11:41:51.958504+00:00,True,SRAGA-W3M3T5,,True,,Batch: voucher 15% (13 Agu 2026 - Y8Y),,owner,global,,
19c4ca72-ed02-4bb6-9984-2855c7a861c5,Voucher Relaksasi,"{""tagline"":""Apresiasi untuk tubuhmu yang sudah lelah beraktivitas hari ini. Voucher relaksasi diskon 15% dari SerenaRaga."",""terms1"":""Berlaku untuk layanan Home Service Massage di wilayah Yogyakarta (free transport max 10km)."",""terms2"":""Wajib melakukan reservasi maksimal H-1 sebelum kedatangan."",""terms3"":""Voucher tidak dapat diuangkan atau digabungkan dengan promo lainnya."",""voucher_type"":""discount""}",manual,percentage,15,,,2026-10-01,1.0,0,True,2026-08-13T11:41:51.958504+00:00,True,SRAGA-U3V8U3,,True,,Batch: voucher 15% (13 Agu 2026 - Y8Y),,owner,global,,
b90efcd2-259c-441c-b865-200ee3305412,Voucher Relaksasi,"{""tagline"":""Apresiasi untuk tubuhmu yang sudah lelah beraktivitas hari ini. Voucher relaksasi diskon 15% dari SerenaRaga."",""terms1"":""Berlaku untuk layanan Home Service Massage di wilayah Yogyakarta (free transport max 10km)."",""terms2"":""Wajib melakukan reservasi maksimal H-1 sebelum kedatangan."",""terms3"":""Voucher tidak dapat diuangkan atau digabungkan dengan promo lainnya."",""voucher_type"":""discount""}",manual,percentage,15,,,2026-10-01,1.0,0,True,2026-08-13T11:41:51.958504+00:00,True,SRAGA-Q6B5Q2,,True,,Batch: voucher 15% (13 Agu 2026 - Y8Y),,owner,global,,
2b45256e-a867-46e3-a6fa-aa5a1ef7bac3,Home Massage,,manual,flat,100000,,,2026-08-01,1.0,0,True,2026-05-19T07:01:28.444715+00:00,True,SRAGA-W2D8M2,,True,,Batch: Home Massage,,owner,global,,
a695980f-69ef-4fda-a748-cd20d1171601,Home Massage,,manual,flat,100000,,,2026-08-01,1.0,0,True,2026-05-19T07:01:28.444715+00:00,True,SRAGA-J4X9E7,,True,,Batch: Home Massage,,owner,global,,
cd27885b-8c10-426b-89b1-f48ce609c97f,Home Massage,,manual,flat,100000,,,2026-08-01,1.0,0,True,2026-05-19T07:01:28.444715+00:00,True,SRAGA-M5E9S3,,True,,Batch: Home Massage,,owner,global,,
e10e4caa-3783-42ad-9010-1d9912b16ef0,Voucher Relaksasi,"{""tagline"":""Apresiasi untuk tubuhmu yang sudah lelah beraktivitas hari ini. Voucher relaksasi diskon 15% dari SerenaRaga."",""terms1"":""Berlaku untuk layanan Home Service Massage di wilayah Yogyakarta (free transport max 10km)."",""terms2"":""Wajib melakukan reservasi maksimal H-1 sebelum kedatangan."",""terms3"":""Voucher tidak dapat diuangkan atau digabungkan dengan promo lainnya."",""voucher_type"":""discount""}",manual,percentage,15,,,2026-10-01,1.0,0,True,2026-08-13T11:41:51.958504+00:00,True,SRAGA-K2V5V3,,True,,Batch: voucher 15% (13 Agu 2026 - Y8Y),,owner,global,,
61d0d628-7d31-452c-a56b-1089c85ff045,Voucher Relaksasi,"{""tagline"":""Apresiasi untuk tubuhmu yang sudah lelah beraktivitas hari ini. Voucher relaksasi diskon 15% dari SerenaRaga."",""terms1"":""Berlaku untuk layanan Home Service Massage di wilayah Yogyakarta (free transport max 10km)."",""terms2"":""Wajib melakukan reservasi maksimal H-1 sebelum kedatangan."",""terms3"":""Voucher tidak dapat diuangkan atau digabungkan dengan promo lainnya."",""voucher_type"":""discount""}",manual,percentage,15,,,2026-10-01,1.0,0,True,2026-08-13T11:41:51.958504+00:00,True,SRAGA-D9E3K6,,True,,Batch: voucher 15% (13 Agu 2026 - Y8Y),,owner,global,,
4df634f4-888b-43b0-b1eb-b787972d0d1e,Voucher Relaksasi,"{""tagline"":""Apresiasi untuk tubuhmu yang sudah lelah beraktivitas hari ini. Voucher relaksasi diskon 15% dari SerenaRaga."",""terms1"":""Berlaku untuk layanan Home Service Massage di wilayah Yogyakarta (free transport max 10km)."",""terms2"":""Wajib melakukan reservasi maksimal H-1 sebelum kedatangan."",""terms3"":""Voucher tidak dapat diuangkan atau digabungkan dengan promo lainnya."",""voucher_type"":""discount""}",manual,percentage,15,,,2026-10-01,1.0,0,True,2026-08-13T11:41:51.958504+00:00,True,SRAGA-E7V9K5,,True,,Batch: voucher 15% (13 Agu 2026 - Y8Y),,owner,global,,
bb79250b-f9b5-48d0-b1d7-fb05d67dd954,Voucher Relaksasi,"{""tagline"":""Apresiasi untuk tubuhmu yang sudah lelah beraktivitas hari ini. Voucher relaksasi diskon 15% dari SerenaRaga."",""terms1"":""Berlaku untuk layanan Home Service Massage di wilayah Yogyakarta (free transport max 10km)."",""terms2"":""Wajib melakukan reservasi maksimal H-1 sebelum kedatangan."",""terms3"":""Voucher tidak dapat diuangkan atau digabungkan dengan promo lainnya."",""voucher_type"":""discount""}",manual,percentage,15,,,2026-10-01,1.0,0,True,2026-08-13T11:41:51.958504+00:00,True,SRAGA-D7R4A9,,True,,Batch: voucher 15% (13 Agu 2026 - Y8Y),,owner,global,,
9f5c1bf7-e418-4a88-9e3d-bf17a5ad62ee,Voucher Relaksasi,"{""tagline"":""Apresiasi untuk tubuhmu yang sudah lelah beraktivitas hari ini. Voucher relaksasi diskon 15% dari SerenaRaga."",""terms1"":""Berlaku untuk layanan Home Service Massage di wilayah Yogyakarta (free transport max 10km)."",""terms2"":""Wajib melakukan reservasi maksimal H-1 sebelum kedatangan."",""terms3"":""Voucher tidak dapat diuangkan atau digabungkan dengan promo lainnya."",""voucher_type"":""discount""}",manual,percentage,15,,,2026-10-01,1.0,0,True,2026-08-13T11:41:51.958504+00:00,True,SRAGA-F3F2J8,,True,,Batch: voucher 15% (13 Agu 2026 - Y8Y),,owner,global,,
4ad2767a-dd64-4604-992c-deadf63de19f,Voucher Relaksasi,"{""tagline"":""Apresiasi untuk tubuhmu yang sudah lelah beraktivitas hari ini. Voucher relaksasi diskon 15% dari SerenaRaga."",""terms1"":""Berlaku untuk layanan Home Service Massage di wilayah Yogyakarta (free transport max 10km)."",""terms2"":""Wajib melakukan reservasi maksimal H-1 sebelum kedatangan."",""terms3"":""Voucher tidak dapat diuangkan atau digabungkan dengan promo lainnya."",""voucher_type"":""discount""}",manual,percentage,15,,,2026-10-01,1.0,0,True,2026-08-13T11:41:51.958504+00:00,True,SRAGA-H9H7B6,,True,,Batch: voucher 15% (13 Agu 2026 - Y8Y),,owner,global,,
8ce14c96-82a6-4f22-96db-e7ce237afaf1,Voucher Relaksasi,"{""tagline"":""Apresiasi untuk tubuhmu yang sudah lelah beraktivitas hari ini. Voucher relaksasi diskon 15% dari SerenaRaga."",""terms1"":""Berlaku untuk layanan Home Service Massage di wilayah Yogyakarta (free transport max 10km)."",""terms2"":""Wajib melakukan reservasi maksimal H-1 sebelum kedatangan."",""terms3"":""Voucher tidak dapat diuangkan atau digabungkan dengan promo lainnya."",""voucher_type"":""discount""}",manual,percentage,15,,,2026-10-01,1.0,0,True,2026-08-13T11:41:51.958504+00:00,True,SRAGA-R6J5N8,,True,,Batch: voucher 15% (13 Agu 2026 - Y8Y),,owner,global,,
8ab14c84-9b3b-41dc-8227-e4b6232ad825,Voucher Relaksasi,"{""tagline"":""Apresiasi untuk tubuhmu yang sudah lelah beraktivitas hari ini. Voucher relaksasi diskon 15% dari SerenaRaga."",""terms1"":""Berlaku untuk layanan Home Service Massage di wilayah Yogyakarta (free transport max 10km)."",""terms2"":""Wajib melakukan reservasi maksimal H-1 sebelum kedatangan."",""terms3"":""Voucher tidak dapat diuangkan atau digabungkan dengan promo lainnya."",""voucher_type"":""discount""}",manual,percentage,15,,,2026-10-01,1.0,0,True,2026-08-13T11:41:51.958504+00:00,True,SRAGA-P3P8K5,,True,,Batch: voucher 15% (13 Agu 2026 - Y8Y),,owner,global,,
823156ff-f693-4e1f-8906-83c77924054c,Voucher Relaksasi,"{""tagline"":""Apresiasi untuk tubuhmu yang sudah lelah beraktivitas hari ini. Voucher relaksasi diskon 15% dari SerenaRaga."",""terms1"":""Berlaku untuk layanan Home Service Massage di wilayah Yogyakarta (free transport max 10km)."",""terms2"":""Wajib melakukan reservasi maksimal H-1 sebelum kedatangan."",""terms3"":""Voucher tidak dapat diuangkan atau digabungkan dengan promo lainnya."",""voucher_type"":""discount""}",manual,percentage,15,,,2026-10-01,1.0,0,True,2026-08-13T11:41:51.958504+00:00,True,SRAGA-Z6A4J4,,True,,Batch: voucher 15% (13 Agu 2026 - Y8Y),,owner,global,,
e708a888-d1f5-4674-b245-49b63833bf09,Voucher Relaksasi,"{""tagline"":""Apresiasi untuk tubuhmu yang sudah lelah beraktivitas hari ini. Voucher relaksasi diskon 15% dari SerenaRaga."",""terms1"":""Berlaku untuk layanan Home Service Massage di wilayah Yogyakarta (free transport max 10km)."",""terms2"":""Wajib melakukan reservasi maksimal H-1 sebelum kedatangan."",""terms3"":""Voucher tidak dapat diuangkan atau digabungkan dengan promo lainnya."",""voucher_type"":""discount""}",manual,percentage,15,,,2026-10-01,1.0,0,True,2026-08-13T11:41:51.958504+00:00,True,SRAGA-S5Z2Y3,,True,,Batch: voucher 15% (13 Agu 2026 - Y8Y),,owner,global,,
a3c5bd4e-c347-406f-be28-0987a2cc49d4,Voucher Relaksasi,"{""tagline"":""Apresiasi untuk tubuhmu yang sudah lelah beraktivitas hari ini. Voucher relaksasi diskon 15% dari SerenaRaga."",""terms1"":""Berlaku untuk layanan Home Service Massage di wilayah Yogyakarta (free transport max 10km)."",""terms2"":""Wajib melakukan reservasi maksimal H-1 sebelum kedatangan."",""terms3"":""Voucher tidak dapat diuangkan atau digabungkan dengan promo lainnya."",""voucher_type"":""discount""}",manual,percentage,15,,,2026-10-01,1.0,0,True,2026-08-13T11:41:51.958504+00:00,True,SRAGA-M5H5P5,,True,,Batch: voucher 15% (13 Agu 2026 - Y8Y),,owner,global,,
ef55e108-3b33-4cf7-a91c-89a6bb12700f,Voucher Relaksasi,"{""tagline"":""Apresiasi untuk tubuhmu yang sudah lelah beraktivitas hari ini. Voucher relaksasi diskon 15% dari SerenaRaga."",""terms1"":""Berlaku untuk layanan Home Service Massage di wilayah Yogyakarta (free transport max 10km)."",""terms2"":""Wajib melakukan reservasi maksimal H-1 sebelum kedatangan."",""terms3"":""Voucher tidak dapat diuangkan atau digabungkan dengan promo lainnya."",""voucher_type"":""discount""}",manual,percentage,15,,,2026-10-01,1.0,0,True,2026-08-13T11:41:51.958504+00:00,True,SRAGA-H5L8H4,,True,,Batch: voucher 15% (13 Agu 2026 - Y8Y),,owner,global,,
9ceae991-9009-4954-a74d-effb75f8aa66,Home Massage,,manual,flat,100000,,,2026-08-01,1.0,0,True,2026-05-19T07:01:28.444715+00:00,True,SRAGA-Z8Y4N6,,True,,Batch: Home Massage,,owner,global,,
8c82395b-5ca7-40d4-b359-ce95284a3f1b,Home Massage,,manual,percentage,15,,,2026-08-01,1.0,0,True,2026-05-19T07:01:47.111889+00:00,True,SRAGA-C2T4Z7,,True,,Batch: Home Massage,,owner,global,,
e5db39d5-26f0-49e0-8479-a94fec0d484f,Home Massage,,manual,percentage,15,,,2026-08-01,1.0,0,True,2026-05-19T07:01:47.111889+00:00,True,SRAGA-X9T2N5,,True,,Batch: Home Massage,,owner,global,,
646a7772-2e32-471f-b12a-7b8c3efdc7ca,Voucher Relaksasi,"{""tagline"":""Apresiasi untuk tubuhmu yang sudah lelah beraktivitas hari ini. Voucher relaksasi diskon 15% dari SerenaRaga."",""terms1"":""Berlaku untuk layanan Home Service Massage di wilayah Yogyakarta (free transport max 10km)."",""terms2"":""Wajib melakukan reservasi maksimal H-1 sebelum kedatangan."",""terms3"":""Voucher tidak dapat diuangkan atau digabungkan dengan promo lainnya."",""voucher_type"":""discount""}",manual,percentage,15,,,2026-10-01,1.0,0,True,2026-08-13T11:41:51.958504+00:00,True,SRAGA-H5H9W7,,True,,Batch: voucher 15% (13 Agu 2026 - Y8Y),,owner,global,,
bea0a150-46ca-4ef3-b695-fa9791a5fc02,Voucher Relaksasi,"{""tagline"":""Apresiasi untuk tubuhmu yang sudah lelah beraktivitas hari ini. Voucher relaksasi diskon 15% dari SerenaRaga."",""terms1"":""Berlaku untuk layanan Home Service Massage di wilayah Yogyakarta (free transport max 10km)."",""terms2"":""Wajib melakukan reservasi maksimal H-1 sebelum kedatangan."",""terms3"":""Voucher tidak dapat diuangkan atau digabungkan dengan promo lainnya."",""voucher_type"":""discount""}",manual,percentage,15,,,2026-10-01,1.0,0,True,2026-08-13T11:41:51.958504+00:00,True,SRAGA-X6H2D6,,True,,Batch: voucher 15% (13 Agu 2026 - Y8Y),,owner,global,,
5daafede-9f49-4982-9997-afcb18489d90,Voucher Relaksasi,"{""tagline"":""Apresiasi untuk tubuhmu yang sudah lelah beraktivitas hari ini. Voucher relaksasi diskon 15% dari SerenaRaga."",""terms1"":""Berlaku untuk layanan Home Service Massage di wilayah Yogyakarta (free transport max 10km)."",""terms2"":""Wajib melakukan reservasi maksimal H-1 sebelum kedatangan."",""terms3"":""Voucher tidak dapat diuangkan atau digabungkan dengan promo lainnya."",""voucher_type"":""discount""}",manual,percentage,15,,,2026-10-01,1.0,0,True,2026-08-13T11:41:51.958504+00:00,True,SRAGA-V6P9H7,,True,,Batch: voucher 15% (13 Agu 2026 - Y8Y),,owner,global,,
1fa90589-60dc-4e12-b14b-347af3956280,Voucher Relaksasi,"{""tagline"":""Apresiasi untuk tubuhmu yang sudah lelah beraktivitas hari ini. Voucher relaksasi diskon 15% dari SerenaRaga."",""terms1"":""Berlaku untuk layanan Home Service Massage di wilayah Yogyakarta (free transport max 10km)."",""terms2"":""Wajib melakukan reservasi maksimal H-1 sebelum kedatangan."",""terms3"":""Voucher tidak dapat diuangkan atau digabungkan dengan promo lainnya."",""voucher_type"":""discount""}",manual,percentage,15,,,2026-10-01,1.0,0,True,2026-08-13T11:41:51.958504+00:00,True,SRAGA-V5B4D4,,True,,Batch: voucher 15% (13 Agu 2026 - Y8Y),,owner,global,,
0d4e84d4-d5a3-4733-81f8-5fbaacebb935,Voucher Relaksasi,"{""tagline"":""Apresiasi untuk tubuhmu yang sudah lelah beraktivitas hari ini. Voucher relaksasi diskon 15% dari SerenaRaga."",""terms1"":""Berlaku untuk layanan Home Service Massage di wilayah Yogyakarta (free transport max 10km)."",""terms2"":""Wajib melakukan reservasi maksimal H-1 sebelum kedatangan."",""terms3"":""Voucher tidak dapat diuangkan atau digabungkan dengan promo lainnya."",""voucher_type"":""discount""}",manual,percentage,15,,,2026-10-01,1.0,0,True,2026-08-13T11:41:51.958504+00:00,True,SRAGA-M7R4H7,,True,,Batch: voucher 15% (13 Agu 2026 - Y8Y),,owner,global,,
e254b618-52de-4411-8134-11fb543e0964,Voucher Relaksasi,"{""tagline"":""Apresiasi untuk tubuhmu yang sudah lelah beraktivitas hari ini. Voucher relaksasi diskon 15% dari SerenaRaga."",""terms1"":""Berlaku untuk layanan Home Service Massage di wilayah Yogyakarta (free transport max 10km)."",""terms2"":""Wajib melakukan reservasi maksimal H-1 sebelum kedatangan."",""terms3"":""Voucher tidak dapat diuangkan atau digabungkan dengan promo lainnya."",""voucher_type"":""discount""}",manual,percentage,15,,,2026-10-01,1.0,0,True,2026-08-13T11:41:51.958504+00:00,True,SRAGA-W8S9E4,,True,,Batch: voucher 15% (13 Agu 2026 - Y8Y),,owner,global,,
215231b8-da35-4a0b-8bc1-d3d52c917c91,Voucher Relaksasi,"{""tagline"":""Apresiasi untuk tubuhmu yang sudah lelah beraktivitas hari ini. Voucher relaksasi diskon 15% dari SerenaRaga."",""terms1"":""Berlaku untuk layanan Home Service Massage di wilayah Yogyakarta (free transport max 10km)."",""terms2"":""Wajib melakukan reservasi maksimal H-1 sebelum kedatangan."",""terms3"":""Voucher tidak dapat diuangkan atau digabungkan dengan promo lainnya."",""voucher_type"":""discount""}",manual,percentage,15,,,2026-10-01,1.0,0,True,2026-08-13T11:41:51.958504+00:00,True,SRAGA-V2H8C4,,True,,Batch: voucher 15% (13 Agu 2026 - Y8Y),,owner,global,,
629ffed6-907a-4527-b6e8-a5cd145daa5c,Voucher Relaksasi,"{""tagline"":""Apresiasi untuk tubuhmu yang sudah lelah beraktivitas hari ini. Voucher relaksasi diskon 15% dari SerenaRaga."",""terms1"":""Berlaku untuk layanan Home Service Massage di wilayah Yogyakarta (free transport max 10km)."",""terms2"":""Wajib melakukan reservasi maksimal H-1 sebelum kedatangan."",""terms3"":""Voucher tidak dapat diuangkan atau digabungkan dengan promo lainnya."",""voucher_type"":""discount""}",manual,percentage,15,,,2026-10-01,1.0,0,True,2026-08-13T11:41:51.958504+00:00,True,SRAGA-U2V4B9,,True,,Batch: voucher 15% (13 Agu 2026 - Y8Y),,owner,global,,
14830285-1d86-4bdc-9052-21fa83f3e9d6,Voucher Relaksasi,"{""tagline"":""Apresiasi untuk tubuhmu yang sudah lelah beraktivitas hari ini. Voucher relaksasi diskon 15% dari SerenaRaga."",""terms1"":""Berlaku untuk layanan Home Service Massage di wilayah Yogyakarta (free transport max 10km)."",""terms2"":""Wajib melakukan reservasi maksimal H-1 sebelum kedatangan."",""terms3"":""Voucher tidak dapat diuangkan atau digabungkan dengan promo lainnya."",""voucher_type"":""discount""}",manual,percentage,15,,,2026-10-01,1.0,0,True,2026-08-13T11:41:51.958504+00:00,True,SRAGA-C5M8R3,,True,,Batch: voucher 15% (13 Agu 2026 - Y8Y),,owner,global,,
088d558a-5259-4983-a4b8-53a177ee8564,Voucher Relaksasi,"{""tagline"":""Apresiasi untuk tubuhmu yang sudah lelah beraktivitas hari ini. Voucher relaksasi diskon 15% dari SerenaRaga."",""terms1"":""Berlaku untuk layanan Home Service Massage di wilayah Yogyakarta (free transport max 10km)."",""terms2"":""Wajib melakukan reservasi maksimal H-1 sebelum kedatangan."",""terms3"":""Voucher tidak dapat diuangkan atau digabungkan dengan promo lainnya."",""voucher_type"":""discount""}",manual,percentage,15,,,2026-10-01,1.0,0,True,2026-08-13T11:41:51.958504+00:00,True,SRAGA-D9P8H3,,True,,Batch: voucher 15% (13 Agu 2026 - Y8Y),,owner,global,,
efc41880-3e2d-4318-811b-85cd43a1ecc0,Voucher Relaksasi,"{""tagline"":""Apresiasi untuk tubuhmu yang sudah lelah beraktivitas hari ini. Voucher relaksasi diskon 15% dari SerenaRaga."",""terms1"":""Berlaku untuk layanan Home Service Massage di wilayah Yogyakarta (free transport max 10km)."",""terms2"":""Wajib melakukan reservasi maksimal H-1 sebelum kedatangan."",""terms3"":""Voucher tidak dapat diuangkan atau digabungkan dengan promo lainnya."",""voucher_type"":""discount""}",manual,percentage,15,,,2026-10-01,1.0,0,True,2026-08-13T11:41:51.958504+00:00,True,SRAGA-Q9W9C4,,True,,Batch: voucher 15% (13 Agu 2026 - Y8Y),,owner,global,,
b3564b66-6773-4560-873f-4d931b9d3ca4,Voucher Relaksasi,"{""tagline"":""Apresiasi untuk tubuhmu yang sudah lelah beraktivitas hari ini. Voucher relaksasi diskon 15% dari SerenaRaga."",""terms1"":""Berlaku untuk layanan Home Service Massage di wilayah Yogyakarta (free transport max 10km)."",""terms2"":""Wajib melakukan reservasi maksimal H-1 sebelum kedatangan."",""terms3"":""Voucher tidak dapat diuangkan atau digabungkan dengan promo lainnya."",""voucher_type"":""discount""}",manual,percentage,15,,,2026-10-01,1.0,0,True,2026-08-13T11:41:51.958504+00:00,True,SRAGA-H5E9X9,,True,,Batch: voucher 15% (13 Agu 2026 - Y8Y),,owner,global,,
622b24f3-51d5-4b6d-b418-c0f36e5b9f77,Home Massage,,manual,percentage,15,,,2026-08-01,1.0,0,True,2026-05-19T07:01:47.111889+00:00,True,SRAGA-B8G8U2,,True,,Batch: Home Massage,,owner,global,,
24cda438-9ef0-4eb4-9042-f655c4aba857,Home Massage,,manual,percentage,15,,,2026-08-01,1.0,0,True,2026-05-19T07:01:47.111889+00:00,True,SRAGA-Q2D8K7,,True,,Batch: Home Massage,,owner,global,,
15d8dabe-be12-4994-838b-948a8f8482f4,Home Massage,,manual,percentage,15,,,2026-08-01,1.0,0,True,2026-05-19T07:01:47.111889+00:00,True,SRAGA-C9T8P6,,True,,Batch: Home Massage,,owner,global,,
9230926c-c340-450e-bfe3-3cb29de87e58,Couple Discount,,manual,percentage,7,,,,,14,True,2026-07-10T23:30:12.421045+00:00,False,,,False,,,,therapist,global,,
e74bedec-669e-43f5-96ca-a9995c4b8939,Post Partum,,manual,flat,165000,,,,1.0,0,True,2026-05-05T12:09:59.006379+00:00,True,SRAGA-4GVG,23437fae-a172-4e9a-921d-55252b72ec1a,True,,,,owner,global,,
5bf31479-9973-4600-a7d3-b5932f6ee758,Loyal Silver,Sudah 10x kunjungan,loyal,percentage,10,10.0,,,,1,True,2026-04-09T21:12:58.647356+00:00,True,,,False,,,,owner,global,,
eab1260c-0d25-40fb-acdc-84d9b9e32e64,Home Massage,,manual,flat,100000,,,2026-08-01,1.0,0,True,2026-05-19T07:01:28.444715+00:00,True,SRAGA-P2D9H6,,True,,Batch: Home Massage,,owner,global,,
45dcc627-aa51-481a-b3fe-0ed228396fbc,Home Massage,,manual,flat,100000,,,2026-08-01,1.0,0,True,2026-05-19T07:01:28.444715+00:00,True,SRAGA-N8M4Z5,,True,,Batch: Home Massage,,owner,global,,
ffa760aa-c768-4f0c-9127-b32734e58c88,Voucher Relaksasi,"{""tagline"":""Apresiasi untuk tubuhmu yang sudah lelah beraktivitas hari ini. Voucher relaksasi diskon 15% dari SerenaRaga."",""terms1"":""Berlaku untuk layanan Home Service Massage di wilayah Yogyakarta (free transport max 10km)."",""terms2"":""Wajib melakukan reservasi maksimal H-1 sebelum kedatangan."",""terms3"":""Voucher tidak dapat diuangkan atau digabungkan dengan promo lainnya."",""voucher_type"":""discount""}",manual,percentage,15,,,2026-10-01,1.0,0,True,2026-08-13T11:41:51.958504+00:00,True,SRAGA-Z5A3Z6,,True,,Batch: voucher 15% (13 Agu 2026 - Y8Y),,owner,global,,
0559bc52-9806-4cf9-a033-6122ffa3f527,Voucher Relaksasi,"{""tagline"":""Apresiasi untuk tubuhmu yang sudah lelah beraktivitas hari ini. Voucher relaksasi diskon 15% dari SerenaRaga."",""terms1"":""Berlaku untuk layanan Home Service Massage di wilayah Yogyakarta (free transport max 10km)."",""terms2"":""Wajib melakukan reservasi maksimal H-1 sebelum kedatangan."",""terms3"":""Voucher tidak dapat diuangkan atau digabungkan dengan promo lainnya."",""voucher_type"":""discount""}",manual,percentage,15,,,2026-10-01,1.0,0,True,2026-08-13T11:41:51.958504+00:00,True,SRAGA-B3F3F7,,True,,Batch: voucher 15% (13 Agu 2026 - Y8Y),,owner,global,,
b63d86f5-0518-4fd6-89dd-2f35ed84383c,Voucher Relaksasi,"{""tagline"":""Apresiasi untuk tubuhmu yang sudah lelah beraktivitas hari ini. Voucher relaksasi diskon 15% dari SerenaRaga."",""terms1"":""Berlaku untuk layanan Home Service Massage di wilayah Yogyakarta (free transport max 10km)."",""terms2"":""Wajib melakukan reservasi maksimal H-1 sebelum kedatangan."",""terms3"":""Voucher tidak dapat diuangkan atau digabungkan dengan promo lainnya."",""voucher_type"":""discount""}",manual,percentage,15,,,2026-10-01,1.0,0,True,2026-08-13T11:41:51.958504+00:00,True,SRAGA-T8A9G5,,True,,Batch: voucher 15% (13 Agu 2026 - Y8Y),,owner,global,,
d10c3d26-4042-4d3e-97ae-c4e788f22de6,Voucher Relaksasi,"{""tagline"":""Apresiasi untuk tubuhmu yang sudah lelah beraktivitas hari ini. Voucher relaksasi diskon 15% dari SerenaRaga."",""terms1"":""Berlaku untuk layanan Home Service Massage di wilayah Yogyakarta (free transport max 10km)."",""terms2"":""Wajib melakukan reservasi maksimal H-1 sebelum kedatangan."",""terms3"":""Voucher tidak dapat diuangkan atau digabungkan dengan promo lainnya."",""voucher_type"":""discount""}",manual,percentage,15,,,2026-10-01,1.0,0,True,2026-08-13T11:41:51.958504+00:00,True,SRAGA-K8J4C4,,True,,Batch: voucher 15% (13 Agu 2026 - Y8Y),,owner,global,,
19421783-a984-4eab-bb93-8bf4bfcf9793,Voucher Relaksasi,"{""tagline"":""Apresiasi untuk tubuhmu yang sudah lelah beraktivitas hari ini. Voucher relaksasi diskon 15% dari SerenaRaga."",""terms1"":""Berlaku untuk layanan Home Service Massage di wilayah Yogyakarta (free transport max 10km)."",""terms2"":""Wajib melakukan reservasi maksimal H-1 sebelum kedatangan."",""terms3"":""Voucher tidak dapat diuangkan atau digabungkan dengan promo lainnya."",""voucher_type"":""discount""}",manual,percentage,15,,,2026-10-01,1.0,0,True,2026-08-13T11:41:51.958504+00:00,True,SRAGA-J7Q4M5,,True,,Batch: voucher 15% (13 Agu 2026 - Y8Y),,owner,global,,
44de9404-f9c1-4a19-930b-9e6342712b82,Voucher Relaksasi,"{""tagline"":""Apresiasi untuk tubuhmu yang sudah lelah beraktivitas hari ini. Voucher relaksasi diskon 15% dari SerenaRaga."",""terms1"":""Berlaku untuk layanan Home Service Massage di wilayah Yogyakarta (free transport max 10km)."",""terms2"":""Wajib melakukan reservasi maksimal H-1 sebelum kedatangan."",""terms3"":""Voucher tidak dapat diuangkan atau digabungkan dengan promo lainnya."",""voucher_type"":""discount""}",manual,percentage,15,,,2026-10-01,1.0,0,True,2026-08-13T11:41:51.958504+00:00,True,SRAGA-V7C9X5,,True,,Batch: voucher 15% (13 Agu 2026 - Y8Y),,owner,global,,
6e162f2a-833c-4303-80d7-246c90291c16,Voucher Relaksasi,"{""tagline"":""Apresiasi untuk tubuhmu yang sudah lelah beraktivitas hari ini. Voucher relaksasi diskon 15% dari SerenaRaga."",""terms1"":""Berlaku untuk layanan Home Service Massage di wilayah Yogyakarta (free transport max 10km)."",""terms2"":""Wajib melakukan reservasi maksimal H-1 sebelum kedatangan."",""terms3"":""Voucher tidak dapat diuangkan atau digabungkan dengan promo lainnya."",""voucher_type"":""discount""}",manual,percentage,15,,,2026-10-01,1.0,0,True,2026-08-13T11:41:51.958504+00:00,True,SRAGA-A9X2R6,,True,,Batch: voucher 15% (13 Agu 2026 - Y8Y),,owner,global,,
aa33ddf3-ced7-44ad-969f-4f799f234230,Voucher Relaksasi,"{""tagline"":""Apresiasi untuk tubuhmu yang sudah lelah beraktivitas hari ini. Voucher relaksasi diskon 15% dari SerenaRaga."",""terms1"":""Berlaku untuk layanan Home Service Massage di wilayah Yogyakarta (free transport max 10km)."",""terms2"":""Wajib melakukan reservasi maksimal H-1 sebelum kedatangan."",""terms3"":""Voucher tidak dapat diuangkan atau digabungkan dengan promo lainnya."",""voucher_type"":""discount""}",manual,percentage,15,,,2026-10-01,1.0,0,True,2026-08-13T11:41:51.958504+00:00,True,SRAGA-Q6Y2L4,,True,,Batch: voucher 15% (13 Agu 2026 - Y8Y),,owner,global,,
afbc0383-2ab9-42e2-810a-8d2d136f29a4,Voucher Relaksasi,"{""tagline"":""Apresiasi untuk tubuhmu yang sudah lelah beraktivitas hari ini. Voucher relaksasi diskon 15% dari SerenaRaga."",""terms1"":""Berlaku untuk layanan Home Service Massage di wilayah Yogyakarta (free transport max 10km)."",""terms2"":""Wajib melakukan reservasi maksimal H-1 sebelum kedatangan."",""terms3"":""Voucher tidak dapat diuangkan atau digabungkan dengan promo lainnya."",""voucher_type"":""discount""}",manual,percentage,15,,,2026-10-01,1.0,0,True,2026-08-13T11:41:51.958504+00:00,True,SRAGA-P4C8Y5,,True,,Batch: voucher 15% (13 Agu 2026 - Y8Y),,owner,global,,
45b0e6ab-46b2-4d2b-a30a-99ad3be4e29e,Home Massage,,manual,percentage,15,,,2026-08-01,1.0,0,True,2026-05-19T07:01:47.111889+00:00,True,SRAGA-M6P2Z7,,True,,Batch: Home Massage,,owner,global,,
9342c939-2fc6-4814-b682-82e16ebc2f7d,Home Massage,,manual,percentage,15,,,2026-08-01,1.0,0,True,2026-05-19T07:01:47.111889+00:00,True,SRAGA-H8L4H7,,True,,Batch: Home Massage,,owner,global,,
77a2b744-40e4-49cb-9b17-ea2dd528c5a7,Home Massage,,manual,percentage,15,,,2026-08-01,1.0,0,True,2026-05-19T07:01:47.111889+00:00,True,SRAGA-V3C3X8,,True,,Batch: Home Massage,,owner,global,,
c66244d2-cea6-45bf-a41f-daad4a8a6f23,Home Massage,,manual,percentage,15,,,2026-08-01,1.0,0,True,2026-05-19T07:01:47.111889+00:00,True,SRAGA-Y7N5G8,,True,,Batch: Home Massage,,owner,global,,
084862e8-8611-4cf3-9a39-4e814cbc7081,Home Massage,,manual,percentage,15,,,2026-08-01,1.0,0,True,2026-05-19T07:01:47.111889+00:00,True,SRAGA-B8D6A4,,True,,Batch: Home Massage,,owner,global,,
511792a6-440c-42dd-b74c-b0aaa9421a66,Home Massage,,manual,percentage,15,,,2026-08-01,1.0,0,True,2026-05-19T07:01:47.111889+00:00,True,SRAGA-A8S8Z7,,True,,Batch: Home Massage,,owner,global,,
640e437a-af8d-41da-bcd7-1225eee21b11,Home Massage,,manual,percentage,15,,,2026-08-01,1.0,0,True,2026-05-19T07:01:47.111889+00:00,True,SRAGA-N9S8G3,,True,,Batch: Home Massage,,owner,global,,
c6d0d5d7-2a0b-4ab0-9006-a6b933aabdaa,Home Massage,,manual,percentage,15,,,2026-08-01,1.0,0,True,2026-05-19T07:01:47.111889+00:00,True,SRAGA-L8P3U5,,True,,Batch: Home Massage,,owner,global,,
1f630a84-f0ba-4f17-8b02-e19fe12c7108,Home Massage,,manual,percentage,15,,,2026-08-01,1.0,0,True,2026-05-19T07:01:47.111889+00:00,True,SRAGA-H2J5C4,,True,,Batch: Home Massage,,owner,global,,
6995dbff-6e6f-4931-b8d7-228730df8d66,Home Massage,,manual,percentage,15,,,2026-08-01,1.0,0,True,2026-05-19T07:01:47.111889+00:00,True,SRAGA-Z3J9U2,,True,,Batch: Home Massage,,owner,global,,
49876fef-aaa9-4a6a-9380-8a6056a3caf5,Home Massage,,manual,percentage,15,,,2026-08-01,1.0,0,True,2026-05-19T07:01:47.111889+00:00,True,SRAGA-F6Z9A7,,True,,Batch: Home Massage,,owner,global,,
cf88b46b-1ba3-40c2-8101-0f04ff21d17c,Home Massage,,manual,percentage,15,,,2026-08-01,1.0,0,True,2026-05-19T07:01:47.111889+00:00,True,SRAGA-F9D5W9,,True,,Batch: Home Massage,,owner,global,,
235e8ead-bea5-49ae-9f69-bfb086b5036d,Home Massage,,manual,percentage,15,,,2026-08-01,1.0,0,True,2026-05-19T07:01:47.111889+00:00,True,SRAGA-G4V2X2,,True,,Batch: Home Massage,,owner,global,,
d0a6799c-b8e9-4cff-87cc-969d229f64f6,Home Massage,,manual,percentage,15,,,2026-08-01,1.0,0,True,2026-05-19T07:01:47.111889+00:00,True,SRAGA-X6Y7Q2,,True,,Batch: Home Massage,,owner,global,,
7f6dd954-3415-48d0-b7c3-8d8f26a2020d,Home Massage,,manual,percentage,15,,,2026-08-01,1.0,0,True,2026-05-19T07:01:47.111889+00:00,True,SRAGA-N9V9C3,,True,,Batch: Home Massage,,owner,global,,
2c06e010-1774-4509-8a8e-54a109630e80,Home Massage,,manual,percentage,15,,,2026-08-01,1.0,0,True,2026-05-19T07:01:47.111889+00:00,True,SRAGA-T6R2D6,,True,,Batch: Home Massage,,owner,global,,
0eaeab6f-248a-499a-8948-8df09edb358e,Home Massage,,manual,percentage,15,,,2026-08-01,1.0,0,True,2026-05-19T07:01:47.111889+00:00,True,SRAGA-X3G3A9,,True,,Batch: Home Massage,,owner,global,,
c78da5e0-cca8-493a-8f86-8619af114137,Home Massage,,manual,percentage,15,,,2026-08-01,1.0,0,True,2026-05-19T07:01:47.111889+00:00,True,SRAGA-J9Z9L7,,True,,Batch: Home Massage,,owner,global,,
9d51e5f2-1326-4a10-89ea-00d5f4e1a80d,Home Massage,,manual,percentage,15,,,2026-08-01,1.0,0,True,2026-05-19T07:01:47.111889+00:00,True,SRAGA-E7K4W4,,True,,Batch: Home Massage,,owner,global,,
b0d17440-4021-4208-892d-078624b6b389,Home Massage,,manual,percentage,15,,,2026-08-01,1.0,0,True,2026-05-19T07:01:47.111889+00:00,True,SRAGA-E5V9L3,,True,,Batch: Home Massage,,owner,global,,
d3179aa3-7db2-45fa-87c5-7b3411abc3e0,Home Massage,,manual,percentage,15,,,2026-08-01,1.0,0,True,2026-05-19T07:01:47.111889+00:00,True,SRAGA-G7X7J9,,True,,Batch: Home Massage,,owner,global,,
8a526f29-5bbe-4578-baa6-162ff98a374f,Home Massage,,manual,percentage,15,,,2026-08-01,1.0,0,True,2026-05-19T07:01:47.111889+00:00,True,SRAGA-M3U5Y2,,True,,Batch: Home Massage,,owner,global,,
a8f44265-76bf-479c-b84c-cb27a7a45877,Home Massage,,manual,percentage,15,,,2026-08-01,1.0,0,True,2026-05-19T07:01:47.111889+00:00,True,SRAGA-H6Y4R4,,True,,Batch: Home Massage,,owner,global,,
0dec9b42-a80f-4276-ab10-f52c4f70f6a5,Home Massage,,manual,percentage,15,,,2026-08-01,1.0,0,True,2026-05-19T07:01:47.111889+00:00,True,SRAGA-K6A8N9,,True,,Batch: Home Massage,,owner,global,,
2c61a1a1-26f4-48d0-b079-7d25e47b8f4f,Home Massage,,manual,percentage,15,,,2026-08-01,1.0,0,True,2026-05-19T07:01:47.111889+00:00,True,SRAGA-J4E7F7,,True,,Batch: Home Massage,,owner,global,,
1b3e5269-44a6-4589-b8f0-c130d518a2ac,Home Massage,,manual,percentage,15,,,2026-08-01,1.0,0,True,2026-05-19T07:01:47.111889+00:00,True,SRAGA-C5Z8G2,,True,,Batch: Home Massage,,owner,global,,
899d6608-c4fa-459b-adef-db0197159a88,Home Massage,,manual,percentage,15,,,2026-08-01,1.0,0,True,2026-05-19T07:01:47.111889+00:00,True,SRAGA-Q9M3N4,,True,,Batch: Home Massage,,owner,global,,
3aedbd76-1a33-4444-b2fd-da33aed8f850,Home Massage,,manual,percentage,15,,,2026-08-01,1.0,0,True,2026-05-19T07:01:47.111889+00:00,True,SRAGA-S5Z9X3,,True,,Batch: Home Massage,,owner,global,,
c716075d-2df7-45fd-a2b0-3f107d791e3c,Home Massage,,manual,percentage,15,,,2026-08-01,1.0,0,True,2026-05-19T07:01:47.111889+00:00,True,SRAGA-T3E7P4,,True,,Batch: Home Massage,,owner,global,,
12d9e61e-1f34-4e7e-b1a7-a5a66b56331b,Home Massage,,manual,percentage,15,,,2026-08-01,1.0,0,True,2026-05-19T07:01:47.111889+00:00,True,SRAGA-U9N4X9,,True,,Batch: Home Massage,,owner,global,,
41385a62-2578-4ab7-bee7-f7c5b0ae9134,Home Massage,,manual,percentage,15,,,2026-08-01,1.0,0,True,2026-05-19T07:01:47.111889+00:00,True,SRAGA-T7A8C3,,True,,Batch: Home Massage,,owner,global,,
3db1159b-8ad9-4bbb-9c8d-e5c2a286bf5a,Home Massage,,manual,percentage,15,,,2026-08-01,1.0,0,True,2026-05-19T07:01:47.111889+00:00,True,SRAGA-Y7T3C6,,True,,Batch: Home Massage,,owner,global,,
d58b9a89-c1eb-4145-918e-2de4094a384f,Home Massage,,manual,percentage,15,,,2026-08-01,1.0,0,True,2026-05-19T07:01:47.111889+00:00,True,SRAGA-G4Z3T5,,True,,Batch: Home Massage,,owner,global,,
d94dc214-0040-4982-8000-1e8e65744720,Home Massage,,manual,percentage,15,,,2026-08-01,1.0,0,True,2026-05-19T07:01:47.111889+00:00,True,SRAGA-G7Z3K7,,True,,Batch: Home Massage,,owner,global,,
2651d4c4-8acb-4ff2-bde8-71fa54af23a8,Home Massage,,manual,percentage,15,,,2026-08-01,1.0,0,True,2026-05-19T07:01:47.111889+00:00,True,SRAGA-J9Z2D8,,True,,Batch: Home Massage,,owner,global,,
ed2030e7-8a4d-4a50-b7f0-639095849b56,Home Massage,,manual,percentage,15,,,2026-08-01,1.0,0,True,2026-05-19T07:01:47.111889+00:00,True,SRAGA-Z9R3Y4,,True,,Batch: Home Massage,,owner,global,,
15164a1d-3447-47e5-8ab6-bb925d02ec6f,Home Massage,,manual,percentage,15,,,2026-08-01,1.0,0,True,2026-05-19T07:01:47.111889+00:00,True,SRAGA-W5S4A6,,True,,Batch: Home Massage,,owner,global,,
43719b9e-068a-463a-9ecc-5d4fa3dc829e,Home Massage,,manual,percentage,15,,,2026-08-01,1.0,0,True,2026-05-19T07:01:47.111889+00:00,True,SRAGA-N9Y8W4,,True,,Batch: Home Massage,,owner,global,,
5c4cff9e-5376-4441-a8c3-93b099c5c23f,Home Massage,,manual,percentage,15,,,2026-08-01,1.0,0,True,2026-05-19T07:01:47.111889+00:00,True,SRAGA-L8B6P5,,True,,Batch: Home Massage,,owner,global,,
80961533-b752-4711-ba3c-f280dc9af39d,Home Massage,,manual,percentage,15,,,2026-08-01,1.0,0,True,2026-05-19T07:01:47.111889+00:00,True,SRAGA-L6A5K2,,True,,Batch: Home Massage,,owner,global,,
2c81e425-32e9-4cd2-ac5e-7ba3284c7475,Home Massage,,manual,percentage,15,,,2026-08-01,1.0,0,True,2026-05-19T07:01:47.111889+00:00,True,SRAGA-B8S6P4,,True,,Batch: Home Massage,,owner,global,,
502ae1b4-fa3c-4ee3-9d74-2fbf2bdccf41,Home Massage,,manual,percentage,15,,,2026-08-01,1.0,0,True,2026-05-19T07:01:47.111889+00:00,True,SRAGA-V2G4C6,,True,,Batch: Home Massage,,owner,global,,
2fb6114b-71ad-46d9-9f60-2bb53db55e81,Voucher Relaksasi,"{""tagline"":""Apresiasi untuk tubuhmu yang sudah lelah beraktivitas hari ini. Voucher Relaksasi Rp20.000 dari SerenaRaga."",""terms1"":""Berlaku untuk layanan Home Service Massage di wilayah Yogyakarta (free transport max 10km)."",""terms2"":""Wajib melakukan reservasi maksimal H-1 sebelum kedatangan."",""terms3"":""Voucher tidak dapat diuangkan atau digabungkan dengan promo lainnya.""}",manual,flat,20000,,,2026-10-01,1.0,0,True,2026-05-20T11:29:43.107829+00:00,True,SRAGA-T4Q7J4,,True,,Batch: Voucher Relaksasi,,owner,global,,
f0d29c85-8a2b-4248-8028-3eeb155297db,Home Massage,,manual,percentage,15,,,2026-08-01,1.0,1,True,2026-05-19T07:01:47.111889+00:00,True,SRAGA-A2V2J5,,True,,Batch: Home Massage,,owner,global,,
453eb571-13b2-44cf-8525-61527a8a98f7,Voucher Relaksasi,"{""tagline"":""Apresiasi untuk tubuhmu yang sudah lelah beraktivitas hari ini. Voucher Relaksasi Rp20.000 dari SerenaRaga."",""terms1"":""Berlaku untuk layanan Home Service Massage di wilayah Yogyakarta (free transport max 10km)."",""terms2"":""Wajib melakukan reservasi maksimal H-1 sebelum kedatangan."",""terms3"":""Voucher tidak dapat diuangkan atau digabungkan dengan promo lainnya.""}",manual,flat,20000,,,2026-10-01,1.0,0,True,2026-05-20T11:29:43.107829+00:00,True,SRAGA-A7H9N2,,True,,Batch: Voucher Relaksasi,,owner,global,,
2975b2db-a47c-41ff-b81c-303a01fab839,Voucher Relaksasi,"{""tagline"":""Apresiasi untuk tubuhmu yang sudah lelah beraktivitas hari ini. Voucher Relaksasi Rp20.000 dari SerenaRaga."",""terms1"":""Berlaku untuk layanan Home Service Massage di wilayah Yogyakarta (free transport max 10km)."",""terms2"":""Wajib melakukan reservasi maksimal H-1 sebelum kedatangan."",""terms3"":""Voucher tidak dapat diuangkan atau digabungkan dengan promo lainnya.""}",manual,flat,20000,,,2026-10-01,1.0,0,True,2026-05-20T11:29:43.107829+00:00,True,SRAGA-T9M5N4,,True,,Batch: Voucher Relaksasi,,owner,global,,
fd3fd294-4de3-472b-b5ad-ab7acd02a295,Voucher Relaksasi,"{""tagline"":""Apresiasi untuk tubuhmu yang sudah lelah beraktivitas hari ini. Voucher Relaksasi Rp20.000 dari SerenaRaga."",""terms1"":""Berlaku untuk layanan Home Service Massage di wilayah Yogyakarta (free transport max 10km)."",""terms2"":""Wajib melakukan reservasi maksimal H-1 sebelum kedatangan."",""terms3"":""Voucher tidak dapat diuangkan atau digabungkan dengan promo lainnya.""}",manual,flat,20000,,,2026-10-01,1.0,0,True,2026-05-20T11:29:43.107829+00:00,True,SRAGA-F9N2T2,,True,,Batch: Voucher Relaksasi,,owner,global,,
bc52e8b7-2255-49e9-aec6-992d983cc627,Voucher Relaksasi,"{""tagline"":""Apresiasi untuk tubuhmu yang sudah lelah beraktivitas hari ini. Voucher Relaksasi Rp20.000 dari SerenaRaga."",""terms1"":""Berlaku untuk layanan Home Service Massage di wilayah Yogyakarta (free transport max 10km)."",""terms2"":""Wajib melakukan reservasi maksimal H-1 sebelum kedatangan."",""terms3"":""Voucher tidak dapat diuangkan atau digabungkan dengan promo lainnya.""}",manual,flat,20000,,,2026-10-01,1.0,0,True,2026-05-20T11:29:43.107829+00:00,True,SRAGA-G7X3N9,,True,,Batch: Voucher Relaksasi,,owner,global,,
6c4dd91b-f3b7-4b4a-b4b8-c4240917d01a,Voucher Relaksasi,"{""tagline"":""Apresiasi untuk tubuhmu yang sudah lelah beraktivitas hari ini. Voucher Relaksasi Rp20.000 dari SerenaRaga."",""terms1"":""Berlaku untuk layanan Home Service Massage di wilayah Yogyakarta (free transport max 10km)."",""terms2"":""Wajib melakukan reservasi maksimal H-1 sebelum kedatangan."",""terms3"":""Voucher tidak dapat diuangkan atau digabungkan dengan promo lainnya.""}",manual,flat,20000,,,2026-10-01,1.0,0,True,2026-05-20T11:29:43.107829+00:00,True,SRAGA-F4Q5J8,,True,,Batch: Voucher Relaksasi,,owner,global,,
60e73435-5105-4464-ba3a-9cc4bc14c1d2,Voucher Relaksasi,"{""tagline"":""Apresiasi untuk tubuhmu yang sudah lelah beraktivitas hari ini. Voucher Relaksasi Rp20.000 dari SerenaRaga."",""terms1"":""Berlaku untuk layanan Home Service Massage di wilayah Yogyakarta (free transport max 10km)."",""terms2"":""Wajib melakukan reservasi maksimal H-1 sebelum kedatangan."",""terms3"":""Voucher tidak dapat diuangkan atau digabungkan dengan promo lainnya.""}",manual,flat,20000,,,2026-10-01,1.0,0,True,2026-05-20T11:29:43.107829+00:00,True,SRAGA-U7S2J4,,True,,Batch: Voucher Relaksasi,,owner,global,,
f59215bd-4843-4fd9-ad46-251da2b1642b,Voucher Relaksasi,"{""tagline"":""Apresiasi untuk tubuhmu yang sudah lelah beraktivitas hari ini. Voucher Relaksasi Rp20.000 dari SerenaRaga."",""terms1"":""Berlaku untuk layanan Home Service Massage di wilayah Yogyakarta (free transport max 10km)."",""terms2"":""Wajib melakukan reservasi maksimal H-1 sebelum kedatangan."",""terms3"":""Voucher tidak dapat diuangkan atau digabungkan dengan promo lainnya.""}",manual,flat,20000,,,2026-10-01,1.0,0,True,2026-05-20T11:29:43.107829+00:00,True,SRAGA-Q3T7K9,,True,,Batch: Voucher Relaksasi,,owner,global,,
ed6906ff-6369-4a0f-ae74-af00863d0a5f,Voucher Relaksasi,"{""tagline"":""Apresiasi untuk tubuhmu yang sudah lelah beraktivitas hari ini. Voucher Relaksasi Rp20.000 dari SerenaRaga."",""terms1"":""Berlaku untuk layanan Home Service Massage di wilayah Yogyakarta (free transport max 10km)."",""terms2"":""Wajib melakukan reservasi maksimal H-1 sebelum kedatangan."",""terms3"":""Voucher tidak dapat diuangkan atau digabungkan dengan promo lainnya.""}",manual,flat,20000,,,2026-10-01,1.0,0,True,2026-05-20T11:29:43.107829+00:00,True,SRAGA-X3K3D5,,True,,Batch: Voucher Relaksasi,,owner,global,,
2ff4623b-d7c7-45b3-add4-d369c8f011a8,Voucher Relaksasi,"{""tagline"":""Apresiasi untuk tubuhmu yang sudah lelah beraktivitas hari ini. Voucher Relaksasi Rp20.000 dari SerenaRaga."",""terms1"":""Berlaku untuk layanan Home Service Massage di wilayah Yogyakarta (free transport max 10km)."",""terms2"":""Wajib melakukan reservasi maksimal H-1 sebelum kedatangan."",""terms3"":""Voucher tidak dapat diuangkan atau digabungkan dengan promo lainnya.""}",manual,flat,20000,,,2026-10-01,1.0,0,True,2026-05-20T11:29:43.107829+00:00,True,SRAGA-M7L3W5,,True,,Batch: Voucher Relaksasi,,owner,global,,
bb3a553e-84c5-45ef-a721-acb55853858e,Voucher Relaksasi,"{""tagline"":""Apresiasi untuk tubuhmu yang sudah lelah beraktivitas hari ini. Voucher Relaksasi Rp20.000 dari SerenaRaga."",""terms1"":""Berlaku untuk layanan Home Service Massage di wilayah Yogyakarta (free transport max 10km)."",""terms2"":""Wajib melakukan reservasi maksimal H-1 sebelum kedatangan."",""terms3"":""Voucher tidak dapat diuangkan atau digabungkan dengan promo lainnya.""}",manual,flat,20000,,,2026-10-01,1.0,0,True,2026-05-20T11:29:43.107829+00:00,True,SRAGA-B7B5Z9,,True,,Batch: Voucher Relaksasi,,owner,global,,
11a08c46-222c-421f-81cb-a5e12120182b,Voucher Relaksasi,"{""tagline"":""Apresiasi untuk tubuhmu yang sudah lelah beraktivitas hari ini. Voucher Relaksasi Rp20.000 dari SerenaRaga."",""terms1"":""Berlaku untuk layanan Home Service Massage di wilayah Yogyakarta (free transport max 10km)."",""terms2"":""Wajib melakukan reservasi maksimal H-1 sebelum kedatangan."",""terms3"":""Voucher tidak dapat diuangkan atau digabungkan dengan promo lainnya.""}",manual,flat,20000,,,2026-10-01,1.0,0,True,2026-05-20T11:29:43.107829+00:00,True,SRAGA-Z5J8K3,,True,,Batch: Voucher Relaksasi,,owner,global,,
de4eb0c0-2a46-46b4-9261-dbe5c37f8566,Voucher Relaksasi,"{""tagline"":""Apresiasi untuk tubuhmu yang sudah lelah beraktivitas hari ini. Voucher Relaksasi Rp20.000 dari SerenaRaga."",""terms1"":""Berlaku untuk layanan Home Service Massage di wilayah Yogyakarta (free transport max 10km)."",""terms2"":""Wajib melakukan reservasi maksimal H-1 sebelum kedatangan."",""terms3"":""Voucher tidak dapat diuangkan atau digabungkan dengan promo lainnya.""}",manual,flat,20000,,,2026-10-01,1.0,0,True,2026-05-20T11:29:43.107829+00:00,True,SRAGA-G3H9M7,,True,,Batch: Voucher Relaksasi,,owner,global,,
b48a2f37-5af9-4ed9-bc8c-6b387dc8d7eb,Voucher Relaksasi,"{""tagline"":""Apresiasi untuk tubuhmu yang sudah lelah beraktivitas hari ini. Voucher Relaksasi Rp20.000 dari SerenaRaga."",""terms1"":""Berlaku untuk layanan Home Service Massage di wilayah Yogyakarta (free transport max 10km)."",""terms2"":""Wajib melakukan reservasi maksimal H-1 sebelum kedatangan."",""terms3"":""Voucher tidak dapat diuangkan atau digabungkan dengan promo lainnya.""}",manual,flat,20000,,,2026-10-01,1.0,0,True,2026-05-20T11:29:43.107829+00:00,True,SRAGA-F8R7M4,,True,,Batch: Voucher Relaksasi,,owner,global,,
fe85b590-a772-4e37-a248-ca9aac01ec0f,Voucher Relaksasi,"{""tagline"":""Apresiasi untuk tubuhmu yang sudah lelah beraktivitas hari ini. Voucher Relaksasi Rp20.000 dari SerenaRaga."",""terms1"":""Berlaku untuk layanan Home Service Massage di wilayah Yogyakarta (free transport max 10km)."",""terms2"":""Wajib melakukan reservasi maksimal H-1 sebelum kedatangan."",""terms3"":""Voucher tidak dapat diuangkan atau digabungkan dengan promo lainnya.""}",manual,flat,20000,,,2026-10-01,1.0,0,True,2026-05-20T11:29:43.107829+00:00,True,SRAGA-N4R4A3,,True,,Batch: Voucher Relaksasi,,owner,global,,
5dd64cff-5a30-4729-88b1-2600898213ca,Voucher Relaksasi,"{""tagline"":""Apresiasi untuk tubuhmu yang sudah lelah beraktivitas hari ini. Voucher Relaksasi Rp20.000 dari SerenaRaga."",""terms1"":""Berlaku untuk layanan Home Service Massage di wilayah Yogyakarta (free transport max 10km)."",""terms2"":""Wajib melakukan reservasi maksimal H-1 sebelum kedatangan."",""terms3"":""Voucher tidak dapat diuangkan atau digabungkan dengan promo lainnya.""}",manual,flat,20000,,,2026-10-01,1.0,0,True,2026-05-20T11:29:43.107829+00:00,True,SRAGA-L5D6P6,,True,,Batch: Voucher Relaksasi,,owner,global,,
d1a490a3-fb72-4c1e-9e37-e42050a724a8,Voucher Relaksasi,"{""tagline"":""Apresiasi untuk tubuhmu yang sudah lelah beraktivitas hari ini. Voucher Relaksasi Rp20.000 dari SerenaRaga."",""terms1"":""Berlaku untuk layanan Home Service Massage di wilayah Yogyakarta (free transport max 10km)."",""terms2"":""Wajib melakukan reservasi maksimal H-1 sebelum kedatangan."",""terms3"":""Voucher tidak dapat diuangkan atau digabungkan dengan promo lainnya.""}",manual,flat,20000,,,2026-10-01,1.0,0,True,2026-05-20T11:29:43.107829+00:00,True,SRAGA-R4S6L6,,True,,Batch: Voucher Relaksasi,,owner,global,,
8be03597-7fef-4539-a0b2-cd902b9f6b20,Voucher Relaksasi,"{""tagline"":""Apresiasi untuk tubuhmu yang sudah lelah beraktivitas hari ini. Voucher Relaksasi Rp20.000 dari SerenaRaga."",""terms1"":""Berlaku untuk layanan Home Service Massage di wilayah Yogyakarta (free transport max 10km)."",""terms2"":""Wajib melakukan reservasi maksimal H-1 sebelum kedatangan."",""terms3"":""Voucher tidak dapat diuangkan atau digabungkan dengan promo lainnya.""}",manual,flat,20000,,,2026-10-01,1.0,0,True,2026-05-20T11:29:43.107829+00:00,True,SRAGA-X4Q7N9,,True,,Batch: Voucher Relaksasi,,owner,global,,
56d872f5-0a99-4882-9dc3-7fc03d662b19,Voucher Relaksasi,"{""tagline"":""Apresiasi untuk tubuhmu yang sudah lelah beraktivitas hari ini. Voucher Relaksasi Rp20.000 dari SerenaRaga."",""terms1"":""Berlaku untuk layanan Home Service Massage di wilayah Yogyakarta (free transport max 10km)."",""terms2"":""Wajib melakukan reservasi maksimal H-1 sebelum kedatangan."",""terms3"":""Voucher tidak dapat diuangkan atau digabungkan dengan promo lainnya.""}",manual,flat,20000,,,2026-10-01,1.0,0,True,2026-05-20T11:29:43.107829+00:00,True,SRAGA-W6V6E3,,True,,Batch: Voucher Relaksasi,,owner,global,,
c4a813e3-3eef-4777-975b-7ae60de69cd0,Voucher Relaksasi,"{""tagline"":""Apresiasi untuk tubuhmu yang sudah lelah beraktivitas hari ini. Voucher Relaksasi Rp20.000 dari SerenaRaga."",""terms1"":""Berlaku untuk layanan Home Service Massage di wilayah Yogyakarta (free transport max 10km)."",""terms2"":""Wajib melakukan reservasi maksimal H-1 sebelum kedatangan."",""terms3"":""Voucher tidak dapat diuangkan atau digabungkan dengan promo lainnya.""}",manual,flat,20000,,,2026-10-01,1.0,0,True,2026-05-20T11:29:43.107829+00:00,True,SRAGA-J9H6D3,,True,,Batch: Voucher Relaksasi,,owner,global,,
96a8916c-631b-4173-868f-dfe92c2131a5,Voucher Relaksasi,"{""tagline"":""Apresiasi untuk tubuhmu yang sudah lelah beraktivitas hari ini. Voucher Relaksasi Rp20.000 dari SerenaRaga."",""terms1"":""Berlaku untuk layanan Home Service Massage di wilayah Yogyakarta (free transport max 10km)."",""terms2"":""Wajib melakukan reservasi maksimal H-1 sebelum kedatangan."",""terms3"":""Voucher tidak dapat diuangkan atau digabungkan dengan promo lainnya.""}",manual,flat,20000,,,2026-10-01,1.0,0,True,2026-05-20T11:29:43.107829+00:00,True,SRAGA-M5N3W5,,True,,Batch: Voucher Relaksasi,,owner,global,,
62888e38-db13-450c-9899-3cc518112794,Voucher Relaksasi,"{""tagline"":""Apresiasi untuk tubuhmu yang sudah lelah beraktivitas hari ini. Voucher Relaksasi Rp20.000 dari SerenaRaga."",""terms1"":""Berlaku untuk layanan Home Service Massage di wilayah Yogyakarta (free transport max 10km)."",""terms2"":""Wajib melakukan reservasi maksimal H-1 sebelum kedatangan."",""terms3"":""Voucher tidak dapat diuangkan atau digabungkan dengan promo lainnya.""}",manual,flat,20000,,,2026-10-01,1.0,0,True,2026-05-20T11:29:43.107829+00:00,True,SRAGA-Q5Z7A6,,True,,Batch: Voucher Relaksasi,,owner,global,,
17811a83-705a-4c43-9bc5-a33e09d628b7,Voucher Relaksasi,"{""tagline"":""Apresiasi untuk tubuhmu yang sudah lelah beraktivitas hari ini. Voucher Relaksasi Rp20.000 dari SerenaRaga."",""terms1"":""Berlaku untuk layanan Home Service Massage di wilayah Yogyakarta (free transport max 10km)."",""terms2"":""Wajib melakukan reservasi maksimal H-1 sebelum kedatangan."",""terms3"":""Voucher tidak dapat diuangkan atau digabungkan dengan promo lainnya.""}",manual,flat,20000,,,2026-10-01,1.0,0,True,2026-05-20T11:29:43.107829+00:00,True,SRAGA-S5P6V5,,True,,Batch: Voucher Relaksasi,,owner,global,,
41966b9f-c37d-4d44-a1c6-47a2bc2b20c4,Voucher Relaksasi,"{""tagline"":""Apresiasi untuk tubuhmu yang sudah lelah beraktivitas hari ini. Voucher Relaksasi Rp20.000 dari SerenaRaga."",""terms1"":""Berlaku untuk layanan Home Service Massage di wilayah Yogyakarta (free transport max 10km)."",""terms2"":""Wajib melakukan reservasi maksimal H-1 sebelum kedatangan."",""terms3"":""Voucher tidak dapat diuangkan atau digabungkan dengan promo lainnya.""}",manual,flat,20000,,,2026-10-01,1.0,0,True,2026-05-20T11:29:43.107829+00:00,True,SRAGA-B3E7F4,,True,,Batch: Voucher Relaksasi,,owner,global,,
96a2bc90-27e5-4336-a875-749eff043835,Voucher Relaksasi,"{""tagline"":""Apresiasi untuk tubuhmu yang sudah lelah beraktivitas hari ini. Voucher Relaksasi Rp20.000 dari SerenaRaga."",""terms1"":""Berlaku untuk layanan Home Service Massage di wilayah Yogyakarta (free transport max 10km)."",""terms2"":""Wajib melakukan reservasi maksimal H-1 sebelum kedatangan."",""terms3"":""Voucher tidak dapat diuangkan atau digabungkan dengan promo lainnya.""}",manual,flat,20000,,,2026-10-01,1.0,0,True,2026-05-20T11:29:43.107829+00:00,True,SRAGA-S6U2H7,,True,,Batch: Voucher Relaksasi,,owner,global,,
54a14570-8808-41ae-a494-3a46258f83c1,Voucher Relaksasi,"{""tagline"":""Apresiasi untuk tubuhmu yang sudah lelah beraktivitas hari ini. Voucher Relaksasi Rp20.000 dari SerenaRaga."",""terms1"":""Berlaku untuk layanan Home Service Massage di wilayah Yogyakarta (free transport max 10km)."",""terms2"":""Wajib melakukan reservasi maksimal H-1 sebelum kedatangan."",""terms3"":""Voucher tidak dapat diuangkan atau digabungkan dengan promo lainnya.""}",manual,flat,20000,,,2026-10-01,1.0,0,True,2026-05-20T11:29:43.107829+00:00,True,SRAGA-Q7H4K2,,True,,Batch: Voucher Relaksasi,,owner,global,,
8cd35f97-d9df-46f8-b6a7-e7ac1376d773,Voucher Relaksasi,"{""tagline"":""Apresiasi untuk tubuhmu yang sudah lelah beraktivitas hari ini. Voucher Relaksasi Rp20.000 dari SerenaRaga."",""terms1"":""Berlaku untuk layanan Home Service Massage di wilayah Yogyakarta (free transport max 10km)."",""terms2"":""Wajib melakukan reservasi maksimal H-1 sebelum kedatangan."",""terms3"":""Voucher tidak dapat diuangkan atau digabungkan dengan promo lainnya.""}",manual,flat,20000,,,2026-10-01,1.0,0,True,2026-05-20T11:29:43.107829+00:00,True,SRAGA-X2T9W8,,True,,Batch: Voucher Relaksasi,,owner,global,,
398f4672-03aa-4be2-a63b-ff4a6906d160,Voucher Relaksasi,"{""tagline"":""Apresiasi untuk tubuhmu yang sudah lelah beraktivitas hari ini. Voucher Relaksasi Rp20.000 dari SerenaRaga."",""terms1"":""Berlaku untuk layanan Home Service Massage di wilayah Yogyakarta (free transport max 10km)."",""terms2"":""Wajib melakukan reservasi maksimal H-1 sebelum kedatangan."",""terms3"":""Voucher tidak dapat diuangkan atau digabungkan dengan promo lainnya.""}",manual,flat,20000,,,2026-10-01,1.0,0,True,2026-05-20T11:29:43.107829+00:00,True,SRAGA-H6D7N4,,True,,Batch: Voucher Relaksasi,,owner,global,,
ee104462-2aa5-4951-b2d8-fed2a9533fe7,Voucher Relaksasi,"{""tagline"":""Apresiasi untuk tubuhmu yang sudah lelah beraktivitas hari ini. Voucher Relaksasi Rp20.000 dari SerenaRaga."",""terms1"":""Berlaku untuk layanan Home Service Massage di wilayah Yogyakarta (free transport max 10km)."",""terms2"":""Wajib melakukan reservasi maksimal H-1 sebelum kedatangan."",""terms3"":""Voucher tidak dapat diuangkan atau digabungkan dengan promo lainnya.""}",manual,flat,20000,,,2026-10-01,1.0,0,True,2026-05-20T11:29:43.107829+00:00,True,SRAGA-A2H4R9,,True,,Batch: Voucher Relaksasi,,owner,global,,
af1c52c8-1d86-4363-a651-6049838d4431,Voucher Relaksasi,"{""tagline"":""Apresiasi untuk tubuhmu yang sudah lelah beraktivitas hari ini. Voucher Relaksasi Rp20.000 dari SerenaRaga."",""terms1"":""Berlaku untuk layanan Home Service Massage di wilayah Yogyakarta (free transport max 10km)."",""terms2"":""Wajib melakukan reservasi maksimal H-1 sebelum kedatangan."",""terms3"":""Voucher tidak dapat diuangkan atau digabungkan dengan promo lainnya.""}",manual,flat,20000,,,2026-10-01,1.0,0,True,2026-05-20T11:29:43.107829+00:00,True,SRAGA-A2T7W8,,True,,Batch: Voucher Relaksasi,,owner,global,,
52e96303-e7b8-4b9e-a6f4-b517ef070883,Voucher Relaksasi,"{""tagline"":""Apresiasi untuk tubuhmu yang sudah lelah beraktivitas hari ini. Voucher Relaksasi Rp20.000 dari SerenaRaga."",""terms1"":""Berlaku untuk layanan Home Service Massage di wilayah Yogyakarta (free transport max 10km)."",""terms2"":""Wajib melakukan reservasi maksimal H-1 sebelum kedatangan."",""terms3"":""Voucher tidak dapat diuangkan atau digabungkan dengan promo lainnya.""}",manual,flat,20000,,,2026-10-01,1.0,0,True,2026-05-20T11:29:43.107829+00:00,True,SRAGA-F8X4E3,,True,,Batch: Voucher Relaksasi,,owner,global,,
683e6964-d755-431c-9957-a79aca7eaa83,Voucher Relaksasi,"{""tagline"":""Apresiasi untuk tubuhmu yang sudah lelah beraktivitas hari ini. Voucher Relaksasi Rp20.000 dari SerenaRaga."",""terms1"":""Berlaku untuk layanan Home Service Massage di wilayah Yogyakarta (free transport max 10km)."",""terms2"":""Wajib melakukan reservasi maksimal H-1 sebelum kedatangan."",""terms3"":""Voucher tidak dapat diuangkan atau digabungkan dengan promo lainnya.""}",manual,flat,20000,,,2026-10-01,1.0,0,True,2026-05-20T11:29:43.107829+00:00,True,SRAGA-B5M4L4,,True,,Batch: Voucher Relaksasi,,owner,global,,
7d78ce82-a074-4900-880a-617824adc3e7,Voucher Relaksasi,"{""tagline"":""Apresiasi untuk tubuhmu yang sudah lelah beraktivitas hari ini. Voucher Relaksasi Rp20.000 dari SerenaRaga."",""terms1"":""Berlaku untuk layanan Home Service Massage di wilayah Yogyakarta (free transport max 10km)."",""terms2"":""Wajib melakukan reservasi maksimal H-1 sebelum kedatangan."",""terms3"":""Voucher tidak dapat diuangkan atau digabungkan dengan promo lainnya.""}",manual,flat,20000,,,2026-10-01,1.0,0,True,2026-05-20T11:29:43.107829+00:00,True,SRAGA-A7J4T7,,True,,Batch: Voucher Relaksasi,,owner,global,,
c0be67f4-e6d7-4c1a-807f-97e13cbdec7f,Voucher Relaksasi,"{""tagline"":""Apresiasi untuk tubuhmu yang sudah lelah beraktivitas hari ini. Voucher Relaksasi Rp20.000 dari SerenaRaga."",""terms1"":""Berlaku untuk layanan Home Service Massage di wilayah Yogyakarta (free transport max 10km)."",""terms2"":""Wajib melakukan reservasi maksimal H-1 sebelum kedatangan."",""terms3"":""Voucher tidak dapat diuangkan atau digabungkan dengan promo lainnya.""}",manual,flat,20000,,,2026-10-01,1.0,0,True,2026-05-20T11:29:43.107829+00:00,True,SRAGA-Y5E6M7,,True,,Batch: Voucher Relaksasi,,owner,global,,
ca7225da-c36c-4319-b5ab-b268782eb91b,Voucher Relaksasi,"{""tagline"":""Apresiasi untuk tubuhmu yang sudah lelah beraktivitas hari ini. Voucher Relaksasi Rp20.000 dari SerenaRaga."",""terms1"":""Berlaku untuk layanan Home Service Massage di wilayah Yogyakarta (free transport max 10km)."",""terms2"":""Wajib melakukan reservasi maksimal H-1 sebelum kedatangan."",""terms3"":""Voucher tidak dapat diuangkan atau digabungkan dengan promo lainnya.""}",manual,flat,20000,,,2026-10-01,1.0,0,True,2026-05-20T11:29:43.107829+00:00,True,SRAGA-B4C7Z7,,True,,Batch: Voucher Relaksasi,,owner,global,,
3a33eef1-2001-47bf-9fbd-220e9aa4d417,Voucher Relaksasi,"{""tagline"":""Apresiasi untuk tubuhmu yang sudah lelah beraktivitas hari ini. Voucher Relaksasi Rp20.000 dari SerenaRaga."",""terms1"":""Berlaku untuk layanan Home Service Massage di wilayah Yogyakarta (free transport max 10km)."",""terms2"":""Wajib melakukan reservasi maksimal H-1 sebelum kedatangan."",""terms3"":""Voucher tidak dapat diuangkan atau digabungkan dengan promo lainnya.""}",manual,flat,20000,,,2026-10-01,1.0,0,True,2026-05-20T11:29:43.107829+00:00,True,SRAGA-L6H2Z8,,True,,Batch: Voucher Relaksasi,,owner,global,,
be88682f-7f36-4565-bb4b-c5dbd54c39e4,Voucher Relaksasi,"{""tagline"":""Apresiasi untuk tubuhmu yang sudah lelah beraktivitas hari ini. Voucher Relaksasi Rp20.000 dari SerenaRaga."",""terms1"":""Berlaku untuk layanan Home Service Massage di wilayah Yogyakarta (free transport max 10km)."",""terms2"":""Wajib melakukan reservasi maksimal H-1 sebelum kedatangan."",""terms3"":""Voucher tidak dapat diuangkan atau digabungkan dengan promo lainnya.""}",manual,flat,20000,,,2026-10-01,1.0,0,True,2026-05-20T11:29:43.107829+00:00,True,SRAGA-N2K8J5,,True,,Batch: Voucher Relaksasi,,owner,global,,
3c1dba7c-8937-4633-9cf8-aa84d01c8f65,Voucher Relaksasi,"{""tagline"":""Apresiasi untuk tubuhmu yang sudah lelah beraktivitas hari ini. Voucher Relaksasi Rp20.000 dari SerenaRaga."",""terms1"":""Berlaku untuk layanan Home Service Massage di wilayah Yogyakarta (free transport max 10km)."",""terms2"":""Wajib melakukan reservasi maksimal H-1 sebelum kedatangan."",""terms3"":""Voucher tidak dapat diuangkan atau digabungkan dengan promo lainnya.""}",manual,flat,20000,,,2026-10-01,1.0,0,True,2026-05-20T11:29:43.107829+00:00,True,SRAGA-W9T5R2,,True,,Batch: Voucher Relaksasi,,owner,global,,
bdd6d30a-1ba3-40a3-b049-f6b595c3f870,Voucher Relaksasi,"{""tagline"":""Apresiasi untuk tubuhmu yang sudah lelah beraktivitas hari ini. Voucher Relaksasi Rp20.000 dari SerenaRaga."",""terms1"":""Berlaku untuk layanan Home Service Massage di wilayah Yogyakarta (free transport max 10km)."",""terms2"":""Wajib melakukan reservasi maksimal H-1 sebelum kedatangan."",""terms3"":""Voucher tidak dapat diuangkan atau digabungkan dengan promo lainnya.""}",manual,flat,20000,,,2026-10-01,1.0,0,True,2026-05-20T11:29:43.107829+00:00,True,SRAGA-P7J9G7,,True,,Batch: Voucher Relaksasi,,owner,global,,
61b210ef-ed41-456e-ac46-1e6ada4b87e8,Voucher Relaksasi,"{""tagline"":""Apresiasi untuk tubuhmu yang sudah lelah beraktivitas hari ini. Voucher Relaksasi Rp20.000 dari SerenaRaga."",""terms1"":""Berlaku untuk layanan Home Service Massage di wilayah Yogyakarta (free transport max 10km)."",""terms2"":""Wajib melakukan reservasi maksimal H-1 sebelum kedatangan."",""terms3"":""Voucher tidak dapat diuangkan atau digabungkan dengan promo lainnya.""}",manual,flat,20000,,,2026-10-01,1.0,0,True,2026-05-20T11:29:43.107829+00:00,True,SRAGA-X5C5Q5,,True,,Batch: Voucher Relaksasi,,owner,global,,
dee341b7-2736-4ca4-9916-8221f62ec86b,Voucher Relaksasi,"{""tagline"":""Apresiasi untuk tubuhmu yang sudah lelah beraktivitas hari ini. Voucher Relaksasi Rp20.000 dari SerenaRaga."",""terms1"":""Berlaku untuk layanan Home Service Massage di wilayah Yogyakarta (free transport max 10km)."",""terms2"":""Wajib melakukan reservasi maksimal H-1 sebelum kedatangan."",""terms3"":""Voucher tidak dapat diuangkan atau digabungkan dengan promo lainnya.""}",manual,flat,20000,,,2026-10-01,1.0,0,True,2026-05-20T11:29:43.107829+00:00,True,SRAGA-D8S9Q2,,True,,Batch: Voucher Relaksasi,,owner,global,,
2639171c-2148-43a3-9dcc-a8b6e96369de,Voucher Relaksasi,"{""tagline"":""Apresiasi untuk tubuhmu yang sudah lelah beraktivitas hari ini. Voucher Relaksasi Rp20.000 dari SerenaRaga."",""terms1"":""Berlaku untuk layanan Home Service Massage di wilayah Yogyakarta (free transport max 10km)."",""terms2"":""Wajib melakukan reservasi maksimal H-1 sebelum kedatangan."",""terms3"":""Voucher tidak dapat diuangkan atau digabungkan dengan promo lainnya.""}",manual,flat,20000,,,2026-10-01,1.0,0,True,2026-05-20T11:29:43.107829+00:00,True,SRAGA-R8L5R9,,True,,Batch: Voucher Relaksasi,,owner,global,,
4e864d9c-fa5e-43cf-91e9-b2bbe238615a,Voucher Relaksasi,"{""tagline"":""Apresiasi untuk tubuhmu yang sudah lelah beraktivitas hari ini. Voucher Relaksasi Rp20.000 dari SerenaRaga."",""terms1"":""Berlaku untuk layanan Home Service Massage di wilayah Yogyakarta (free transport max 10km)."",""terms2"":""Wajib melakukan reservasi maksimal H-1 sebelum kedatangan."",""terms3"":""Voucher tidak dapat diuangkan atau digabungkan dengan promo lainnya.""}",manual,flat,20000,,,2026-10-01,1.0,0,True,2026-05-20T11:29:43.107829+00:00,True,SRAGA-D5P6X9,,True,,Batch: Voucher Relaksasi,,owner,global,,
4e15bbcc-7be1-4353-966c-3beff7f5c8b5,Voucher Relaksasi,"{""tagline"":""Apresiasi untuk tubuhmu yang sudah lelah beraktivitas hari ini. Voucher Relaksasi Rp20.000 dari SerenaRaga."",""terms1"":""Berlaku untuk layanan Home Service Massage di wilayah Yogyakarta (free transport max 10km)."",""terms2"":""Wajib melakukan reservasi maksimal H-1 sebelum kedatangan."",""terms3"":""Voucher tidak dapat diuangkan atau digabungkan dengan promo lainnya.""}",manual,flat,20000,,,2026-10-01,1.0,0,True,2026-05-20T11:29:43.107829+00:00,True,SRAGA-Z6C3E4,,True,,Batch: Voucher Relaksasi,,owner,global,,
bf4c6f31-c67e-434a-a79c-f5d82d62c78a,Voucher Relaksasi,"{""tagline"":""Apresiasi untuk tubuhmu yang sudah lelah beraktivitas hari ini. Voucher Relaksasi Rp20.000 dari SerenaRaga."",""terms1"":""Berlaku untuk layanan Home Service Massage di wilayah Yogyakarta (free transport max 10km)."",""terms2"":""Wajib melakukan reservasi maksimal H-1 sebelum kedatangan."",""terms3"":""Voucher tidak dapat diuangkan atau digabungkan dengan promo lainnya.""}",manual,flat,20000,,,2026-10-01,1.0,0,True,2026-05-20T11:29:43.107829+00:00,True,SRAGA-U6T3T6,,True,,Batch: Voucher Relaksasi,,owner,global,,
39491289-f23a-449a-bbc9-26a68ea26800,Voucher Relaksasi,"{""tagline"":""Apresiasi untuk tubuhmu yang sudah lelah beraktivitas hari ini. Voucher Relaksasi Rp20.000 dari SerenaRaga."",""terms1"":""Berlaku untuk layanan Home Service Massage di wilayah Yogyakarta (free transport max 10km)."",""terms2"":""Wajib melakukan reservasi maksimal H-1 sebelum kedatangan."",""terms3"":""Voucher tidak dapat diuangkan atau digabungkan dengan promo lainnya.""}",manual,flat,20000,,,2026-10-01,1.0,0,True,2026-05-20T11:29:43.107829+00:00,True,SRAGA-U8M8J6,,True,,Batch: Voucher Relaksasi,,owner,global,,
e66be4b0-cb84-42c4-b273-dc8800f074a5,Voucher Relaksasi,"{""tagline"":""Apresiasi untuk tubuhmu yang sudah lelah beraktivitas hari ini. Voucher Relaksasi Rp20.000 dari SerenaRaga."",""terms1"":""Berlaku untuk layanan Home Service Massage di wilayah Yogyakarta (free transport max 10km)."",""terms2"":""Wajib melakukan reservasi maksimal H-1 sebelum kedatangan."",""terms3"":""Voucher tidak dapat diuangkan atau digabungkan dengan promo lainnya.""}",manual,flat,20000,,,2026-10-01,1.0,0,True,2026-05-20T11:29:43.107829+00:00,True,SRAGA-P8L2G2,,True,,Batch: Voucher Relaksasi,,owner,global,,
fbcad4c6-cabb-4140-aa15-d4366f5fa280,Voucher Relaksasi,"{""tagline"":""Apresiasi untuk tubuhmu yang sudah lelah beraktivitas hari ini. Voucher Relaksasi Rp20.000 dari SerenaRaga."",""terms1"":""Berlaku untuk layanan Home Service Massage di wilayah Yogyakarta (free transport max 10km)."",""terms2"":""Wajib melakukan reservasi maksimal H-1 sebelum kedatangan."",""terms3"":""Voucher tidak dapat diuangkan atau digabungkan dengan promo lainnya.""}",manual,flat,20000,,,2026-10-01,1.0,0,True,2026-05-20T11:29:43.107829+00:00,True,SRAGA-N9P4E7,,True,,Batch: Voucher Relaksasi,,owner,global,,
fc7e81bc-40e5-4117-a62c-f17af01a96aa,Voucher Relaksasi,"{""tagline"":""Apresiasi untuk tubuhmu yang sudah lelah beraktivitas hari ini. Voucher Relaksasi Rp20.000 dari SerenaRaga."",""terms1"":""Berlaku untuk layanan Home Service Massage di wilayah Yogyakarta (free transport max 10km)."",""terms2"":""Wajib melakukan reservasi maksimal H-1 sebelum kedatangan."",""terms3"":""Voucher tidak dapat diuangkan atau digabungkan dengan promo lainnya.""}",manual,flat,20000,,,2026-10-01,1.0,0,True,2026-05-20T11:29:43.107829+00:00,True,SRAGA-N9S3Q3,,True,,Batch: Voucher Relaksasi,,owner,global,,
d6bd1c80-9acd-47c4-9b3a-6205ec9c56dc,Voucher Relaksasi,"{""tagline"":""Apresiasi untuk tubuhmu yang sudah lelah beraktivitas hari ini. Voucher Relaksasi Rp20.000 dari SerenaRaga."",""terms1"":""Berlaku untuk layanan Home Service Massage di wilayah Yogyakarta (free transport max 10km)."",""terms2"":""Wajib melakukan reservasi maksimal H-1 sebelum kedatangan."",""terms3"":""Voucher tidak dapat diuangkan atau digabungkan dengan promo lainnya.""}",manual,flat,20000,,,2026-10-01,1.0,0,True,2026-05-20T11:29:43.107829+00:00,True,SRAGA-C3C9H9,,True,,Batch: Voucher Relaksasi,,owner,global,,
50ba6a86-989b-4f1f-9827-4fcff2e98b89,Voucher Relaksasi,"{""tagline"":""Apresiasi untuk tubuhmu yang sudah lelah beraktivitas hari ini. Voucher Relaksasi Rp20.000 dari SerenaRaga."",""terms1"":""Berlaku untuk layanan Home Service Massage di wilayah Yogyakarta (free transport max 10km)."",""terms2"":""Wajib melakukan reservasi maksimal H-1 sebelum kedatangan."",""terms3"":""Voucher tidak dapat diuangkan atau digabungkan dengan promo lainnya.""}",manual,flat,20000,,,2026-10-01,1.0,0,True,2026-05-20T11:29:43.107829+00:00,True,SRAGA-U3L6L2,,True,,Batch: Voucher Relaksasi,,owner,global,,
d592b120-03f4-4c0a-85c6-b27d8d372ad6,Voucher Relaksasi,"{""tagline"":""Apresiasi untuk tubuhmu yang sudah lelah beraktivitas hari ini. Voucher Relaksasi Rp20.000 dari SerenaRaga."",""terms1"":""Berlaku untuk layanan Home Service Massage di wilayah Yogyakarta (free transport max 10km)."",""terms2"":""Wajib melakukan reservasi maksimal H-1 sebelum kedatangan."",""terms3"":""Voucher tidak dapat diuangkan atau digabungkan dengan promo lainnya.""}",manual,flat,20000,,,2026-10-01,1.0,0,True,2026-05-20T11:29:43.107829+00:00,True,SRAGA-J7C4D9,,True,,Batch: Voucher Relaksasi,,owner,global,,
a6e6a0bb-d273-4c75-bb7c-704148c582ed,Voucher Relaksasi,"{""tagline"":""Apresiasi untuk tubuhmu yang sudah lelah beraktivitas hari ini. Voucher Relaksasi Rp20.000 dari SerenaRaga."",""terms1"":""Berlaku untuk layanan Home Service Massage di wilayah Yogyakarta (free transport max 10km)."",""terms2"":""Wajib melakukan reservasi maksimal H-1 sebelum kedatangan."",""terms3"":""Voucher tidak dapat diuangkan atau digabungkan dengan promo lainnya.""}",manual,flat,20000,,,2026-10-01,1.0,0,True,2026-05-20T11:29:43.107829+00:00,True,SRAGA-P7K6Y2,,True,,Batch: Voucher Relaksasi,,owner,global,,
7a2e53c6-9229-4f96-829d-369f69f94936,Voucher Relaksasi,"{""tagline"":""Apresiasi untuk tubuhmu yang sudah lelah beraktivitas hari ini. Voucher Relaksasi Rp20.000 dari SerenaRaga."",""terms1"":""Berlaku untuk layanan Home Service Massage di wilayah Yogyakarta (free transport max 10km)."",""terms2"":""Wajib melakukan reservasi maksimal H-1 sebelum kedatangan."",""terms3"":""Voucher tidak dapat diuangkan atau digabungkan dengan promo lainnya.""}",manual,flat,20000,,,2026-10-01,1.0,0,True,2026-05-20T11:29:43.107829+00:00,True,SRAGA-W5X2X6,,True,,Batch: Voucher Relaksasi,,owner,global,,
b4f664d5-348d-43d3-b691-5365b89b2ea4,Voucher Relaksasi,"{""tagline"":""Apresiasi untuk tubuhmu yang sudah lelah beraktivitas hari ini. Voucher Relaksasi Rp20.000 dari SerenaRaga."",""terms1"":""Berlaku untuk layanan Home Service Massage di wilayah Yogyakarta (free transport max 10km)."",""terms2"":""Wajib melakukan reservasi maksimal H-1 sebelum kedatangan."",""terms3"":""Voucher tidak dapat diuangkan atau digabungkan dengan promo lainnya.""}",manual,flat,20000,,,2026-10-01,1.0,0,True,2026-05-20T11:29:43.107829+00:00,True,SRAGA-Q6W8M7,,True,,Batch: Voucher Relaksasi,,owner,global,,
3b3f1dce-5fc8-4cf3-9f31-a1798ebb387a,Voucher Relaksasi,"{""tagline"":""Apresiasi untuk tubuhmu yang sudah lelah beraktivitas hari ini. Voucher Relaksasi Rp20.000 dari SerenaRaga."",""terms1"":""Berlaku untuk layanan Home Service Massage di wilayah Yogyakarta (free transport max 10km)."",""terms2"":""Wajib melakukan reservasi maksimal H-1 sebelum kedatangan."",""terms3"":""Voucher tidak dapat diuangkan atau digabungkan dengan promo lainnya.""}",manual,flat,20000,,,2026-10-01,1.0,0,True,2026-05-20T11:29:43.107829+00:00,True,SRAGA-P3A2K8,,True,,Batch: Voucher Relaksasi,,owner,global,,
37b1e3ce-16f2-40df-bfe5-701953ab69e3,Voucher Relaksasi,"{""tagline"":""Apresiasi untuk tubuhmu yang sudah lelah beraktivitas hari ini. Voucher Relaksasi Rp20.000 dari SerenaRaga."",""terms1"":""Berlaku untuk layanan Home Service Massage di wilayah Yogyakarta (free transport max 10km)."",""terms2"":""Wajib melakukan reservasi maksimal H-1 sebelum kedatangan."",""terms3"":""Voucher tidak dapat diuangkan atau digabungkan dengan promo lainnya.""}",manual,flat,20000,,,2026-10-01,1.0,0,True,2026-05-20T11:29:43.107829+00:00,True,SRAGA-D7P7E2,,True,,Batch: Voucher Relaksasi,,owner,global,,
a632785c-c4fa-4643-8c58-0b7f17dadd16,Voucher Relaksasi,"{""tagline"":""Apresiasi untuk tubuhmu yang sudah lelah beraktivitas hari ini. Voucher Relaksasi Rp20.000 dari SerenaRaga."",""terms1"":""Berlaku untuk layanan Home Service Massage di wilayah Yogyakarta (free transport max 10km)."",""terms2"":""Wajib melakukan reservasi maksimal H-1 sebelum kedatangan."",""terms3"":""Voucher tidak dapat diuangkan atau digabungkan dengan promo lainnya.""}",manual,flat,20000,,,2026-10-01,1.0,0,True,2026-05-20T11:29:43.107829+00:00,True,SRAGA-Q7Z3D2,,True,,Batch: Voucher Relaksasi,,owner,global,,
8976df70-5cec-417a-9c85-d33a8ae49f74,Voucher Relaksasi,"{""tagline"":""Apresiasi untuk tubuhmu yang sudah lelah beraktivitas hari ini. Voucher Relaksasi Rp20.000 dari SerenaRaga."",""terms1"":""Berlaku untuk layanan Home Service Massage di wilayah Yogyakarta (free transport max 10km)."",""terms2"":""Wajib melakukan reservasi maksimal H-1 sebelum kedatangan."",""terms3"":""Voucher tidak dapat diuangkan atau digabungkan dengan promo lainnya.""}",manual,flat,20000,,,2026-10-01,1.0,0,True,2026-05-20T11:29:43.107829+00:00,True,SRAGA-Y7S7N3,,True,,Batch: Voucher Relaksasi,,owner,global,,
c34c29d1-f6b3-4ffd-accb-97465e697be5,Voucher Relaksasi,"{""tagline"":""Apresiasi untuk tubuhmu yang sudah lelah beraktivitas hari ini. Voucher Relaksasi Rp20.000 dari SerenaRaga."",""terms1"":""Berlaku untuk layanan Home Service Massage di wilayah Yogyakarta (free transport max 10km)."",""terms2"":""Wajib melakukan reservasi maksimal H-1 sebelum kedatangan."",""terms3"":""Voucher tidak dapat diuangkan atau digabungkan dengan promo lainnya.""}",manual,flat,20000,,,2026-10-01,1.0,0,True,2026-05-20T11:29:43.107829+00:00,True,SRAGA-Q2G7Q4,,True,,Batch: Voucher Relaksasi,,owner,global,,
6496c69e-fd03-4b6e-ab25-288fdc891ee8,Voucher Relaksasi,"{""tagline"":""Apresiasi untuk tubuhmu yang sudah lelah beraktivitas hari ini. Voucher Relaksasi Rp20.000 dari SerenaRaga."",""terms1"":""Berlaku untuk layanan Home Service Massage di wilayah Yogyakarta (free transport max 10km)."",""terms2"":""Wajib melakukan reservasi maksimal H-1 sebelum kedatangan."",""terms3"":""Voucher tidak dapat diuangkan atau digabungkan dengan promo lainnya.""}",manual,flat,20000,,,2026-10-01,1.0,0,True,2026-05-20T11:29:43.107829+00:00,True,SRAGA-E5F7K6,,True,,Batch: Voucher Relaksasi,,owner,global,,
eadee25d-a1f3-4f06-9488-f944c0485d03,Voucher Relaksasi,"{""tagline"":""Apresiasi untuk tubuhmu yang sudah lelah beraktivitas hari ini. Voucher Relaksasi Rp20.000 dari SerenaRaga."",""terms1"":""Berlaku untuk layanan Home Service Massage di wilayah Yogyakarta (free transport max 10km)."",""terms2"":""Wajib melakukan reservasi maksimal H-1 sebelum kedatangan."",""terms3"":""Voucher tidak dapat diuangkan atau digabungkan dengan promo lainnya.""}",manual,flat,20000,,,2026-10-01,1.0,0,True,2026-05-20T11:29:43.107829+00:00,True,SRAGA-P8D4N5,,True,,Batch: Voucher Relaksasi,,owner,global,,
53ad0b3e-2929-41e5-8606-583997413a19,Voucher Relaksasi,"{""tagline"":""Apresiasi untuk tubuhmu yang sudah lelah beraktivitas hari ini. Voucher Relaksasi Rp20.000 dari SerenaRaga."",""terms1"":""Berlaku untuk layanan Home Service Massage di wilayah Yogyakarta (free transport max 10km)."",""terms2"":""Wajib melakukan reservasi maksimal H-1 sebelum kedatangan."",""terms3"":""Voucher tidak dapat diuangkan atau digabungkan dengan promo lainnya.""}",manual,flat,20000,,,2026-10-01,1.0,0,True,2026-05-20T11:29:43.107829+00:00,True,SRAGA-K6Y8S8,,True,,Batch: Voucher Relaksasi,,owner,global,,
2e85ffd3-5f04-404f-bc82-dc27a9ea362b,Voucher Relaksasi,"{""tagline"":""Apresiasi untuk tubuhmu yang sudah lelah beraktivitas hari ini. Voucher Relaksasi Rp20.000 dari SerenaRaga."",""terms1"":""Berlaku untuk layanan Home Service Massage di wilayah Yogyakarta (free transport max 10km)."",""terms2"":""Wajib melakukan reservasi maksimal H-1 sebelum kedatangan."",""terms3"":""Voucher tidak dapat diuangkan atau digabungkan dengan promo lainnya.""}",manual,flat,20000,,,2026-10-01,1.0,0,True,2026-05-20T11:29:43.107829+00:00,True,SRAGA-G8C9N4,,True,,Batch: Voucher Relaksasi,,owner,global,,
3f040cb6-0009-4f0d-be8f-7c205a3a1a11,Voucher Relaksasi,"{""tagline"":""Apresiasi untuk tubuhmu yang sudah lelah beraktivitas hari ini. Voucher Relaksasi Rp20.000 dari SerenaRaga."",""terms1"":""Berlaku untuk layanan Home Service Massage di wilayah Yogyakarta (free transport max 10km)."",""terms2"":""Wajib melakukan reservasi maksimal H-1 sebelum kedatangan."",""terms3"":""Voucher tidak dapat diuangkan atau digabungkan dengan promo lainnya.""}",manual,flat,20000,,,2026-10-01,1.0,0,True,2026-05-20T11:29:43.107829+00:00,True,SRAGA-U9X9N7,,True,,Batch: Voucher Relaksasi,,owner,global,,
02307873-a60c-449c-a3a5-2ff1b678bcb1,Voucher Relaksasi,"{""tagline"":""Apresiasi untuk tubuhmu yang sudah lelah beraktivitas hari ini. Voucher Relaksasi Rp20.000 dari SerenaRaga."",""terms1"":""Berlaku untuk layanan Home Service Massage di wilayah Yogyakarta (free transport max 10km)."",""terms2"":""Wajib melakukan reservasi maksimal H-1 sebelum kedatangan."",""terms3"":""Voucher tidak dapat diuangkan atau digabungkan dengan promo lainnya.""}",manual,flat,20000,,,2026-10-01,1.0,0,True,2026-05-20T11:29:43.107829+00:00,True,SRAGA-X7B4X8,,True,,Batch: Voucher Relaksasi,,owner,global,,
f07568c7-1efb-44d1-9a22-9016cc24b5f0,Voucher Relaksasi,"{""tagline"":""Apresiasi untuk tubuhmu yang sudah lelah beraktivitas hari ini. Voucher Relaksasi Rp20.000 dari SerenaRaga."",""terms1"":""Berlaku untuk layanan Home Service Massage di wilayah Yogyakarta (free transport max 10km)."",""terms2"":""Wajib melakukan reservasi maksimal H-1 sebelum kedatangan."",""terms3"":""Voucher tidak dapat diuangkan atau digabungkan dengan promo lainnya.""}",manual,flat,20000,,,2026-10-01,1.0,0,True,2026-05-20T11:29:43.107829+00:00,True,SRAGA-P4J8R5,,True,,Batch: Voucher Relaksasi,,owner,global,,
e1980d1f-1c0f-409b-9585-f8c74c4879c5,Voucher Relaksasi,"{""tagline"":""Apresiasi untuk tubuhmu yang sudah lelah beraktivitas hari ini. Voucher Relaksasi Rp20.000 dari SerenaRaga."",""terms1"":""Berlaku untuk layanan Home Service Massage di wilayah Yogyakarta (free transport max 10km)."",""terms2"":""Wajib melakukan reservasi maksimal H-1 sebelum kedatangan."",""terms3"":""Voucher tidak dapat diuangkan atau digabungkan dengan promo lainnya.""}",manual,flat,20000,,,2026-10-01,1.0,0,True,2026-05-20T11:29:43.107829+00:00,True,SRAGA-Z7N6C2,,True,,Batch: Voucher Relaksasi,,owner,global,,
71bf89fa-effa-492f-9977-a52031a0aafa,Voucher Relaksasi,"{""tagline"":""Apresiasi untuk tubuhmu yang sudah lelah beraktivitas hari ini. Voucher Relaksasi Rp20.000 dari SerenaRaga."",""terms1"":""Berlaku untuk layanan Home Service Massage di wilayah Yogyakarta (free transport max 10km)."",""terms2"":""Wajib melakukan reservasi maksimal H-1 sebelum kedatangan."",""terms3"":""Voucher tidak dapat diuangkan atau digabungkan dengan promo lainnya.""}",manual,flat,20000,,,2026-10-01,1.0,0,True,2026-05-20T11:29:43.107829+00:00,True,SRAGA-N7N4H5,,True,,Batch: Voucher Relaksasi,,owner,global,,
f4ad9702-1e15-47cb-bb41-0dab31e7abbd,Voucher Relaksasi,"{""tagline"":""Apresiasi untuk tubuhmu yang sudah lelah beraktivitas hari ini. Voucher Relaksasi Rp20.000 dari SerenaRaga."",""terms1"":""Berlaku untuk layanan Home Service Massage di wilayah Yogyakarta (free transport max 10km)."",""terms2"":""Wajib melakukan reservasi maksimal H-1 sebelum kedatangan."",""terms3"":""Voucher tidak dapat diuangkan atau digabungkan dengan promo lainnya.""}",manual,flat,20000,,,2026-10-01,1.0,0,True,2026-05-20T11:29:43.107829+00:00,True,SRAGA-C7Y6X7,,True,,Batch: Voucher Relaksasi,,owner,global,,
7ff42eea-7b77-41a9-bfc0-06d7e81b9959,Voucher Relaksasi,"{""tagline"":""Apresiasi untuk tubuhmu yang sudah lelah beraktivitas hari ini. Voucher Relaksasi Rp20.000 dari SerenaRaga."",""terms1"":""Berlaku untuk layanan Home Service Massage di wilayah Yogyakarta (free transport max 10km)."",""terms2"":""Wajib melakukan reservasi maksimal H-1 sebelum kedatangan."",""terms3"":""Voucher tidak dapat diuangkan atau digabungkan dengan promo lainnya.""}",manual,flat,20000,,,2026-10-01,1.0,0,True,2026-05-20T11:29:43.107829+00:00,True,SRAGA-E9J9F9,,True,,Batch: Voucher Relaksasi,,owner,global,,
222ac9b7-b2c1-4d19-bf92-0e631b1d497c,Voucher Relaksasi,"{""tagline"":""Apresiasi untuk tubuhmu yang sudah lelah beraktivitas hari ini. Voucher Relaksasi Rp20.000 dari SerenaRaga."",""terms1"":""Berlaku untuk layanan Home Service Massage di wilayah Yogyakarta (free transport max 10km)."",""terms2"":""Wajib melakukan reservasi maksimal H-1 sebelum kedatangan."",""terms3"":""Voucher tidak dapat diuangkan atau digabungkan dengan promo lainnya.""}",manual,flat,20000,,,2026-10-01,1.0,0,True,2026-05-20T11:29:43.107829+00:00,True,SRAGA-W4W9W7,,True,,Batch: Voucher Relaksasi,,owner,global,,
faf0b492-e3c6-42bb-844d-16de7c9b03d4,Voucher Relaksasi,"{""tagline"":""Apresiasi untuk tubuhmu yang sudah lelah beraktivitas hari ini. Voucher Relaksasi Rp20.000 dari SerenaRaga."",""terms1"":""Berlaku untuk layanan Home Service Massage di wilayah Yogyakarta (free transport max 10km)."",""terms2"":""Wajib melakukan reservasi maksimal H-1 sebelum kedatangan."",""terms3"":""Voucher tidak dapat diuangkan atau digabungkan dengan promo lainnya.""}",manual,flat,20000,,,2026-10-01,1.0,0,True,2026-05-20T11:29:43.107829+00:00,True,SRAGA-X5Q5F8,,True,,Batch: Voucher Relaksasi,,owner,global,,
cb332e2b-0930-4e08-bbe6-d2a5268e752a,Voucher Relaksasi,"{""tagline"":""Apresiasi untuk tubuhmu yang sudah lelah beraktivitas hari ini. Voucher Relaksasi Rp20.000 dari SerenaRaga."",""terms1"":""Berlaku untuk layanan Home Service Massage di wilayah Yogyakarta (free transport max 10km)."",""terms2"":""Wajib melakukan reservasi maksimal H-1 sebelum kedatangan."",""terms3"":""Voucher tidak dapat diuangkan atau digabungkan dengan promo lainnya.""}",manual,flat,20000,,,2026-10-01,1.0,0,True,2026-05-20T11:29:43.107829+00:00,True,SRAGA-W3L2X8,,True,,Batch: Voucher Relaksasi,,owner,global,,
4343e40b-84cf-418e-84d1-5e6f7624d5c1,Voucher Relaksasi,"{""tagline"":""Apresiasi untuk tubuhmu yang sudah lelah beraktivitas hari ini. Voucher Relaksasi Rp20.000 dari SerenaRaga."",""terms1"":""Berlaku untuk layanan Home Service Massage di wilayah Yogyakarta (free transport max 10km)."",""terms2"":""Wajib melakukan reservasi maksimal H-1 sebelum kedatangan."",""terms3"":""Voucher tidak dapat diuangkan atau digabungkan dengan promo lainnya.""}",manual,flat,20000,,,2026-10-01,1.0,0,True,2026-05-20T11:29:43.107829+00:00,True,SRAGA-R2M3B2,,True,,Batch: Voucher Relaksasi,,owner,global,,
02b1c9ac-c028-4729-a19b-14d10c977e22,Voucher Relaksasi,"{""tagline"":""Apresiasi untuk tubuhmu yang sudah lelah beraktivitas hari ini. Voucher Relaksasi Rp20.000 dari SerenaRaga."",""terms1"":""Berlaku untuk layanan Home Service Massage di wilayah Yogyakarta (free transport max 10km)."",""terms2"":""Wajib melakukan reservasi maksimal H-1 sebelum kedatangan."",""terms3"":""Voucher tidak dapat diuangkan atau digabungkan dengan promo lainnya.""}",manual,flat,20000,,,2026-10-01,1.0,0,True,2026-05-20T11:29:43.107829+00:00,True,SRAGA-G8H4A7,,True,,Batch: Voucher Relaksasi,,owner,global,,
a8a3a23d-da56-4251-9a12-8ad9a8205070,Voucher Relaksasi,"{""tagline"":""Apresiasi untuk tubuhmu yang sudah lelah beraktivitas hari ini. Voucher Relaksasi Rp20.000 dari SerenaRaga."",""terms1"":""Berlaku untuk layanan Home Service Massage di wilayah Yogyakarta (free transport max 10km)."",""terms2"":""Wajib melakukan reservasi maksimal H-1 sebelum kedatangan."",""terms3"":""Voucher tidak dapat diuangkan atau digabungkan dengan promo lainnya.""}",manual,flat,20000,,,2026-10-01,1.0,0,True,2026-05-20T11:29:43.107829+00:00,True,SRAGA-R8B4P6,,True,,Batch: Voucher Relaksasi,,owner,global,,
326fa246-c6bf-4d9b-9c2c-204b222dd72b,Voucher Relaksasi,"{""tagline"":""Apresiasi untuk tubuhmu yang sudah lelah beraktivitas hari ini. Voucher Relaksasi Rp20.000 dari SerenaRaga."",""terms1"":""Berlaku untuk layanan Home Service Massage di wilayah Yogyakarta (free transport max 10km)."",""terms2"":""Wajib melakukan reservasi maksimal H-1 sebelum kedatangan."",""terms3"":""Voucher tidak dapat diuangkan atau digabungkan dengan promo lainnya.""}",manual,flat,20000,,,2026-10-01,1.0,0,True,2026-05-20T11:29:43.107829+00:00,True,SRAGA-K3D7X9,,True,,Batch: Voucher Relaksasi,,owner,global,,
d0c53aa7-7d86-4e0c-a49a-4d6c3c249862,Voucher Relaksasi,"{""tagline"":""Apresiasi untuk tubuhmu yang sudah lelah beraktivitas hari ini. Voucher Relaksasi Rp20.000 dari SerenaRaga."",""terms1"":""Berlaku untuk layanan Home Service Massage di wilayah Yogyakarta (free transport max 10km)."",""terms2"":""Wajib melakukan reservasi maksimal H-1 sebelum kedatangan."",""terms3"":""Voucher tidak dapat diuangkan atau digabungkan dengan promo lainnya.""}",manual,flat,20000,,,2026-10-01,1.0,0,True,2026-05-20T11:29:43.107829+00:00,True,SRAGA-C3L3D4,,True,,Batch: Voucher Relaksasi,,owner,global,,
2aa8b554-e588-46da-94fe-0f0e74cefd52,Voucher Relaksasi,"{""tagline"":""Apresiasi untuk tubuhmu yang sudah lelah beraktivitas hari ini. Voucher Relaksasi Rp20.000 dari SerenaRaga."",""terms1"":""Berlaku untuk layanan Home Service Massage di wilayah Yogyakarta (free transport max 10km)."",""terms2"":""Wajib melakukan reservasi maksimal H-1 sebelum kedatangan."",""terms3"":""Voucher tidak dapat diuangkan atau digabungkan dengan promo lainnya.""}",manual,flat,20000,,,2026-10-01,1.0,0,True,2026-05-20T11:29:43.107829+00:00,True,SRAGA-E5E9M5,,True,,Batch: Voucher Relaksasi,,owner,global,,
44619d46-0a8e-481d-99d2-f4776d9f311c,Voucher Relaksasi,"{""tagline"":""Apresiasi untuk tubuhmu yang sudah lelah beraktivitas hari ini. Voucher Relaksasi Rp20.000 dari SerenaRaga."",""terms1"":""Berlaku untuk layanan Home Service Massage di wilayah Yogyakarta (free transport max 10km)."",""terms2"":""Wajib melakukan reservasi maksimal H-1 sebelum kedatangan."",""terms3"":""Voucher tidak dapat diuangkan atau digabungkan dengan promo lainnya.""}",manual,flat,20000,,,2026-10-01,1.0,0,True,2026-05-20T11:29:43.107829+00:00,True,SRAGA-K7B4W7,,True,,Batch: Voucher Relaksasi,,owner,global,,
876d283a-caaa-4f12-9ca0-029d77ae6e39,Voucher Relaksasi,"{""tagline"":""Apresiasi untuk tubuhmu yang sudah lelah beraktivitas hari ini. Voucher Relaksasi Rp20.000 dari SerenaRaga."",""terms1"":""Berlaku untuk layanan Home Service Massage di wilayah Yogyakarta (free transport max 10km)."",""terms2"":""Wajib melakukan reservasi maksimal H-1 sebelum kedatangan."",""terms3"":""Voucher tidak dapat diuangkan atau digabungkan dengan promo lainnya.""}",manual,flat,20000,,,2026-10-01,1.0,0,True,2026-05-20T11:29:43.107829+00:00,True,SRAGA-K2P6L5,,True,,Batch: Voucher Relaksasi,,owner,global,,
569ec7e2-63c1-435b-bb9f-40b0fc3ec46e,Voucher Relaksasi,"{""tagline"":""Apresiasi untuk tubuhmu yang sudah lelah beraktivitas hari ini. Voucher Relaksasi Rp20.000 dari SerenaRaga."",""terms1"":""Berlaku untuk layanan Home Service Massage di wilayah Yogyakarta (free transport max 10km)."",""terms2"":""Wajib melakukan reservasi maksimal H-1 sebelum kedatangan."",""terms3"":""Voucher tidak dapat diuangkan atau digabungkan dengan promo lainnya.""}",manual,flat,20000,,,2026-10-01,1.0,0,True,2026-05-20T11:29:43.107829+00:00,True,SRAGA-C7F6N4,,True,,Batch: Voucher Relaksasi,,owner,global,,
969a294b-c5de-4c1c-bc06-492a43f502d3,Voucher Relaksasi,"{""tagline"":""Apresiasi untuk tubuhmu yang sudah lelah beraktivitas hari ini. Voucher Relaksasi Rp20.000 dari SerenaRaga."",""terms1"":""Berlaku untuk layanan Home Service Massage di wilayah Yogyakarta (free transport max 10km)."",""terms2"":""Wajib melakukan reservasi maksimal H-1 sebelum kedatangan."",""terms3"":""Voucher tidak dapat diuangkan atau digabungkan dengan promo lainnya.""}",manual,flat,20000,,,2026-10-01,1.0,0,True,2026-05-20T11:29:43.107829+00:00,True,SRAGA-B3W3A7,,True,,Batch: Voucher Relaksasi,,owner,global,,
71c22520-03cc-4e7c-a71a-70884a332cdb,Voucher Relaksasi,"{""tagline"":""Apresiasi untuk tubuhmu yang sudah lelah beraktivitas hari ini. Voucher Relaksasi Rp20.000 dari SerenaRaga."",""terms1"":""Berlaku untuk layanan Home Service Massage di wilayah Yogyakarta (free transport max 10km)."",""terms2"":""Wajib melakukan reservasi maksimal H-1 sebelum kedatangan."",""terms3"":""Voucher tidak dapat diuangkan atau digabungkan dengan promo lainnya.""}",manual,flat,20000,,,2026-10-01,1.0,0,True,2026-05-20T11:29:43.107829+00:00,True,SRAGA-C5Q6C6,,True,,Batch: Voucher Relaksasi,,owner,global,,
4b6b986b-8518-419f-8b2f-b5ab614d2e68,Voucher Relaksasi,"{""tagline"":""Apresiasi untuk tubuhmu yang sudah lelah beraktivitas hari ini. Voucher Relaksasi Rp20.000 dari SerenaRaga."",""terms1"":""Berlaku untuk layanan Home Service Massage di wilayah Yogyakarta (free transport max 10km)."",""terms2"":""Wajib melakukan reservasi maksimal H-1 sebelum kedatangan."",""terms3"":""Voucher tidak dapat diuangkan atau digabungkan dengan promo lainnya.""}",manual,flat,20000,,,2026-10-01,1.0,0,True,2026-05-20T11:29:43.107829+00:00,True,SRAGA-L8C5T2,,True,,Batch: Voucher Relaksasi,,owner,global,,
4f671366-6ee8-4371-a54f-15db9bc098ec,Voucher Relaksasi,"{""tagline"":""Apresiasi untuk tubuhmu yang sudah lelah beraktivitas hari ini. Voucher Relaksasi Rp20.000 dari SerenaRaga."",""terms1"":""Berlaku untuk layanan Home Service Massage di wilayah Yogyakarta (free transport max 10km)."",""terms2"":""Wajib melakukan reservasi maksimal H-1 sebelum kedatangan."",""terms3"":""Voucher tidak dapat diuangkan atau digabungkan dengan promo lainnya.""}",manual,flat,20000,,,2026-10-01,1.0,0,True,2026-05-20T11:29:43.107829+00:00,True,SRAGA-Y8F2A5,,True,,Batch: Voucher Relaksasi,,owner,global,,
4be20ae9-b24f-4f76-8721-91b8ca1692d4,Voucher Relaksasi,"{""tagline"":""Apresiasi untuk tubuhmu yang sudah lelah beraktivitas hari ini. Voucher Relaksasi Rp20.000 dari SerenaRaga."",""terms1"":""Berlaku untuk layanan Home Service Massage di wilayah Yogyakarta (free transport max 10km)."",""terms2"":""Wajib melakukan reservasi maksimal H-1 sebelum kedatangan."",""terms3"":""Voucher tidak dapat diuangkan atau digabungkan dengan promo lainnya.""}",manual,flat,20000,,,2026-10-01,1.0,0,True,2026-05-20T11:29:43.107829+00:00,True,SRAGA-E2M3Y9,,True,,Batch: Voucher Relaksasi,,owner,global,,
9c8d524e-e2c1-44bf-ad14-1f262eebef98,Voucher Relaksasi,"{""tagline"":""Apresiasi untuk tubuhmu yang sudah lelah beraktivitas hari ini. Voucher Relaksasi Rp20.000 dari SerenaRaga."",""terms1"":""Berlaku untuk layanan Home Service Massage di wilayah Yogyakarta (free transport max 10km)."",""terms2"":""Wajib melakukan reservasi maksimal H-1 sebelum kedatangan."",""terms3"":""Voucher tidak dapat diuangkan atau digabungkan dengan promo lainnya.""}",manual,flat,20000,,,2026-10-01,1.0,0,True,2026-05-20T11:29:43.107829+00:00,True,SRAGA-M3H9L4,,True,,Batch: Voucher Relaksasi,,owner,global,,
08e58e2b-c757-4f94-bd5a-103c19deb504,Voucher Relaksasi,"{""tagline"":""Apresiasi untuk tubuhmu yang sudah lelah beraktivitas hari ini. Voucher Relaksasi Rp20.000 dari SerenaRaga."",""terms1"":""Berlaku untuk layanan Home Service Massage di wilayah Yogyakarta (free transport max 10km)."",""terms2"":""Wajib melakukan reservasi maksimal H-1 sebelum kedatangan."",""terms3"":""Voucher tidak dapat diuangkan atau digabungkan dengan promo lainnya.""}",manual,flat,20000,,,2026-10-01,1.0,0,True,2026-05-20T11:29:43.107829+00:00,True,SRAGA-P2R7A8,,True,,Batch: Voucher Relaksasi,,owner,global,,
1f74f70c-fa5c-4d9b-855b-b5968b096bad,Voucher Relaksasi,"{""tagline"":""Apresiasi untuk tubuhmu yang sudah lelah beraktivitas hari ini. Voucher Relaksasi Rp20.000 dari SerenaRaga."",""terms1"":""Berlaku untuk layanan Home Service Massage di wilayah Yogyakarta (free transport max 10km)."",""terms2"":""Wajib melakukan reservasi maksimal H-1 sebelum kedatangan."",""terms3"":""Voucher tidak dapat diuangkan atau digabungkan dengan promo lainnya.""}",manual,flat,20000,,,2026-10-01,1.0,0,True,2026-05-20T11:29:43.107829+00:00,True,SRAGA-B8E9R4,,True,,Batch: Voucher Relaksasi,,owner,global,,
dde8e41c-afa6-4613-8d9d-e43305619c91,Voucher Relaksasi,"{""tagline"":""Apresiasi untuk tubuhmu yang sudah lelah beraktivitas hari ini. Voucher Relaksasi Rp20.000 dari SerenaRaga."",""terms1"":""Berlaku untuk layanan Home Service Massage di wilayah Yogyakarta (free transport max 10km)."",""terms2"":""Wajib melakukan reservasi maksimal H-1 sebelum kedatangan."",""terms3"":""Voucher tidak dapat diuangkan atau digabungkan dengan promo lainnya.""}",manual,flat,20000,,,2026-10-01,1.0,0,True,2026-05-20T11:29:43.107829+00:00,True,SRAGA-K7X7Y9,,True,,Batch: Voucher Relaksasi,,owner,global,,
b9d1bf74-915f-461a-bc90-1cd739d3a13b,Voucher Relaksasi,"{""tagline"":""Apresiasi untuk tubuhmu yang sudah lelah beraktivitas hari ini. Voucher Relaksasi Rp20.000 dari SerenaRaga."",""terms1"":""Berlaku untuk layanan Home Service Massage di wilayah Yogyakarta (free transport max 10km)."",""terms2"":""Wajib melakukan reservasi maksimal H-1 sebelum kedatangan."",""terms3"":""Voucher tidak dapat diuangkan atau digabungkan dengan promo lainnya.""}",manual,flat,20000,,,2026-10-01,1.0,0,True,2026-05-20T11:29:43.107829+00:00,True,SRAGA-G2W9U6,,True,,Batch: Voucher Relaksasi,,owner,global,,
bc869d74-e5d2-4a6a-b300-17280b2fdee4,Voucher Relaksasi,"{""tagline"":""Apresiasi untuk tubuhmu yang sudah lelah beraktivitas hari ini. Voucher Relaksasi Rp20.000 dari SerenaRaga."",""terms1"":""Berlaku untuk layanan Home Service Massage di wilayah Yogyakarta (free transport max 10km)."",""terms2"":""Wajib melakukan reservasi maksimal H-1 sebelum kedatangan."",""terms3"":""Voucher tidak dapat diuangkan atau digabungkan dengan promo lainnya.""}",manual,flat,20000,,,2026-10-01,1.0,0,True,2026-05-20T11:29:43.107829+00:00,True,SRAGA-S7J2V6,,True,,Batch: Voucher Relaksasi,,owner,global,,
73f6cb95-8989-461b-a433-2713f6e3c43f,Voucher Relaksasi,"{""tagline"":""Apresiasi untuk tubuhmu yang sudah lelah beraktivitas hari ini. Voucher Relaksasi Rp20.000 dari SerenaRaga."",""terms1"":""Berlaku untuk layanan Home Service Massage di wilayah Yogyakarta (free transport max 10km)."",""terms2"":""Wajib melakukan reservasi maksimal H-1 sebelum kedatangan."",""terms3"":""Voucher tidak dapat diuangkan atau digabungkan dengan promo lainnya.""}",manual,flat,20000,,,2026-10-01,1.0,0,True,2026-05-20T11:29:43.107829+00:00,True,SRAGA-G9R3M5,,True,,Batch: Voucher Relaksasi,,owner,global,,
b3a8fcb9-551a-49f7-9095-d4d5dd5ffaaf,Voucher Relaksasi,"{""tagline"":""Apresiasi untuk tubuhmu yang sudah lelah beraktivitas hari ini. Voucher Relaksasi Rp20.000 dari SerenaRaga"",""terms1"":""Berlaku untuk layanan Home Service Massage di wilayah Yogyakarta (free transport max 10km)."",""terms2"":""Wajib melakukan reservasi maksimal H-1 sebelum kedatangan."",""terms3"":""Voucher tidak dapat diuangkan atau digabungkan dengan promo lainnya.""}",manual,flat,20000,,,2026-10-01,1.0,0,True,2026-05-29T14:55:37.974114+00:00,True,SRAGA-K3K8V7,,True,,Batch: Voucher Relaksasi,,owner,global,,
11b9138f-e9b3-4813-952d-524198c4554e,Voucher Relaksasi,"{""tagline"":""Apresiasi untuk tubuhmu yang sudah lelah beraktivitas hari ini. Voucher Relaksasi Rp20.000 dari SerenaRaga"",""terms1"":""Berlaku untuk layanan Home Service Massage di wilayah Yogyakarta (free transport max 10km)."",""terms2"":""Wajib melakukan reservasi maksimal H-1 sebelum kedatangan."",""terms3"":""Voucher tidak dapat diuangkan atau digabungkan dengan promo lainnya.""}",manual,flat,20000,,,2026-10-01,1.0,0,True,2026-05-29T14:55:37.974114+00:00,True,SRAGA-J6C6H6,,True,,Batch: Voucher Relaksasi,,owner,global,,
b374e6ff-1fbf-4273-9ce3-fb3714ffb613,Voucher Relaksasi,"{""tagline"":""Apresiasi untuk tubuhmu yang sudah lelah beraktivitas hari ini. Voucher Relaksasi Rp20.000 dari SerenaRaga"",""terms1"":""Berlaku untuk layanan Home Service Massage di wilayah Yogyakarta (free transport max 10km)."",""terms2"":""Wajib melakukan reservasi maksimal H-1 sebelum kedatangan."",""terms3"":""Voucher tidak dapat diuangkan atau digabungkan dengan promo lainnya.""}",manual,flat,20000,,,2026-10-01,1.0,0,True,2026-05-29T14:55:37.974114+00:00,True,SRAGA-Y5A9K2,,True,,Batch: Voucher Relaksasi,,owner,global,,
5db8b294-2c75-4087-bf7e-6e21edb4c2c8,Voucher Relaksasi,"{""tagline"":""Apresiasi untuk tubuhmu yang sudah lelah beraktivitas hari ini. Voucher Relaksasi Rp20.000 dari SerenaRaga"",""terms1"":""Berlaku untuk layanan Home Service Massage di wilayah Yogyakarta (free transport max 10km)."",""terms2"":""Wajib melakukan reservasi maksimal H-1 sebelum kedatangan."",""terms3"":""Voucher tidak dapat diuangkan atau digabungkan dengan promo lainnya.""}",manual,flat,20000,,,2026-10-01,1.0,0,True,2026-05-29T14:55:37.974114+00:00,True,SRAGA-W8Z3T4,,True,,Batch: Voucher Relaksasi,,owner,global,,
89fad66d-0746-4bb7-815a-0b0a01a3cfe5,Voucher Relaksasi,"{""tagline"":""Apresiasi untuk tubuhmu yang sudah lelah beraktivitas hari ini. Voucher Relaksasi Rp20.000 dari SerenaRaga"",""terms1"":""Berlaku untuk layanan Home Service Massage di wilayah Yogyakarta (free transport max 10km)."",""terms2"":""Wajib melakukan reservasi maksimal H-1 sebelum kedatangan."",""terms3"":""Voucher tidak dapat diuangkan atau digabungkan dengan promo lainnya.""}",manual,flat,20000,,,2026-10-01,1.0,0,True,2026-05-29T14:55:37.974114+00:00,True,SRAGA-V2Y9N4,,True,,Batch: Voucher Relaksasi,,owner,global,,
3e7b4894-d54b-422e-afa3-048c7ce0efd8,Voucher Relaksasi,"{""tagline"":""Apresiasi untuk tubuhmu yang sudah lelah beraktivitas hari ini. Voucher Relaksasi Rp20.000 dari SerenaRaga"",""terms1"":""Berlaku untuk layanan Home Service Massage di wilayah Yogyakarta (free transport max 10km)."",""terms2"":""Wajib melakukan reservasi maksimal H-1 sebelum kedatangan."",""terms3"":""Voucher tidak dapat diuangkan atau digabungkan dengan promo lainnya.""}",manual,flat,20000,,,2026-10-01,1.0,0,True,2026-05-29T14:55:37.974114+00:00,True,SRAGA-Y3A2V9,,True,,Batch: Voucher Relaksasi,,owner,global,,
88845c43-8647-4264-b694-4cb2f1b30291,Voucher Relaksasi,"{""tagline"":""Apresiasi untuk tubuhmu yang sudah lelah beraktivitas hari ini. Voucher Relaksasi Rp20.000 dari SerenaRaga"",""terms1"":""Berlaku untuk layanan Home Service Massage di wilayah Yogyakarta (free transport max 10km)."",""terms2"":""Wajib melakukan reservasi maksimal H-1 sebelum kedatangan."",""terms3"":""Voucher tidak dapat diuangkan atau digabungkan dengan promo lainnya.""}",manual,flat,20000,,,2026-10-01,1.0,0,True,2026-05-29T14:55:37.974114+00:00,True,SRAGA-X4Y3H5,,True,,Batch: Voucher Relaksasi,,owner,global,,
710d2815-d17a-4384-9efb-6df4e02221f4,Voucher Relaksasi,"{""tagline"":""Apresiasi untuk tubuhmu yang sudah lelah beraktivitas hari ini. Voucher Relaksasi Rp20.000 dari SerenaRaga"",""terms1"":""Berlaku untuk layanan Home Service Massage di wilayah Yogyakarta (free transport max 10km)."",""terms2"":""Wajib melakukan reservasi maksimal H-1 sebelum kedatangan."",""terms3"":""Voucher tidak dapat diuangkan atau digabungkan dengan promo lainnya.""}",manual,flat,20000,,,2026-10-01,1.0,0,True,2026-05-29T14:55:37.974114+00:00,True,SRAGA-U7V6F3,,True,,Batch: Voucher Relaksasi,,owner,global,,
77d2742d-fc8b-4e84-8665-114f125a9579,Voucher Relaksasi,"{""tagline"":""Apresiasi untuk tubuhmu yang sudah lelah beraktivitas hari ini. Voucher Relaksasi Rp20.000 dari SerenaRaga"",""terms1"":""Berlaku untuk layanan Home Service Massage di wilayah Yogyakarta (free transport max 10km)."",""terms2"":""Wajib melakukan reservasi maksimal H-1 sebelum kedatangan."",""terms3"":""Voucher tidak dapat diuangkan atau digabungkan dengan promo lainnya.""}",manual,flat,20000,,,2026-10-01,1.0,0,True,2026-05-29T14:55:37.974114+00:00,True,SRAGA-P5U4N4,,True,,Batch: Voucher Relaksasi,,owner,global,,
a1176032-f4ea-4518-9fa7-e3e6091ca42a,Voucher Relaksasi,"{""tagline"":""Apresiasi untuk tubuhmu yang sudah lelah beraktivitas hari ini. Voucher Relaksasi Rp20.000 dari SerenaRaga"",""terms1"":""Berlaku untuk layanan Home Service Massage di wilayah Yogyakarta (free transport max 10km)."",""terms2"":""Wajib melakukan reservasi maksimal H-1 sebelum kedatangan."",""terms3"":""Voucher tidak dapat diuangkan atau digabungkan dengan promo lainnya.""}",manual,flat,20000,,,2026-10-01,1.0,0,True,2026-05-29T14:55:37.974114+00:00,True,SRAGA-N4M5Z3,,True,,Batch: Voucher Relaksasi,,owner,global,,
def2e7a4-2c82-42f0-935d-ac153373bb72,Voucher Relaksasi,"{""tagline"":""Apresiasi untuk tubuhmu yang sudah lelah beraktivitas hari ini. Voucher Relaksasi Rp20.000 dari SerenaRaga"",""terms1"":""Berlaku untuk layanan Home Service Massage di wilayah Yogyakarta (free transport max 10km)."",""terms2"":""Wajib melakukan reservasi maksimal H-1 sebelum kedatangan."",""terms3"":""Voucher tidak dapat diuangkan atau digabungkan dengan promo lainnya.""}",manual,flat,20000,,,2026-10-01,1.0,0,True,2026-05-29T14:55:37.974114+00:00,True,SRAGA-U7Y6Z5,,True,,Batch: Voucher Relaksasi,,owner,global,,
26628996-dae8-4f33-943e-6782b37fb6c6,First Customer,Diskon pelanggan pertama kali datang,first_customer,percentage,5,,,,,185,True,2026-04-09T21:12:58.647356+00:00,False,,,False,,,,therapist,global,,
eb6b75bf-6c18-4f3f-a895-2cdd40fea2f5,Voucher Relaksasi,"{""tagline"":""Apresiasi untuk tubuhmu yang sudah lelah beraktivitas hari ini. Voucher Relaksasi Rp20.000 dari SerenaRaga"",""terms1"":""Berlaku untuk layanan Home Service Massage di wilayah Yogyakarta (free transport max 10km)."",""terms2"":""Wajib melakukan reservasi maksimal H-1 sebelum kedatangan."",""terms3"":""Voucher tidak dapat diuangkan atau digabungkan dengan promo lainnya.""}",manual,flat,20000,,,2026-10-01,1.0,0,True,2026-05-29T14:55:37.974114+00:00,True,SRAGA-C3L8S7,,True,,Batch: Voucher Relaksasi,,owner,global,,
d2200758-358b-4bf1-a5cf-0f8281200a2a,Voucher Relaksasi,"{""tagline"":""Apresiasi untuk tubuhmu yang sudah lelah beraktivitas hari ini. Voucher Relaksasi Rp20.000 dari SerenaRaga"",""terms1"":""Berlaku untuk layanan Home Service Massage di wilayah Yogyakarta (free transport max 10km)."",""terms2"":""Wajib melakukan reservasi maksimal H-1 sebelum kedatangan."",""terms3"":""Voucher tidak dapat diuangkan atau digabungkan dengan promo lainnya.""}",manual,flat,20000,,,2026-10-01,1.0,0,True,2026-05-29T14:55:37.974114+00:00,True,SRAGA-S7X8V9,,True,,Batch: Voucher Relaksasi,,owner,global,,
62630e50-160b-4e1a-beef-abec537fc83b,Voucher Relaksasi,"{""tagline"":""Apresiasi untuk tubuhmu yang sudah lelah beraktivitas hari ini. Voucher Relaksasi Rp20.000 dari SerenaRaga"",""terms1"":""Berlaku untuk layanan Home Service Massage di wilayah Yogyakarta (free transport max 10km)."",""terms2"":""Wajib melakukan reservasi maksimal H-1 sebelum kedatangan."",""terms3"":""Voucher tidak dapat diuangkan atau digabungkan dengan promo lainnya.""}",manual,flat,20000,,,2026-10-01,1.0,0,True,2026-05-29T14:55:37.974114+00:00,True,SRAGA-S2M4U8,,True,,Batch: Voucher Relaksasi,,owner,global,,
79a9b8fd-0044-4dd9-a484-0478890dc9f6,Voucher Relaksasi,"{""tagline"":""Apresiasi untuk tubuhmu yang sudah lelah beraktivitas hari ini. Voucher Relaksasi Rp20.000 dari SerenaRaga"",""terms1"":""Berlaku untuk layanan Home Service Massage di wilayah Yogyakarta (free transport max 10km)."",""terms2"":""Wajib melakukan reservasi maksimal H-1 sebelum kedatangan."",""terms3"":""Voucher tidak dapat diuangkan atau digabungkan dengan promo lainnya.""}",manual,flat,20000,,,2026-10-01,1.0,0,True,2026-05-29T14:55:37.974114+00:00,True,SRAGA-P7A3D4,,True,,Batch: Voucher Relaksasi,,owner,global,,
22433676-4959-4fbb-bf77-5ca0d19a263e,Voucher Relaksasi,"{""tagline"":""Apresiasi untuk tubuhmu yang sudah lelah beraktivitas hari ini. Voucher Relaksasi Rp20.000 dari SerenaRaga"",""terms1"":""Berlaku untuk layanan Home Service Massage di wilayah Yogyakarta (free transport max 10km)."",""terms2"":""Wajib melakukan reservasi maksimal H-1 sebelum kedatangan."",""terms3"":""Voucher tidak dapat diuangkan atau digabungkan dengan promo lainnya.""}",manual,flat,20000,,,2026-10-01,1.0,0,True,2026-05-29T14:55:37.974114+00:00,True,SRAGA-L9D8C7,,True,,Batch: Voucher Relaksasi,,owner,global,,
9d7abe67-6b5a-4e24-9f22-38396900732e,Voucher Relaksasi,"{""tagline"":""Apresiasi untuk tubuhmu yang sudah lelah beraktivitas hari ini. Voucher Relaksasi Rp20.000 dari SerenaRaga"",""terms1"":""Berlaku untuk layanan Home Service Massage di wilayah Yogyakarta (free transport max 10km)."",""terms2"":""Wajib melakukan reservasi maksimal H-1 sebelum kedatangan."",""terms3"":""Voucher tidak dapat diuangkan atau digabungkan dengan promo lainnya.""}",manual,flat,20000,,,2026-10-01,1.0,0,True,2026-05-29T14:55:37.974114+00:00,True,SRAGA-G4F3N2,,True,,Batch: Voucher Relaksasi,,owner,global,,
31b951bc-0828-4477-94ae-662860339475,Voucher Relaksasi,"{""tagline"":""Apresiasi untuk tubuhmu yang sudah lelah beraktivitas hari ini. Voucher Relaksasi Rp20.000 dari SerenaRaga"",""terms1"":""Berlaku untuk layanan Home Service Massage di wilayah Yogyakarta (free transport max 10km)."",""terms2"":""Wajib melakukan reservasi maksimal H-1 sebelum kedatangan."",""terms3"":""Voucher tidak dapat diuangkan atau digabungkan dengan promo lainnya.""}",manual,flat,20000,,,2026-10-01,1.0,0,True,2026-05-29T14:55:37.974114+00:00,True,SRAGA-N5B9Z5,,True,,Batch: Voucher Relaksasi,,owner,global,,
08d13b0b-762e-4c5d-88a2-005e59360d34,Voucher Relaksasi,"{""tagline"":""Apresiasi untuk tubuhmu yang sudah lelah beraktivitas hari ini. Voucher Relaksasi Rp20.000 dari SerenaRaga"",""terms1"":""Berlaku untuk layanan Home Service Massage di wilayah Yogyakarta (free transport max 10km)."",""terms2"":""Wajib melakukan reservasi maksimal H-1 sebelum kedatangan."",""terms3"":""Voucher tidak dapat diuangkan atau digabungkan dengan promo lainnya.""}",manual,flat,20000,,,2026-10-01,1.0,0,True,2026-05-29T14:55:37.974114+00:00,True,SRAGA-U5N8F2,,True,,Batch: Voucher Relaksasi,,owner,global,,
12b67619-3f2d-4a75-b610-9191c79a8883,Voucher Relaksasi,"{""tagline"":""Apresiasi untuk tubuhmu yang sudah lelah beraktivitas hari ini. Voucher Relaksasi Rp20.000 dari SerenaRaga"",""terms1"":""Berlaku untuk layanan Home Service Massage di wilayah Yogyakarta (free transport max 10km)."",""terms2"":""Wajib melakukan reservasi maksimal H-1 sebelum kedatangan."",""terms3"":""Voucher tidak dapat diuangkan atau digabungkan dengan promo lainnya.""}",manual,flat,20000,,,2026-10-01,1.0,0,True,2026-05-29T14:55:37.974114+00:00,True,SRAGA-S9L8E4,,True,,Batch: Voucher Relaksasi,,owner,global,,
52948750-fda4-4080-b623-5edc4e869e62,Voucher Relaksasi,"{""tagline"":""Apresiasi untuk tubuhmu yang sudah lelah beraktivitas hari ini. Voucher Relaksasi Rp20.000 dari SerenaRaga"",""terms1"":""Berlaku untuk layanan Home Service Massage di wilayah Yogyakarta (free transport max 10km)."",""terms2"":""Wajib melakukan reservasi maksimal H-1 sebelum kedatangan."",""terms3"":""Voucher tidak dapat diuangkan atau digabungkan dengan promo lainnya.""}",manual,flat,20000,,,2026-10-01,1.0,0,True,2026-05-29T14:55:37.974114+00:00,True,SRAGA-F4X5Z2,,True,,Batch: Voucher Relaksasi,,owner,global,,
b22c53cf-9981-4d93-839d-7391b5a783e3,Voucher Relaksasi,"{""tagline"":""Apresiasi untuk tubuhmu yang sudah lelah beraktivitas hari ini. Voucher Relaksasi Rp20.000 dari SerenaRaga"",""terms1"":""Berlaku untuk layanan Home Service Massage di wilayah Yogyakarta (free transport max 10km)."",""terms2"":""Wajib melakukan reservasi maksimal H-1 sebelum kedatangan."",""terms3"":""Voucher tidak dapat diuangkan atau digabungkan dengan promo lainnya.""}",manual,flat,20000,,,2026-10-01,1.0,0,True,2026-05-29T14:55:37.974114+00:00,True,SRAGA-W3U3B2,,True,,Batch: Voucher Relaksasi,,owner,global,,
26ffb65b-d945-47a4-aed2-dcd1d97bbf12,Voucher Relaksasi,"{""tagline"":""Apresiasi untuk tubuhmu yang sudah lelah beraktivitas hari ini. Voucher Relaksasi Rp20.000 dari SerenaRaga"",""terms1"":""Berlaku untuk layanan Home Service Massage di wilayah Yogyakarta (free transport max 10km)."",""terms2"":""Wajib melakukan reservasi maksimal H-1 sebelum kedatangan."",""terms3"":""Voucher tidak dapat diuangkan atau digabungkan dengan promo lainnya.""}",manual,flat,20000,,,2026-10-01,1.0,0,True,2026-05-29T14:55:37.974114+00:00,True,SRAGA-E3D8C8,,True,,Batch: Voucher Relaksasi,,owner,global,,
a97ec43e-6f83-4e14-a025-69af3926317d,Voucher Relaksasi,"{""tagline"":""Apresiasi untuk tubuhmu yang sudah lelah beraktivitas hari ini. Voucher Relaksasi Rp20.000 dari SerenaRaga"",""terms1"":""Berlaku untuk layanan Home Service Massage di wilayah Yogyakarta (free transport max 10km)."",""terms2"":""Wajib melakukan reservasi maksimal H-1 sebelum kedatangan."",""terms3"":""Voucher tidak dapat diuangkan atau digabungkan dengan promo lainnya.""}",manual,flat,20000,,,2026-10-01,1.0,0,True,2026-05-29T14:55:37.974114+00:00,True,SRAGA-P6R2G5,,True,,Batch: Voucher Relaksasi,,owner,global,,
6786537c-7a0b-4bc9-a23e-b9780087ddd8,Voucher Relaksasi,"{""tagline"":""Apresiasi untuk tubuhmu yang sudah lelah beraktivitas hari ini. Voucher Relaksasi Rp20.000 dari SerenaRaga"",""terms1"":""Berlaku untuk layanan Home Service Massage di wilayah Yogyakarta (free transport max 10km)."",""terms2"":""Wajib melakukan reservasi maksimal H-1 sebelum kedatangan."",""terms3"":""Voucher tidak dapat diuangkan atau digabungkan dengan promo lainnya.""}",manual,flat,20000,,,2026-10-01,1.0,0,True,2026-05-29T14:55:37.974114+00:00,True,SRAGA-E3B3B7,,True,,Batch: Voucher Relaksasi,,owner,global,,
6eeb27a2-b07c-49af-b1a8-b7315cf7c9e7,Voucher Relaksasi,"{""tagline"":""Apresiasi untuk tubuhmu yang sudah lelah beraktivitas hari ini. Voucher Relaksasi Rp20.000 dari SerenaRaga"",""terms1"":""Berlaku untuk layanan Home Service Massage di wilayah Yogyakarta (free transport max 10km)."",""terms2"":""Wajib melakukan reservasi maksimal H-1 sebelum kedatangan."",""terms3"":""Voucher tidak dapat diuangkan atau digabungkan dengan promo lainnya.""}",manual,flat,20000,,,2026-10-01,1.0,0,True,2026-05-29T14:55:37.974114+00:00,True,SRAGA-R5A9Q9,,True,,Batch: Voucher Relaksasi,,owner,global,,
87cc7493-4aaf-4e75-b609-c8866f6196af,Voucher Relaksasi,"{""tagline"":""Apresiasi untuk tubuhmu yang sudah lelah beraktivitas hari ini. Voucher Relaksasi Rp20.000 dari SerenaRaga"",""terms1"":""Berlaku untuk layanan Home Service Massage di wilayah Yogyakarta (free transport max 10km)."",""terms2"":""Wajib melakukan reservasi maksimal H-1 sebelum kedatangan."",""terms3"":""Voucher tidak dapat diuangkan atau digabungkan dengan promo lainnya.""}",manual,flat,20000,,,2026-10-01,1.0,0,True,2026-05-29T14:55:37.974114+00:00,True,SRAGA-Q5M9F4,,True,,Batch: Voucher Relaksasi,,owner,global,,
64f356ed-e1e8-46b4-950f-07608d016f64,Voucher Relaksasi,"{""tagline"":""Apresiasi untuk tubuhmu yang sudah lelah beraktivitas hari ini. Voucher Relaksasi Rp20.000 dari SerenaRaga"",""terms1"":""Berlaku untuk layanan Home Service Massage di wilayah Yogyakarta (free transport max 10km)."",""terms2"":""Wajib melakukan reservasi maksimal H-1 sebelum kedatangan."",""terms3"":""Voucher tidak dapat diuangkan atau digabungkan dengan promo lainnya.""}",manual,flat,20000,,,2026-10-01,1.0,0,True,2026-05-29T14:55:37.974114+00:00,True,SRAGA-F8V7K8,,True,,Batch: Voucher Relaksasi,,owner,global,,
57f31e33-b0bd-40b6-92fa-03b035205838,Voucher Relaksasi,"{""tagline"":""Apresiasi untuk tubuhmu yang sudah lelah beraktivitas hari ini. Voucher Relaksasi Rp20.000 dari SerenaRaga"",""terms1"":""Berlaku untuk layanan Home Service Massage di wilayah Yogyakarta (free transport max 10km)."",""terms2"":""Wajib melakukan reservasi maksimal H-1 sebelum kedatangan."",""terms3"":""Voucher tidak dapat diuangkan atau digabungkan dengan promo lainnya.""}",manual,flat,20000,,,2026-10-01,1.0,0,True,2026-05-29T14:55:37.974114+00:00,True,SRAGA-X3A6T8,,True,,Batch: Voucher Relaksasi,,owner,global,,
f7b6630b-b837-445d-ad58-5938057ca126,Voucher Relaksasi,"{""tagline"":""Apresiasi untuk tubuhmu yang sudah lelah beraktivitas hari ini. Voucher Relaksasi Rp20.000 dari SerenaRaga"",""terms1"":""Berlaku untuk layanan Home Service Massage di wilayah Yogyakarta (free transport max 10km)."",""terms2"":""Wajib melakukan reservasi maksimal H-1 sebelum kedatangan."",""terms3"":""Voucher tidak dapat diuangkan atau digabungkan dengan promo lainnya.""}",manual,flat,20000,,,2026-10-01,1.0,0,True,2026-05-29T14:55:37.974114+00:00,True,SRAGA-K6E8K8,,True,,Batch: Voucher Relaksasi,,owner,global,,
59136205-e7bb-419a-bcb2-b8ad2c8e5a5f,Voucher Relaksasi,"{""tagline"":""Apresiasi untuk tubuhmu yang sudah lelah beraktivitas hari ini. Voucher Relaksasi Rp20.000 dari SerenaRaga"",""terms1"":""Berlaku untuk layanan Home Service Massage di wilayah Yogyakarta (free transport max 10km)."",""terms2"":""Wajib melakukan reservasi maksimal H-1 sebelum kedatangan."",""terms3"":""Voucher tidak dapat diuangkan atau digabungkan dengan promo lainnya.""}",manual,flat,20000,,,2026-10-01,1.0,0,True,2026-05-29T14:55:37.974114+00:00,True,SRAGA-W3W4S7,,True,,Batch: Voucher Relaksasi,,owner,global,,
b1725d50-fe43-4db2-bf3e-2e6b7ff236c3,Voucher Relaksasi,"{""tagline"":""Apresiasi untuk tubuhmu yang sudah lelah beraktivitas hari ini. Voucher Relaksasi Rp20.000 dari SerenaRaga"",""terms1"":""Berlaku untuk layanan Home Service Massage di wilayah Yogyakarta (free transport max 10km)."",""terms2"":""Wajib melakukan reservasi maksimal H-1 sebelum kedatangan."",""terms3"":""Voucher tidak dapat diuangkan atau digabungkan dengan promo lainnya.""}",manual,flat,20000,,,2026-10-01,1.0,0,True,2026-05-29T14:55:37.974114+00:00,True,SRAGA-E8F3Q9,,True,,Batch: Voucher Relaksasi,,owner,global,,
ffed5a94-7b95-4de0-84df-0a0a00c4f2b1,Voucher Relaksasi,"{""tagline"":""Apresiasi untuk tubuhmu yang sudah lelah beraktivitas hari ini. Voucher Relaksasi Rp20.000 dari SerenaRaga"",""terms1"":""Berlaku untuk layanan Home Service Massage di wilayah Yogyakarta (free transport max 10km)."",""terms2"":""Wajib melakukan reservasi maksimal H-1 sebelum kedatangan."",""terms3"":""Voucher tidak dapat diuangkan atau digabungkan dengan promo lainnya.""}",manual,flat,20000,,,2026-10-01,1.0,0,True,2026-05-29T14:55:37.974114+00:00,True,SRAGA-J5S4J4,,True,,Batch: Voucher Relaksasi,,owner,global,,
0b6149f6-aacb-405a-8cc8-a3149d30081b,Voucher Relaksasi,"{""tagline"":""Apresiasi untuk tubuhmu yang sudah lelah beraktivitas hari ini. Voucher Relaksasi Rp20.000 dari SerenaRaga"",""terms1"":""Berlaku untuk layanan Home Service Massage di wilayah Yogyakarta (free transport max 10km)."",""terms2"":""Wajib melakukan reservasi maksimal H-1 sebelum kedatangan."",""terms3"":""Voucher tidak dapat diuangkan atau digabungkan dengan promo lainnya.""}",manual,flat,20000,,,2026-10-01,1.0,0,True,2026-05-29T14:55:37.974114+00:00,True,SRAGA-K4W3Y8,,True,,Batch: Voucher Relaksasi,,owner,global,,
029a850e-0e67-4224-97ad-8d50957df0b4,Voucher Relaksasi,"{""tagline"":""Apresiasi untuk tubuhmu yang sudah lelah beraktivitas hari ini. Voucher Relaksasi Rp20.000 dari SerenaRaga"",""terms1"":""Berlaku untuk layanan Home Service Massage di wilayah Yogyakarta (free transport max 10km)."",""terms2"":""Wajib melakukan reservasi maksimal H-1 sebelum kedatangan."",""terms3"":""Voucher tidak dapat diuangkan atau digabungkan dengan promo lainnya.""}",manual,flat,20000,,,2026-10-01,1.0,0,True,2026-05-29T14:55:37.974114+00:00,True,SRAGA-L9V2V5,,True,,Batch: Voucher Relaksasi,,owner,global,,
25f7dae3-d90d-4bfc-a4e7-5e823c45bf76,Voucher Relaksasi,"{""tagline"":""Apresiasi untuk tubuhmu yang sudah lelah beraktivitas hari ini. Voucher Relaksasi Rp20.000 dari SerenaRaga"",""terms1"":""Berlaku untuk layanan Home Service Massage di wilayah Yogyakarta (free transport max 10km)."",""terms2"":""Wajib melakukan reservasi maksimal H-1 sebelum kedatangan."",""terms3"":""Voucher tidak dapat diuangkan atau digabungkan dengan promo lainnya.""}",manual,flat,20000,,,2026-10-01,1.0,0,True,2026-05-29T14:55:37.974114+00:00,True,SRAGA-A3D8U8,,True,,Batch: Voucher Relaksasi,,owner,global,,
48aa58ea-4563-454d-8bbc-aeebb1bce1ee,Voucher Relaksasi,"{""tagline"":""Apresiasi untuk tubuhmu yang sudah lelah beraktivitas hari ini. Voucher Relaksasi Rp20.000 dari SerenaRaga"",""terms1"":""Berlaku untuk layanan Home Service Massage di wilayah Yogyakarta (free transport max 10km)."",""terms2"":""Wajib melakukan reservasi maksimal H-1 sebelum kedatangan."",""terms3"":""Voucher tidak dapat diuangkan atau digabungkan dengan promo lainnya.""}",manual,flat,20000,,,2026-10-01,1.0,0,True,2026-05-29T14:55:37.974114+00:00,True,SRAGA-Y4D5Y3,,True,,Batch: Voucher Relaksasi,,owner,global,,
736b8011-fbaa-45bd-bb11-f25c4368c8e9,Voucher Relaksasi,"{""tagline"":""Apresiasi untuk tubuhmu yang sudah lelah beraktivitas hari ini. Voucher Relaksasi Rp20.000 dari SerenaRaga"",""terms1"":""Berlaku untuk layanan Home Service Massage di wilayah Yogyakarta (free transport max 10km)."",""terms2"":""Wajib melakukan reservasi maksimal H-1 sebelum kedatangan."",""terms3"":""Voucher tidak dapat diuangkan atau digabungkan dengan promo lainnya.""}",manual,flat,20000,,,2026-10-01,1.0,0,True,2026-05-29T14:55:37.974114+00:00,True,SRAGA-F7T5B5,,True,,Batch: Voucher Relaksasi,,owner,global,,
6e51a98e-f1c1-4f8c-b725-303a9195d782,Voucher Relaksasi,"{""tagline"":""Apresiasi untuk tubuhmu yang sudah lelah beraktivitas hari ini. Voucher Relaksasi Rp20.000 dari SerenaRaga"",""terms1"":""Berlaku untuk layanan Home Service Massage di wilayah Yogyakarta (free transport max 10km)."",""terms2"":""Wajib melakukan reservasi maksimal H-1 sebelum kedatangan."",""terms3"":""Voucher tidak dapat diuangkan atau digabungkan dengan promo lainnya.""}",manual,flat,20000,,,2026-10-01,1.0,0,True,2026-05-29T14:55:37.974114+00:00,True,SRAGA-S9U6R2,,True,,Batch: Voucher Relaksasi,,owner,global,,
8e3704ab-f92f-442c-80b7-ac41e3f383c0,Voucher Relaksasi,"{""tagline"":""Apresiasi untuk tubuhmu yang sudah lelah beraktivitas hari ini. Voucher Relaksasi Rp20.000 dari SerenaRaga"",""terms1"":""Berlaku untuk layanan Home Service Massage di wilayah Yogyakarta (free transport max 10km)."",""terms2"":""Wajib melakukan reservasi maksimal H-1 sebelum kedatangan."",""terms3"":""Voucher tidak dapat diuangkan atau digabungkan dengan promo lainnya.""}",manual,flat,20000,,,2026-10-01,1.0,0,True,2026-05-29T14:55:37.974114+00:00,True,SRAGA-J8K8G3,,True,,Batch: Voucher Relaksasi,,owner,global,,
2428edf9-7c4d-4679-8d87-a7c1f80b0481,Voucher Relaksasi,"{""tagline"":""Apresiasi untuk tubuhmu yang sudah lelah beraktivitas hari ini. Voucher Relaksasi Rp20.000 dari SerenaRaga"",""terms1"":""Berlaku untuk layanan Home Service Massage di wilayah Yogyakarta (free transport max 10km)."",""terms2"":""Wajib melakukan reservasi maksimal H-1 sebelum kedatangan."",""terms3"":""Voucher tidak dapat diuangkan atau digabungkan dengan promo lainnya.""}",manual,flat,20000,,,2026-10-01,1.0,0,True,2026-05-29T14:55:37.974114+00:00,True,SRAGA-M9T6M6,,True,,Batch: Voucher Relaksasi,,owner,global,,
4663b7a7-2f0a-4242-bdf6-6e34763f4b3e,Voucher Relaksasi,"{""tagline"":""Apresiasi untuk tubuhmu yang sudah lelah beraktivitas hari ini. Voucher Relaksasi Rp20.000 dari SerenaRaga"",""terms1"":""Berlaku untuk layanan Home Service Massage di wilayah Yogyakarta (free transport max 10km)."",""terms2"":""Wajib melakukan reservasi maksimal H-1 sebelum kedatangan."",""terms3"":""Voucher tidak dapat diuangkan atau digabungkan dengan promo lainnya.""}",manual,flat,20000,,,2026-10-01,1.0,0,True,2026-05-29T14:55:37.974114+00:00,True,SRAGA-L9N6Q6,,True,,Batch: Voucher Relaksasi,,owner,global,,
93903dea-055a-4426-85ec-bdc01bc0779c,Voucher Relaksasi,"{""tagline"":""Apresiasi untuk tubuhmu yang sudah lelah beraktivitas hari ini. Voucher Relaksasi Rp20.000 dari SerenaRaga"",""terms1"":""Berlaku untuk layanan Home Service Massage di wilayah Yogyakarta (free transport max 10km)."",""terms2"":""Wajib melakukan reservasi maksimal H-1 sebelum kedatangan."",""terms3"":""Voucher tidak dapat diuangkan atau digabungkan dengan promo lainnya.""}",manual,flat,20000,,,2026-10-01,1.0,0,True,2026-05-29T14:55:37.974114+00:00,True,SRAGA-Z8N9Y5,,True,,Batch: Voucher Relaksasi,,owner,global,,
5d5eea09-de3f-417d-b94c-6019242c5b4e,Voucher Relaksasi,"{""tagline"":""Apresiasi untuk tubuhmu yang sudah lelah beraktivitas hari ini. Voucher Relaksasi Rp20.000 dari SerenaRaga"",""terms1"":""Berlaku untuk layanan Home Service Massage di wilayah Yogyakarta (free transport max 10km)."",""terms2"":""Wajib melakukan reservasi maksimal H-1 sebelum kedatangan."",""terms3"":""Voucher tidak dapat diuangkan atau digabungkan dengan promo lainnya.""}",manual,flat,20000,,,2026-10-01,1.0,0,True,2026-05-29T14:55:37.974114+00:00,True,SRAGA-S3A2M6,,True,,Batch: Voucher Relaksasi,,owner,global,,
17f61f74-d8cc-40ac-9487-3f1a7bb4fdd3,Voucher Relaksasi,"{""tagline"":""Apresiasi untuk tubuhmu yang sudah lelah beraktivitas hari ini. Voucher Relaksasi Rp20.000 dari SerenaRaga"",""terms1"":""Berlaku untuk layanan Home Service Massage di wilayah Yogyakarta (free transport max 10km)."",""terms2"":""Wajib melakukan reservasi maksimal H-1 sebelum kedatangan."",""terms3"":""Voucher tidak dapat diuangkan atau digabungkan dengan promo lainnya.""}",manual,flat,20000,,,2026-10-01,1.0,0,True,2026-05-29T14:55:37.974114+00:00,True,SRAGA-D3H4K7,,True,,Batch: Voucher Relaksasi,,owner,global,,
3061f0af-def3-4fd3-92e6-1518a8e54d83,Voucher Relaksasi,"{""tagline"":""Apresiasi untuk tubuhmu yang sudah lelah beraktivitas hari ini. Voucher Relaksasi Rp20.000 dari SerenaRaga"",""terms1"":""Berlaku untuk layanan Home Service Massage di wilayah Yogyakarta (free transport max 10km)."",""terms2"":""Wajib melakukan reservasi maksimal H-1 sebelum kedatangan."",""terms3"":""Voucher tidak dapat diuangkan atau digabungkan dengan promo lainnya.""}",manual,flat,20000,,,2026-10-01,1.0,0,True,2026-05-29T14:55:37.974114+00:00,True,SRAGA-J7T2J8,,True,,Batch: Voucher Relaksasi,,owner,global,,
8057633a-ccbe-447c-a348-701de14b61aa,Voucher Relaksasi,"{""tagline"":""Apresiasi untuk tubuhmu yang sudah lelah beraktivitas hari ini. Voucher Relaksasi Rp20.000 dari SerenaRaga"",""terms1"":""Berlaku untuk layanan Home Service Massage di wilayah Yogyakarta (free transport max 10km)."",""terms2"":""Wajib melakukan reservasi maksimal H-1 sebelum kedatangan."",""terms3"":""Voucher tidak dapat diuangkan atau digabungkan dengan promo lainnya.""}",manual,flat,20000,,,2026-10-01,1.0,0,True,2026-05-29T14:55:37.974114+00:00,True,SRAGA-G2Q3S3,,True,,Batch: Voucher Relaksasi,,owner,global,,
25d75729-4ec7-47a9-ad4c-9848b404f510,Voucher Relaksasi,"{""tagline"":""Apresiasi untuk tubuhmu yang sudah lelah beraktivitas hari ini. Voucher Relaksasi Rp20.000 dari SerenaRaga"",""terms1"":""Berlaku untuk layanan Home Service Massage di wilayah Yogyakarta (free transport max 10km)."",""terms2"":""Wajib melakukan reservasi maksimal H-1 sebelum kedatangan."",""terms3"":""Voucher tidak dapat diuangkan atau digabungkan dengan promo lainnya.""}",manual,flat,20000,,,2026-10-01,1.0,0,True,2026-05-29T14:55:37.974114+00:00,True,SRAGA-B9P9G3,,True,,Batch: Voucher Relaksasi,,owner,global,,
e28d6eef-a544-429b-915c-11464655c570,Voucher Relaksasi,"{""tagline"":""Apresiasi untuk tubuhmu yang sudah lelah beraktivitas hari ini. Voucher Relaksasi Rp20.000 dari SerenaRaga"",""terms1"":""Berlaku untuk layanan Home Service Massage di wilayah Yogyakarta (free transport max 10km)."",""terms2"":""Wajib melakukan reservasi maksimal H-1 sebelum kedatangan."",""terms3"":""Voucher tidak dapat diuangkan atau digabungkan dengan promo lainnya.""}",manual,flat,20000,,,2026-10-01,1.0,0,True,2026-05-29T14:55:37.974114+00:00,True,SRAGA-Q3V4M5,,True,,Batch: Voucher Relaksasi,,owner,global,,
464a5df1-2dc9-4298-b667-c4c8cb99791e,Voucher Relaksasi,"{""tagline"":""Apresiasi untuk tubuhmu yang sudah lelah beraktivitas hari ini. Voucher Relaksasi Rp20.000 dari SerenaRaga"",""terms1"":""Berlaku untuk layanan Home Service Massage di wilayah Yogyakarta (free transport max 10km)."",""terms2"":""Wajib melakukan reservasi maksimal H-1 sebelum kedatangan."",""terms3"":""Voucher tidak dapat diuangkan atau digabungkan dengan promo lainnya.""}",manual,flat,20000,,,2026-10-01,1.0,0,True,2026-05-29T14:55:37.974114+00:00,True,SRAGA-R5W9G9,,True,,Batch: Voucher Relaksasi,,owner,global,,
82b563ab-db07-4471-b47a-63a62321ade2,Voucher Relaksasi,"{""tagline"":""Apresiasi untuk tubuhmu yang sudah lelah beraktivitas hari ini. Voucher Relaksasi Rp20.000 dari SerenaRaga"",""terms1"":""Berlaku untuk layanan Home Service Massage di wilayah Yogyakarta (free transport max 10km)."",""terms2"":""Wajib melakukan reservasi maksimal H-1 sebelum kedatangan."",""terms3"":""Voucher tidak dapat diuangkan atau digabungkan dengan promo lainnya.""}",manual,flat,20000,,,2026-10-01,1.0,0,True,2026-05-29T14:55:37.974114+00:00,True,SRAGA-B7K8Q4,,True,,Batch: Voucher Relaksasi,,owner,global,,
b3cc607a-aabc-4a55-a99a-ab479bad3771,Voucher Relaksasi,"{""tagline"":""Apresiasi untuk tubuhmu yang sudah lelah beraktivitas hari ini. Voucher Relaksasi Rp20.000 dari SerenaRaga"",""terms1"":""Berlaku untuk layanan Home Service Massage di wilayah Yogyakarta (free transport max 10km)."",""terms2"":""Wajib melakukan reservasi maksimal H-1 sebelum kedatangan."",""terms3"":""Voucher tidak dapat diuangkan atau digabungkan dengan promo lainnya.""}",manual,flat,20000,,,2026-10-01,1.0,0,True,2026-05-29T14:55:37.974114+00:00,True,SRAGA-T9D3F9,,True,,Batch: Voucher Relaksasi,,owner,global,,
643693a0-5619-40ba-91d4-65c182027223,Voucher Relaksasi,"{""tagline"":""Apresiasi untuk tubuhmu yang sudah lelah beraktivitas hari ini. Voucher Relaksasi Rp20.000 dari SerenaRaga"",""terms1"":""Berlaku untuk layanan Home Service Massage di wilayah Yogyakarta (free transport max 10km)."",""terms2"":""Wajib melakukan reservasi maksimal H-1 sebelum kedatangan."",""terms3"":""Voucher tidak dapat diuangkan atau digabungkan dengan promo lainnya.""}",manual,flat,20000,,,2026-10-01,1.0,0,True,2026-05-29T14:55:37.974114+00:00,True,SRAGA-W9A9Q7,,True,,Batch: Voucher Relaksasi,,owner,global,,
2098cbb5-5b22-43b5-9d81-1bc7942503d6,Voucher Relaksasi,"{""tagline"":""Apresiasi untuk tubuhmu yang sudah lelah beraktivitas hari ini. Voucher Relaksasi Rp20.000 dari SerenaRaga"",""terms1"":""Berlaku untuk layanan Home Service Massage di wilayah Yogyakarta (free transport max 10km)."",""terms2"":""Wajib melakukan reservasi maksimal H-1 sebelum kedatangan."",""terms3"":""Voucher tidak dapat diuangkan atau digabungkan dengan promo lainnya.""}",manual,flat,20000,,,2026-10-01,1.0,0,True,2026-05-29T14:55:37.974114+00:00,True,SRAGA-L4P3H7,,True,,Batch: Voucher Relaksasi,,owner,global,,
657d2a4f-3208-48a6-8f99-5f3ee7f9c2b7,Voucher Relaksasi,"{""tagline"":""Apresiasi untuk tubuhmu yang sudah lelah beraktivitas hari ini. Voucher Relaksasi Rp20.000 dari SerenaRaga"",""terms1"":""Berlaku untuk layanan Home Service Massage di wilayah Yogyakarta (free transport max 10km)."",""terms2"":""Wajib melakukan reservasi maksimal H-1 sebelum kedatangan."",""terms3"":""Voucher tidak dapat diuangkan atau digabungkan dengan promo lainnya.""}",manual,flat,20000,,,2026-10-01,1.0,0,True,2026-05-29T14:55:37.974114+00:00,True,SRAGA-L3A5T8,,True,,Batch: Voucher Relaksasi,,owner,global,,
24392b3f-d046-450f-b8a4-8e95ff0ebd09,Voucher Relaksasi,"{""tagline"":""Apresiasi untuk tubuhmu yang sudah lelah beraktivitas hari ini. Voucher Relaksasi Rp20.000 dari SerenaRaga"",""terms1"":""Berlaku untuk layanan Home Service Massage di wilayah Yogyakarta (free transport max 10km)."",""terms2"":""Wajib melakukan reservasi maksimal H-1 sebelum kedatangan."",""terms3"":""Voucher tidak dapat diuangkan atau digabungkan dengan promo lainnya.""}",manual,flat,20000,,,2026-10-01,1.0,0,True,2026-05-29T14:55:37.974114+00:00,True,SRAGA-X9B6P6,,True,,Batch: Voucher Relaksasi,,owner,global,,
714a1ed7-d375-483d-9b9a-e078dddca11d,Voucher Relaksasi,"{""tagline"":""Apresiasi untuk tubuhmu yang sudah lelah beraktivitas hari ini. Voucher Relaksasi Rp20.000 dari SerenaRaga"",""terms1"":""Berlaku untuk layanan Home Service Massage di wilayah Yogyakarta (free transport max 10km)."",""terms2"":""Wajib melakukan reservasi maksimal H-1 sebelum kedatangan."",""terms3"":""Voucher tidak dapat diuangkan atau digabungkan dengan promo lainnya.""}",manual,flat,20000,,,2026-10-01,1.0,0,True,2026-05-29T14:55:37.974114+00:00,True,SRAGA-H2A3K3,,True,,Batch: Voucher Relaksasi,,owner,global,,
ac548249-8fb9-4717-9d36-011b5e22cf92,Voucher Relaksasi,"{""tagline"":""Apresiasi untuk tubuhmu yang sudah lelah beraktivitas hari ini. Voucher Relaksasi Rp20.000 dari SerenaRaga"",""terms1"":""Berlaku untuk layanan Home Service Massage di wilayah Yogyakarta (free transport max 10km)."",""terms2"":""Wajib melakukan reservasi maksimal H-1 sebelum kedatangan."",""terms3"":""Voucher tidak dapat diuangkan atau digabungkan dengan promo lainnya.""}",manual,flat,20000,,,2026-10-01,1.0,0,True,2026-05-29T14:55:37.974114+00:00,True,SRAGA-D6V5F7,,True,,Batch: Voucher Relaksasi,,owner,global,,
b495773a-76be-4913-9668-543ea0dc5205,Voucher Relaksasi,"{""tagline"":""Apresiasi untuk tubuhmu yang sudah lelah beraktivitas hari ini. Voucher Relaksasi Rp20.000 dari SerenaRaga"",""terms1"":""Berlaku untuk layanan Home Service Massage di wilayah Yogyakarta (free transport max 10km)."",""terms2"":""Wajib melakukan reservasi maksimal H-1 sebelum kedatangan."",""terms3"":""Voucher tidak dapat diuangkan atau digabungkan dengan promo lainnya.""}",manual,flat,20000,,,2026-10-01,1.0,0,True,2026-05-29T14:55:37.974114+00:00,True,SRAGA-L6B5G4,,True,,Batch: Voucher Relaksasi,,owner,global,,
c621fbc6-2857-4031-8bf5-60b263d80775,Voucher Relaksasi,"{""tagline"":""Apresiasi untuk tubuhmu yang sudah lelah beraktivitas hari ini. Voucher Relaksasi Rp20.000 dari SerenaRaga"",""terms1"":""Berlaku untuk layanan Home Service Massage di wilayah Yogyakarta (free transport max 10km)."",""terms2"":""Wajib melakukan reservasi maksimal H-1 sebelum kedatangan."",""terms3"":""Voucher tidak dapat diuangkan atau digabungkan dengan promo lainnya.""}",manual,flat,20000,,,2026-10-01,1.0,0,True,2026-05-29T14:55:37.974114+00:00,True,SRAGA-H4E9D5,,True,,Batch: Voucher Relaksasi,,owner,global,,
90968857-9962-4ab7-bca4-ecf1d027eae3,Voucher Relaksasi,"{""tagline"":""Apresiasi untuk tubuhmu yang sudah lelah beraktivitas hari ini. Voucher Relaksasi Rp20.000 dari SerenaRaga"",""terms1"":""Berlaku untuk layanan Home Service Massage di wilayah Yogyakarta (free transport max 10km)."",""terms2"":""Wajib melakukan reservasi maksimal H-1 sebelum kedatangan."",""terms3"":""Voucher tidak dapat diuangkan atau digabungkan dengan promo lainnya.""}",manual,flat,20000,,,2026-10-01,1.0,0,True,2026-05-29T14:55:37.974114+00:00,True,SRAGA-T9E6Q6,,True,,Batch: Voucher Relaksasi,,owner,global,,
753b88e1-996a-426d-9fb6-e1c9ecb84757,Voucher Relaksasi,"{""tagline"":""Apresiasi untuk tubuhmu yang sudah lelah beraktivitas hari ini. Voucher Relaksasi Rp20.000 dari SerenaRaga"",""terms1"":""Berlaku untuk layanan Home Service Massage di wilayah Yogyakarta (free transport max 10km)."",""terms2"":""Wajib melakukan reservasi maksimal H-1 sebelum kedatangan."",""terms3"":""Voucher tidak dapat diuangkan atau digabungkan dengan promo lainnya.""}",manual,flat,20000,,,2026-10-01,1.0,0,True,2026-05-29T14:55:37.974114+00:00,True,SRAGA-L5M2Y5,,True,,Batch: Voucher Relaksasi,,owner,global,,
970a2de1-956d-4d81-b844-5b6fb06a0c77,Voucher Relaksasi,"{""tagline"":""Apresiasi untuk tubuhmu yang sudah lelah beraktivitas hari ini. Voucher Relaksasi Rp20.000 dari SerenaRaga"",""terms1"":""Berlaku untuk layanan Home Service Massage di wilayah Yogyakarta (free transport max 10km)."",""terms2"":""Wajib melakukan reservasi maksimal H-1 sebelum kedatangan."",""terms3"":""Voucher tidak dapat diuangkan atau digabungkan dengan promo lainnya.""}",manual,flat,20000,,,2026-10-01,1.0,0,True,2026-05-29T14:55:37.974114+00:00,True,SRAGA-P7V8Z8,,True,,Batch: Voucher Relaksasi,,owner,global,,
e4428840-fac4-44a5-a06c-75a41e335644,Voucher Relaksasi,"{""tagline"":""Apresiasi untuk tubuhmu yang sudah lelah beraktivitas hari ini. Voucher Relaksasi Rp20.000 dari SerenaRaga"",""terms1"":""Berlaku untuk layanan Home Service Massage di wilayah Yogyakarta (free transport max 10km)."",""terms2"":""Wajib melakukan reservasi maksimal H-1 sebelum kedatangan."",""terms3"":""Voucher tidak dapat diuangkan atau digabungkan dengan promo lainnya.""}",manual,flat,20000,,,2026-10-01,1.0,0,True,2026-05-29T14:55:37.974114+00:00,True,SRAGA-M6P8C6,,True,,Batch: Voucher Relaksasi,,owner,global,,
21a5e52b-f5b7-4165-931c-3437abd180e6,Voucher Relaksasi,"{""tagline"":""Apresiasi untuk tubuhmu yang sudah lelah beraktivitas hari ini. Voucher Relaksasi Rp20.000 dari SerenaRaga"",""terms1"":""Berlaku untuk layanan Home Service Massage di wilayah Yogyakarta (free transport max 10km)."",""terms2"":""Wajib melakukan reservasi maksimal H-1 sebelum kedatangan."",""terms3"":""Voucher tidak dapat diuangkan atau digabungkan dengan promo lainnya.""}",manual,flat,20000,,,2026-10-01,1.0,0,True,2026-05-29T14:55:37.974114+00:00,True,SRAGA-W9Y9G3,,True,,Batch: Voucher Relaksasi,,owner,global,,
343c4dd7-aa27-4a59-9172-81e239964da4,Voucher Relaksasi,"{""tagline"":""Apresiasi untuk tubuhmu yang sudah lelah beraktivitas hari ini. Voucher Relaksasi Rp20.000 dari SerenaRaga"",""terms1"":""Berlaku untuk layanan Home Service Massage di wilayah Yogyakarta (free transport max 10km)."",""terms2"":""Wajib melakukan reservasi maksimal H-1 sebelum kedatangan."",""terms3"":""Voucher tidak dapat diuangkan atau digabungkan dengan promo lainnya.""}",manual,flat,20000,,,2026-10-01,1.0,0,True,2026-05-29T14:55:37.974114+00:00,True,SRAGA-U7Q8K7,,True,,Batch: Voucher Relaksasi,,owner,global,,
8f4dba79-64cf-43e7-9776-074806792300,Voucher Relaksasi,"{""tagline"":""Apresiasi untuk tubuhmu yang sudah lelah beraktivitas hari ini. Voucher Relaksasi Rp20.000 dari SerenaRaga"",""terms1"":""Berlaku untuk layanan Home Service Massage di wilayah Yogyakarta (free transport max 10km)."",""terms2"":""Wajib melakukan reservasi maksimal H-1 sebelum kedatangan."",""terms3"":""Voucher tidak dapat diuangkan atau digabungkan dengan promo lainnya.""}",manual,flat,20000,,,2026-10-01,1.0,0,True,2026-05-29T14:55:37.974114+00:00,True,SRAGA-P8F4N3,,True,,Batch: Voucher Relaksasi,,owner,global,,
a764f629-564e-4d92-8798-b5521fb5558d,Voucher Relaksasi,"{""tagline"":""Apresiasi untuk tubuhmu yang sudah lelah beraktivitas hari ini. Voucher Relaksasi Rp20.000 dari SerenaRaga"",""terms1"":""Berlaku untuk layanan Home Service Massage di wilayah Yogyakarta (free transport max 10km)."",""terms2"":""Wajib melakukan reservasi maksimal H-1 sebelum kedatangan."",""terms3"":""Voucher tidak dapat diuangkan atau digabungkan dengan promo lainnya.""}",manual,flat,20000,,,2026-10-01,1.0,0,True,2026-05-29T14:55:37.974114+00:00,True,SRAGA-C6M7H8,,True,,Batch: Voucher Relaksasi,,owner,global,,
dc641d1e-ca50-4da6-8bb6-81a7d56935a3,Voucher Relaksasi,"{""tagline"":""Apresiasi untuk tubuhmu yang sudah lelah beraktivitas hari ini. Voucher Relaksasi Rp20.000 dari SerenaRaga"",""terms1"":""Berlaku untuk layanan Home Service Massage di wilayah Yogyakarta (free transport max 10km)."",""terms2"":""Wajib melakukan reservasi maksimal H-1 sebelum kedatangan."",""terms3"":""Voucher tidak dapat diuangkan atau digabungkan dengan promo lainnya.""}",manual,flat,20000,,,2026-10-01,1.0,0,True,2026-05-29T14:55:37.974114+00:00,True,SRAGA-Q9Z3C8,,True,,Batch: Voucher Relaksasi,,owner,global,,
45c1a81e-db70-4f13-887a-9b48aa040f52,Voucher Relaksasi,"{""tagline"":""Apresiasi untuk tubuhmu yang sudah lelah beraktivitas hari ini. Voucher Relaksasi Rp20.000 dari SerenaRaga"",""terms1"":""Berlaku untuk layanan Home Service Massage di wilayah Yogyakarta (free transport max 10km)."",""terms2"":""Wajib melakukan reservasi maksimal H-1 sebelum kedatangan."",""terms3"":""Voucher tidak dapat diuangkan atau digabungkan dengan promo lainnya.""}",manual,flat,20000,,,2026-10-01,1.0,0,True,2026-05-29T14:55:37.974114+00:00,True,SRAGA-H3D2A7,,True,,Batch: Voucher Relaksasi,,owner,global,,
f4950453-b4c7-4d1b-8ec5-9d64db9b6e96,Voucher Relaksasi,"{""tagline"":""Apresiasi untuk tubuhmu yang sudah lelah beraktivitas hari ini. Voucher Relaksasi Rp20.000 dari SerenaRaga"",""terms1"":""Berlaku untuk layanan Home Service Massage di wilayah Yogyakarta (free transport max 10km)."",""terms2"":""Wajib melakukan reservasi maksimal H-1 sebelum kedatangan."",""terms3"":""Voucher tidak dapat diuangkan atau digabungkan dengan promo lainnya.""}",manual,flat,20000,,,2026-10-01,1.0,0,True,2026-05-29T14:55:37.974114+00:00,True,SRAGA-Y7L5M3,,True,,Batch: Voucher Relaksasi,,owner,global,,
2868123b-3b77-47f6-b8cf-56e8919ffc1f,Voucher Relaksasi,"{""tagline"":""Apresiasi untuk tubuhmu yang sudah lelah beraktivitas hari ini. Voucher Relaksasi Rp20.000 dari SerenaRaga"",""terms1"":""Berlaku untuk layanan Home Service Massage di wilayah Yogyakarta (free transport max 10km)."",""terms2"":""Wajib melakukan reservasi maksimal H-1 sebelum kedatangan."",""terms3"":""Voucher tidak dapat diuangkan atau digabungkan dengan promo lainnya.""}",manual,flat,20000,,,2026-10-01,1.0,0,True,2026-05-29T14:55:37.974114+00:00,True,SRAGA-C3D9J3,,True,,Batch: Voucher Relaksasi,,owner,global,,
a86424fa-6123-4d65-abb1-be78909d27d0,Voucher Relaksasi,"{""tagline"":""Apresiasi untuk tubuhmu yang sudah lelah beraktivitas hari ini. Voucher Relaksasi Rp20.000 dari SerenaRaga"",""terms1"":""Berlaku untuk layanan Home Service Massage di wilayah Yogyakarta (free transport max 10km)."",""terms2"":""Wajib melakukan reservasi maksimal H-1 sebelum kedatangan."",""terms3"":""Voucher tidak dapat diuangkan atau digabungkan dengan promo lainnya.""}",manual,flat,20000,,,2026-10-01,1.0,0,True,2026-05-29T14:55:37.974114+00:00,True,SRAGA-R6C4H8,,True,,Batch: Voucher Relaksasi,,owner,global,,
f31fb0d2-9a5f-48e8-9e27-6eb82450dd20,Voucher Relaksasi,"{""tagline"":""Apresiasi untuk tubuhmu yang sudah lelah beraktivitas hari ini. Voucher Relaksasi Rp20.000 dari SerenaRaga"",""terms1"":""Berlaku untuk layanan Home Service Massage di wilayah Yogyakarta (free transport max 10km)."",""terms2"":""Wajib melakukan reservasi maksimal H-1 sebelum kedatangan."",""terms3"":""Voucher tidak dapat diuangkan atau digabungkan dengan promo lainnya.""}",manual,flat,20000,,,2026-10-01,1.0,0,True,2026-05-29T14:55:37.974114+00:00,True,SRAGA-V5Q4M7,,True,,Batch: Voucher Relaksasi,,owner,global,,
414f72a7-1b3d-45ca-a27c-b04cba86fc3c,Voucher Relaksasi,"{""tagline"":""Apresiasi untuk tubuhmu yang sudah lelah beraktivitas hari ini. Voucher Relaksasi Rp20.000 dari SerenaRaga"",""terms1"":""Berlaku untuk layanan Home Service Massage di wilayah Yogyakarta (free transport max 10km)."",""terms2"":""Wajib melakukan reservasi maksimal H-1 sebelum kedatangan."",""terms3"":""Voucher tidak dapat diuangkan atau digabungkan dengan promo lainnya.""}",manual,flat,20000,,,2026-10-01,1.0,0,True,2026-05-29T14:55:37.974114+00:00,True,SRAGA-Z5Y5K3,,True,,Batch: Voucher Relaksasi,,owner,global,,
b50eece8-beaf-47da-b430-8979fbe5f412,Voucher Relaksasi,"{""tagline"":""Apresiasi untuk tubuhmu yang sudah lelah beraktivitas hari ini. Voucher Relaksasi Rp20.000 dari SerenaRaga."",""terms1"":""Berlaku untuk layanan Home Service Massage di wilayah Yogyakarta (free transport max 10km)."",""terms2"":""Wajib melakukan reservasi maksimal H-1 sebelum kedatangan."",""terms3"":""Voucher tidak dapat diuangkan atau digabungkan dengan promo lainnya.""}",manual,flat,19997,,,2026-08-01,1.0,0,True,2026-05-29T14:57:42.652202+00:00,True,SRAGA-K6V3V2,,True,,Batch: Voucher Relaksasi,,owner,global,,
76852d94-156c-4ce9-b46e-b915ef065ffe,Voucher Relaksasi,"{""tagline"":""Apresiasi untuk tubuhmu yang sudah lelah beraktivitas hari ini. Voucher Relaksasi Rp20.000 dari SerenaRaga."",""terms1"":""Berlaku untuk layanan Home Service Massage di wilayah Yogyakarta (free transport max 10km)."",""terms2"":""Wajib melakukan reservasi maksimal H-1 sebelum kedatangan."",""terms3"":""Voucher tidak dapat diuangkan atau digabungkan dengan promo lainnya.""}",manual,flat,19997,,,2026-08-01,1.0,0,True,2026-05-29T14:57:42.652202+00:00,True,SRAGA-Z4Q2W2,,True,,Batch: Voucher Relaksasi,,owner,global,,
a941af8d-93c3-447a-9848-6c315b0a11fd,Voucher Relaksasi,"{""tagline"":""Apresiasi untuk tubuhmu yang sudah lelah beraktivitas hari ini. Voucher Relaksasi Rp20.000 dari SerenaRaga."",""terms1"":""Berlaku untuk layanan Home Service Massage di wilayah Yogyakarta (free transport max 10km)."",""terms2"":""Wajib melakukan reservasi maksimal H-1 sebelum kedatangan."",""terms3"":""Voucher tidak dapat diuangkan atau digabungkan dengan promo lainnya.""}",manual,flat,19997,,,2026-08-01,1.0,0,True,2026-05-29T14:57:42.652202+00:00,True,SRAGA-S2P4J6,,True,,Batch: Voucher Relaksasi,,owner,global,,
e4ff5f03-ff86-4f01-ac97-1da96ae9c585,Voucher Relaksasi,"{""tagline"":""Apresiasi untuk tubuhmu yang sudah lelah beraktivitas hari ini. Voucher Relaksasi Rp20.000 dari SerenaRaga."",""terms1"":""Berlaku untuk layanan Home Service Massage di wilayah Yogyakarta (free transport max 10km)."",""terms2"":""Wajib melakukan reservasi maksimal H-1 sebelum kedatangan."",""terms3"":""Voucher tidak dapat diuangkan atau digabungkan dengan promo lainnya.""}",manual,flat,19997,,,2026-08-01,1.0,0,True,2026-05-29T14:57:42.652202+00:00,True,SRAGA-S7K3B8,,True,,Batch: Voucher Relaksasi,,owner,global,,
c62a76eb-b4b7-4939-881c-e15e345c4bf3,Voucher Relaksasi,"{""tagline"":""Apresiasi untuk tubuhmu yang sudah lelah beraktivitas hari ini. Voucher Relaksasi Rp20.000 dari SerenaRaga."",""terms1"":""Berlaku untuk layanan Home Service Massage di wilayah Yogyakarta (free transport max 10km)."",""terms2"":""Wajib melakukan reservasi maksimal H-1 sebelum kedatangan."",""terms3"":""Voucher tidak dapat diuangkan atau digabungkan dengan promo lainnya.""}",manual,flat,19997,,,2026-08-01,1.0,0,True,2026-05-29T14:57:42.652202+00:00,True,SRAGA-B7Z7M2,,True,,Batch: Voucher Relaksasi,,owner,global,,
806ae09a-1c16-46be-a3e4-24430cc5886a,Voucher Relaksasi,"{""tagline"":""Apresiasi untuk tubuhmu yang sudah lelah beraktivitas hari ini. Voucher Relaksasi Rp20.000 dari SerenaRaga."",""terms1"":""Berlaku untuk layanan Home Service Massage di wilayah Yogyakarta (free transport max 10km)."",""terms2"":""Wajib melakukan reservasi maksimal H-1 sebelum kedatangan."",""terms3"":""Voucher tidak dapat diuangkan atau digabungkan dengan promo lainnya.""}",manual,flat,19997,,,2026-08-01,1.0,0,True,2026-05-29T14:57:42.652202+00:00,True,SRAGA-Y4W6D2,,True,,Batch: Voucher Relaksasi,,owner,global,,
d7f2930e-960c-4837-83d0-cd52ae078227,Voucher Relaksasi,"{""tagline"":""Apresiasi untuk tubuhmu yang sudah lelah beraktivitas hari ini. Voucher Relaksasi Rp20.000 dari SerenaRaga."",""terms1"":""Berlaku untuk layanan Home Service Massage di wilayah Yogyakarta (free transport max 10km)."",""terms2"":""Wajib melakukan reservasi maksimal H-1 sebelum kedatangan."",""terms3"":""Voucher tidak dapat diuangkan atau digabungkan dengan promo lainnya.""}",manual,flat,19997,,,2026-08-01,1.0,0,True,2026-05-29T14:57:42.652202+00:00,True,SRAGA-T6T4Z9,,True,,Batch: Voucher Relaksasi,,owner,global,,
42e2b651-5760-4354-8e98-96053c59aa3d,Voucher Relaksasi,"{""tagline"":""Apresiasi untuk tubuhmu yang sudah lelah beraktivitas hari ini. Voucher Relaksasi Rp20.000 dari SerenaRaga."",""terms1"":""Berlaku untuk layanan Home Service Massage di wilayah Yogyakarta (free transport max 10km)."",""terms2"":""Wajib melakukan reservasi maksimal H-1 sebelum kedatangan."",""terms3"":""Voucher tidak dapat diuangkan atau digabungkan dengan promo lainnya.""}",manual,flat,19997,,,2026-08-01,1.0,0,True,2026-05-29T14:57:42.652202+00:00,True,SRAGA-K7H4T4,,True,,Batch: Voucher Relaksasi,,owner,global,,
01954c16-8243-436a-8122-7de1ca4284f7,Voucher Relaksasi,"{""tagline"":""Apresiasi untuk tubuhmu yang sudah lelah beraktivitas hari ini. Voucher Relaksasi Rp20.000 dari SerenaRaga."",""terms1"":""Berlaku untuk layanan Home Service Massage di wilayah Yogyakarta (free transport max 10km)."",""terms2"":""Wajib melakukan reservasi maksimal H-1 sebelum kedatangan."",""terms3"":""Voucher tidak dapat diuangkan atau digabungkan dengan promo lainnya.""}",manual,flat,19997,,,2026-08-01,1.0,0,True,2026-05-29T14:57:42.652202+00:00,True,SRAGA-M4R7J8,,True,,Batch: Voucher Relaksasi,,owner,global,,
a7ed27c6-dd4d-4aef-ae69-7b232c13fb99,Voucher Relaksasi,"{""tagline"":""Apresiasi untuk tubuhmu yang sudah lelah beraktivitas hari ini. Voucher Relaksasi Rp20.000 dari SerenaRaga."",""terms1"":""Berlaku untuk layanan Home Service Massage di wilayah Yogyakarta (free transport max 10km)."",""terms2"":""Wajib melakukan reservasi maksimal H-1 sebelum kedatangan."",""terms3"":""Voucher tidak dapat diuangkan atau digabungkan dengan promo lainnya.""}",manual,flat,19997,,,2026-08-01,1.0,0,True,2026-05-29T14:57:42.652202+00:00,True,SRAGA-Y3B4R6,,True,,Batch: Voucher Relaksasi,,owner,global,,
9d2f9eb7-bc8b-4659-bc12-a7d0a0ee8080,Voucher Relaksasi,"{""tagline"":""Apresiasi untuk tubuhmu yang sudah lelah beraktivitas hari ini. Voucher Relaksasi Rp20.000 dari SerenaRaga."",""terms1"":""Berlaku untuk layanan Home Service Massage di wilayah Yogyakarta (free transport max 10km)."",""terms2"":""Wajib melakukan reservasi maksimal H-1 sebelum kedatangan."",""terms3"":""Voucher tidak dapat diuangkan atau digabungkan dengan promo lainnya.""}",manual,flat,19997,,,2026-08-01,1.0,0,True,2026-05-29T14:57:42.652202+00:00,True,SRAGA-H2F6Q2,,True,,Batch: Voucher Relaksasi,,owner,global,,
afeac4c3-5d96-4b23-8b00-724d7abf6a86,Voucher Relaksasi,"{""tagline"":""Apresiasi untuk tubuhmu yang sudah lelah beraktivitas hari ini. Voucher Relaksasi Rp20.000 dari SerenaRaga."",""terms1"":""Berlaku untuk layanan Home Service Massage di wilayah Yogyakarta (free transport max 10km)."",""terms2"":""Wajib melakukan reservasi maksimal H-1 sebelum kedatangan."",""terms3"":""Voucher tidak dapat diuangkan atau digabungkan dengan promo lainnya.""}",manual,flat,19997,,,2026-08-01,1.0,0,True,2026-05-29T14:57:42.652202+00:00,True,SRAGA-X8C4S6,,True,,Batch: Voucher Relaksasi,,owner,global,,
65188a1e-ffb8-4c5e-b5d7-8b4f6b70cb81,Voucher Relaksasi,"{""tagline"":""Apresiasi untuk tubuhmu yang sudah lelah beraktivitas hari ini. Voucher Relaksasi Rp20.000 dari SerenaRaga."",""terms1"":""Berlaku untuk layanan Home Service Massage di wilayah Yogyakarta (free transport max 10km)."",""terms2"":""Wajib melakukan reservasi maksimal H-1 sebelum kedatangan."",""terms3"":""Voucher tidak dapat diuangkan atau digabungkan dengan promo lainnya.""}",manual,flat,19997,,,2026-08-01,1.0,0,True,2026-05-29T14:57:42.652202+00:00,True,SRAGA-T4E8K4,,True,,Batch: Voucher Relaksasi,,owner,global,,
27558f65-c475-48d1-a0b2-47d07680ae59,Voucher Relaksasi,"{""tagline"":""Apresiasi untuk tubuhmu yang sudah lelah beraktivitas hari ini. Voucher Relaksasi Rp20.000 dari SerenaRaga."",""terms1"":""Berlaku untuk layanan Home Service Massage di wilayah Yogyakarta (free transport max 10km)."",""terms2"":""Wajib melakukan reservasi maksimal H-1 sebelum kedatangan."",""terms3"":""Voucher tidak dapat diuangkan atau digabungkan dengan promo lainnya.""}",manual,flat,19997,,,2026-08-01,1.0,0,True,2026-05-29T14:57:42.652202+00:00,True,SRAGA-T7V8G8,,True,,Batch: Voucher Relaksasi,,owner,global,,
4901de3b-b82a-40aa-b262-83da16469547,Voucher Relaksasi,"{""tagline"":""Apresiasi untuk tubuhmu yang sudah lelah beraktivitas hari ini. Voucher Relaksasi Rp20.000 dari SerenaRaga."",""terms1"":""Berlaku untuk layanan Home Service Massage di wilayah Yogyakarta (free transport max 10km)."",""terms2"":""Wajib melakukan reservasi maksimal H-1 sebelum kedatangan."",""terms3"":""Voucher tidak dapat diuangkan atau digabungkan dengan promo lainnya.""}",manual,flat,19997,,,2026-08-01,1.0,0,True,2026-05-29T14:57:42.652202+00:00,True,SRAGA-S7S5Z3,,True,,Batch: Voucher Relaksasi,,owner,global,,
035756a5-4d84-49aa-85f9-66abc7f51d93,Voucher Relaksasi,"{""tagline"":""Apresiasi untuk tubuhmu yang sudah lelah beraktivitas hari ini. Voucher Relaksasi Rp20.000 dari SerenaRaga."",""terms1"":""Berlaku untuk layanan Home Service Massage di wilayah Yogyakarta (free transport max 10km)."",""terms2"":""Wajib melakukan reservasi maksimal H-1 sebelum kedatangan."",""terms3"":""Voucher tidak dapat diuangkan atau digabungkan dengan promo lainnya.""}",manual,flat,19997,,,2026-08-01,1.0,0,True,2026-05-29T14:57:42.652202+00:00,True,SRAGA-P9G7Q2,,True,,Batch: Voucher Relaksasi,,owner,global,,
be0f3dff-281b-4091-a975-3f281216577f,Voucher Relaksasi,"{""tagline"":""Apresiasi untuk tubuhmu yang sudah lelah beraktivitas hari ini. Voucher Relaksasi Rp20.000 dari SerenaRaga."",""terms1"":""Berlaku untuk layanan Home Service Massage di wilayah Yogyakarta (free transport max 10km)."",""terms2"":""Wajib melakukan reservasi maksimal H-1 sebelum kedatangan."",""terms3"":""Voucher tidak dapat diuangkan atau digabungkan dengan promo lainnya.""}",manual,flat,19997,,,2026-08-01,1.0,0,True,2026-05-29T14:57:42.652202+00:00,True,SRAGA-F4M3B7,,True,,Batch: Voucher Relaksasi,,owner,global,,
e4028881-eee9-46b5-a2b6-b96dbb333238,Voucher Relaksasi,"{""tagline"":""Apresiasi untuk tubuhmu yang sudah lelah beraktivitas hari ini. Voucher Relaksasi Rp20.000 dari SerenaRaga."",""terms1"":""Berlaku untuk layanan Home Service Massage di wilayah Yogyakarta (free transport max 10km)."",""terms2"":""Wajib melakukan reservasi maksimal H-1 sebelum kedatangan."",""terms3"":""Voucher tidak dapat diuangkan atau digabungkan dengan promo lainnya.""}",manual,flat,19997,,,2026-08-01,1.0,0,True,2026-05-29T14:57:42.652202+00:00,True,SRAGA-W8U9Y8,,True,,Batch: Voucher Relaksasi,,owner,global,,
53601341-4a2a-43f7-8285-75322bd13b2d,Voucher Relaksasi,"{""tagline"":""Apresiasi untuk tubuhmu yang sudah lelah beraktivitas hari ini. Voucher Relaksasi Rp20.000 dari SerenaRaga."",""terms1"":""Berlaku untuk layanan Home Service Massage di wilayah Yogyakarta (free transport max 10km)."",""terms2"":""Wajib melakukan reservasi maksimal H-1 sebelum kedatangan."",""terms3"":""Voucher tidak dapat diuangkan atau digabungkan dengan promo lainnya.""}",manual,flat,19997,,,2026-08-01,1.0,0,True,2026-05-29T14:57:42.652202+00:00,True,SRAGA-A7U8B9,,True,,Batch: Voucher Relaksasi,,owner,global,,
96637920-d88d-43af-869b-2d9c29fdbc82,Voucher Relaksasi,"{""tagline"":""Apresiasi untuk tubuhmu yang sudah lelah beraktivitas hari ini. Voucher Relaksasi Rp20.000 dari SerenaRaga."",""terms1"":""Berlaku untuk layanan Home Service Massage di wilayah Yogyakarta (free transport max 10km)."",""terms2"":""Wajib melakukan reservasi maksimal H-1 sebelum kedatangan."",""terms3"":""Voucher tidak dapat diuangkan atau digabungkan dengan promo lainnya.""}",manual,flat,19997,,,2026-08-01,1.0,0,True,2026-05-29T14:57:42.652202+00:00,True,SRAGA-J6B5C5,,True,,Batch: Voucher Relaksasi,,owner,global,,
94db6687-af76-46af-86fb-ea5efe016b58,Voucher Relaksasi,"{""tagline"":""Apresiasi untuk tubuhmu yang sudah lelah beraktivitas hari ini. Voucher Relaksasi Rp20.000 dari SerenaRaga."",""terms1"":""Berlaku untuk layanan Home Service Massage di wilayah Yogyakarta (free transport max 10km)."",""terms2"":""Wajib melakukan reservasi maksimal H-1 sebelum kedatangan."",""terms3"":""Voucher tidak dapat diuangkan atau digabungkan dengan promo lainnya.""}",manual,flat,19997,,,2026-08-01,1.0,0,True,2026-05-29T14:57:42.652202+00:00,True,SRAGA-W8W7Z3,,True,,Batch: Voucher Relaksasi,,owner,global,,
68bce30c-06e0-4603-a7ad-465a5e462a26,Voucher Relaksasi,"{""tagline"":""Apresiasi untuk tubuhmu yang sudah lelah beraktivitas hari ini. Voucher Relaksasi Rp20.000 dari SerenaRaga."",""terms1"":""Berlaku untuk layanan Home Service Massage di wilayah Yogyakarta (free transport max 10km)."",""terms2"":""Wajib melakukan reservasi maksimal H-1 sebelum kedatangan."",""terms3"":""Voucher tidak dapat diuangkan atau digabungkan dengan promo lainnya.""}",manual,flat,19997,,,2026-08-01,1.0,0,True,2026-05-29T14:57:42.652202+00:00,True,SRAGA-J8Y6G4,,True,,Batch: Voucher Relaksasi,,owner,global,,
4339cbb0-0f47-48c4-a194-b203bfa95d2d,Voucher Relaksasi,"{""tagline"":""Apresiasi untuk tubuhmu yang sudah lelah beraktivitas hari ini. Voucher Relaksasi Rp20.000 dari SerenaRaga."",""terms1"":""Berlaku untuk layanan Home Service Massage di wilayah Yogyakarta (free transport max 10km)."",""terms2"":""Wajib melakukan reservasi maksimal H-1 sebelum kedatangan."",""terms3"":""Voucher tidak dapat diuangkan atau digabungkan dengan promo lainnya.""}",manual,flat,19997,,,2026-08-01,1.0,0,True,2026-05-29T14:57:42.652202+00:00,True,SRAGA-N6K7V6,,True,,Batch: Voucher Relaksasi,,owner,global,,
b56e70ce-c4cf-4da2-9a1c-ad045e2d10ff,Voucher Relaksasi,"{""tagline"":""Apresiasi untuk tubuhmu yang sudah lelah beraktivitas hari ini. Voucher Relaksasi Rp20.000 dari SerenaRaga."",""terms1"":""Berlaku untuk layanan Home Service Massage di wilayah Yogyakarta (free transport max 10km)."",""terms2"":""Wajib melakukan reservasi maksimal H-1 sebelum kedatangan."",""terms3"":""Voucher tidak dapat diuangkan atau digabungkan dengan promo lainnya.""}",manual,flat,19997,,,2026-08-01,1.0,0,True,2026-05-29T14:57:42.652202+00:00,True,SRAGA-D9T9Q7,,True,,Batch: Voucher Relaksasi,,owner,global,,
424b871c-5928-4131-a2d4-0b93f6741385,Voucher Relaksasi,"{""tagline"":""Apresiasi untuk tubuhmu yang sudah lelah beraktivitas hari ini. Voucher Relaksasi Rp20.000 dari SerenaRaga."",""terms1"":""Berlaku untuk layanan Home Service Massage di wilayah Yogyakarta (free transport max 10km)."",""terms2"":""Wajib melakukan reservasi maksimal H-1 sebelum kedatangan."",""terms3"":""Voucher tidak dapat diuangkan atau digabungkan dengan promo lainnya.""}",manual,flat,19997,,,2026-08-01,1.0,0,True,2026-05-29T14:57:42.652202+00:00,True,SRAGA-N8G7M2,,True,,Batch: Voucher Relaksasi,,owner,global,,
d2da0410-3800-45b2-b1cb-a76eebe2796a,Voucher Relaksasi,"{""tagline"":""Apresiasi untuk tubuhmu yang sudah lelah beraktivitas hari ini. Voucher Relaksasi Rp20.000 dari SerenaRaga."",""terms1"":""Berlaku untuk layanan Home Service Massage di wilayah Yogyakarta (free transport max 10km)."",""terms2"":""Wajib melakukan reservasi maksimal H-1 sebelum kedatangan."",""terms3"":""Voucher tidak dapat diuangkan atau digabungkan dengan promo lainnya.""}",manual,flat,19997,,,2026-08-01,1.0,0,True,2026-05-29T14:57:42.652202+00:00,True,SRAGA-N4Q6H8,,True,,Batch: Voucher Relaksasi,,owner,global,,
61bb2aec-5669-4277-a40b-39950c5e1c8f,Voucher Relaksasi,"{""tagline"":""Apresiasi untuk tubuhmu yang sudah lelah beraktivitas hari ini. Voucher Relaksasi Rp20.000 dari SerenaRaga."",""terms1"":""Berlaku untuk layanan Home Service Massage di wilayah Yogyakarta (free transport max 10km)."",""terms2"":""Wajib melakukan reservasi maksimal H-1 sebelum kedatangan."",""terms3"":""Voucher tidak dapat diuangkan atau digabungkan dengan promo lainnya.""}",manual,flat,19997,,,2026-08-01,1.0,0,True,2026-05-29T14:57:42.652202+00:00,True,SRAGA-H7C3Z5,,True,,Batch: Voucher Relaksasi,,owner,global,,
086509ef-c7d3-48db-b5cf-e84657ac834b,Voucher Relaksasi,"{""tagline"":""Apresiasi untuk tubuhmu yang sudah lelah beraktivitas hari ini. Voucher Relaksasi Rp20.000 dari SerenaRaga."",""terms1"":""Berlaku untuk layanan Home Service Massage di wilayah Yogyakarta (free transport max 10km)."",""terms2"":""Wajib melakukan reservasi maksimal H-1 sebelum kedatangan."",""terms3"":""Voucher tidak dapat diuangkan atau digabungkan dengan promo lainnya.""}",manual,flat,19997,,,2026-08-01,1.0,0,True,2026-05-29T14:57:42.652202+00:00,True,SRAGA-T6P5Y8,,True,,Batch: Voucher Relaksasi,,owner,global,,
32144d79-8072-4861-b729-f4ff947dc257,Voucher Relaksasi,"{""tagline"":""Apresiasi untuk tubuhmu yang sudah lelah beraktivitas hari ini. Voucher Relaksasi Rp20.000 dari SerenaRaga."",""terms1"":""Berlaku untuk layanan Home Service Massage di wilayah Yogyakarta (free transport max 10km)."",""terms2"":""Wajib melakukan reservasi maksimal H-1 sebelum kedatangan."",""terms3"":""Voucher tidak dapat diuangkan atau digabungkan dengan promo lainnya.""}",manual,flat,19997,,,2026-08-01,1.0,0,True,2026-05-29T14:57:42.652202+00:00,True,SRAGA-B8G6N9,,True,,Batch: Voucher Relaksasi,,owner,global,,
4bb0da80-2b7e-4ccb-a4e8-4a4aa15c3ce4,Voucher Relaksasi,"{""tagline"":""Apresiasi untuk tubuhmu yang sudah lelah beraktivitas hari ini. Voucher Relaksasi Rp20.000 dari SerenaRaga."",""terms1"":""Berlaku untuk layanan Home Service Massage di wilayah Yogyakarta (free transport max 10km)."",""terms2"":""Wajib melakukan reservasi maksimal H-1 sebelum kedatangan."",""terms3"":""Voucher tidak dapat diuangkan atau digabungkan dengan promo lainnya.""}",manual,flat,19997,,,2026-08-01,1.0,0,True,2026-05-29T14:57:42.652202+00:00,True,SRAGA-P4E2Z8,,True,,Batch: Voucher Relaksasi,,owner,global,,
81e37f82-de58-45cd-96bd-d676e209e470,Voucher Relaksasi,"{""tagline"":""Apresiasi untuk tubuhmu yang sudah lelah beraktivitas hari ini. Voucher Relaksasi Rp20.000 dari SerenaRaga."",""terms1"":""Berlaku untuk layanan Home Service Massage di wilayah Yogyakarta (free transport max 10km)."",""terms2"":""Wajib melakukan reservasi maksimal H-1 sebelum kedatangan."",""terms3"":""Voucher tidak dapat diuangkan atau digabungkan dengan promo lainnya.""}",manual,flat,19997,,,2026-08-01,1.0,0,True,2026-05-29T14:57:42.652202+00:00,True,SRAGA-L9R5E4,,True,,Batch: Voucher Relaksasi,,owner,global,,
ac1f6130-83fd-4c50-a2d5-d1df596d687a,Voucher Relaksasi,"{""tagline"":""Apresiasi untuk tubuhmu yang sudah lelah beraktivitas hari ini. Voucher Relaksasi Rp20.000 dari SerenaRaga."",""terms1"":""Berlaku untuk layanan Home Service Massage di wilayah Yogyakarta (free transport max 10km)."",""terms2"":""Wajib melakukan reservasi maksimal H-1 sebelum kedatangan."",""terms3"":""Voucher tidak dapat diuangkan atau digabungkan dengan promo lainnya.""}",manual,flat,19997,,,2026-08-01,1.0,0,True,2026-05-29T14:57:42.652202+00:00,True,SRAGA-C7Y2C3,,True,,Batch: Voucher Relaksasi,,owner,global,,
26090be1-97d2-4105-a9d2-1a52bba14340,Voucher Relaksasi,"{""tagline"":""Apresiasi untuk tubuhmu yang sudah lelah beraktivitas hari ini. Voucher Relaksasi Rp20.000 dari SerenaRaga."",""terms1"":""Berlaku untuk layanan Home Service Massage di wilayah Yogyakarta (free transport max 10km)."",""terms2"":""Wajib melakukan reservasi maksimal H-1 sebelum kedatangan."",""terms3"":""Voucher tidak dapat diuangkan atau digabungkan dengan promo lainnya.""}",manual,flat,19997,,,2026-08-01,1.0,0,True,2026-05-29T14:57:42.652202+00:00,True,SRAGA-Y7K5N8,,True,,Batch: Voucher Relaksasi,,owner,global,,
ff07ac4c-8d22-4d51-adfb-0473d42a4d4f,Voucher Relaksasi,"{""tagline"":""Apresiasi untuk tubuhmu yang sudah lelah beraktivitas hari ini. Voucher Relaksasi Rp20.000 dari SerenaRaga."",""terms1"":""Berlaku untuk layanan Home Service Massage di wilayah Yogyakarta (free transport max 10km)."",""terms2"":""Wajib melakukan reservasi maksimal H-1 sebelum kedatangan."",""terms3"":""Voucher tidak dapat diuangkan atau digabungkan dengan promo lainnya.""}",manual,flat,19997,,,2026-08-01,1.0,0,True,2026-05-29T14:57:42.652202+00:00,True,SRAGA-N5H7Z2,,True,,Batch: Voucher Relaksasi,,owner,global,,
b81cfd17-ac44-4347-8fc5-09fc413685fa,Voucher Relaksasi,"{""tagline"":""Apresiasi untuk tubuhmu yang sudah lelah beraktivitas hari ini. Voucher Relaksasi Rp20.000 dari SerenaRaga."",""terms1"":""Berlaku untuk layanan Home Service Massage di wilayah Yogyakarta (free transport max 10km)."",""terms2"":""Wajib melakukan reservasi maksimal H-1 sebelum kedatangan."",""terms3"":""Voucher tidak dapat diuangkan atau digabungkan dengan promo lainnya.""}",manual,flat,19997,,,2026-08-01,1.0,0,True,2026-05-29T14:57:42.652202+00:00,True,SRAGA-G2G6Y8,,True,,Batch: Voucher Relaksasi,,owner,global,,
c85a522b-3c4a-4005-b935-da8813e2acf3,Voucher Relaksasi,"{""tagline"":""Apresiasi untuk tubuhmu yang sudah lelah beraktivitas hari ini. Voucher Relaksasi Rp20.000 dari SerenaRaga."",""terms1"":""Berlaku untuk layanan Home Service Massage di wilayah Yogyakarta (free transport max 10km)."",""terms2"":""Wajib melakukan reservasi maksimal H-1 sebelum kedatangan."",""terms3"":""Voucher tidak dapat diuangkan atau digabungkan dengan promo lainnya.""}",manual,flat,19997,,,2026-08-01,1.0,0,True,2026-05-29T14:57:42.652202+00:00,True,SRAGA-N7Z9C9,,True,,Batch: Voucher Relaksasi,,owner,global,,
aa9901a7-7996-44ed-acd3-b71100d41c0a,Voucher Relaksasi,"{""tagline"":""Apresiasi untuk tubuhmu yang sudah lelah beraktivitas hari ini. Voucher Relaksasi Rp20.000 dari SerenaRaga."",""terms1"":""Berlaku untuk layanan Home Service Massage di wilayah Yogyakarta (free transport max 10km)."",""terms2"":""Wajib melakukan reservasi maksimal H-1 sebelum kedatangan."",""terms3"":""Voucher tidak dapat diuangkan atau digabungkan dengan promo lainnya.""}",manual,flat,19997,,,2026-08-01,1.0,0,True,2026-05-29T14:57:42.652202+00:00,True,SRAGA-A6Q2K5,,True,,Batch: Voucher Relaksasi,,owner,global,,
6f4354a2-3991-4df5-b92e-20394f9bd702,Voucher Relaksasi,"{""tagline"":""Apresiasi untuk tubuhmu yang sudah lelah beraktivitas hari ini. Voucher Relaksasi Rp20.000 dari SerenaRaga."",""terms1"":""Berlaku untuk layanan Home Service Massage di wilayah Yogyakarta (free transport max 10km)."",""terms2"":""Wajib melakukan reservasi maksimal H-1 sebelum kedatangan."",""terms3"":""Voucher tidak dapat diuangkan atau digabungkan dengan promo lainnya.""}",manual,flat,19997,,,2026-08-01,1.0,0,True,2026-05-29T14:57:42.652202+00:00,True,SRAGA-U9M5G7,,True,,Batch: Voucher Relaksasi,,owner,global,,
9d999dbd-d100-4d32-8b5a-6e638495f8df,Voucher Relaksasi,"{""tagline"":""Apresiasi untuk tubuhmu yang sudah lelah beraktivitas hari ini. Voucher Relaksasi Rp20.000 dari SerenaRaga."",""terms1"":""Berlaku untuk layanan Home Service Massage di wilayah Yogyakarta (free transport max 10km)."",""terms2"":""Wajib melakukan reservasi maksimal H-1 sebelum kedatangan."",""terms3"":""Voucher tidak dapat diuangkan atau digabungkan dengan promo lainnya.""}",manual,flat,19997,,,2026-08-01,1.0,0,True,2026-05-29T14:57:42.652202+00:00,True,SRAGA-H6D6F2,,True,,Batch: Voucher Relaksasi,,owner,global,,
e7390e09-73d7-4702-a9a2-93012d7e1c05,Voucher Relaksasi,"{""tagline"":""Apresiasi untuk tubuhmu yang sudah lelah beraktivitas hari ini. Voucher Relaksasi Rp20.000 dari SerenaRaga."",""terms1"":""Berlaku untuk layanan Home Service Massage di wilayah Yogyakarta (free transport max 10km)."",""terms2"":""Wajib melakukan reservasi maksimal H-1 sebelum kedatangan."",""terms3"":""Voucher tidak dapat diuangkan atau digabungkan dengan promo lainnya.""}",manual,flat,19997,,,2026-08-01,1.0,0,True,2026-05-29T14:57:42.652202+00:00,True,SRAGA-C2B2M7,,True,,Batch: Voucher Relaksasi,,owner,global,,
afc1e6d0-1889-4469-b4c3-c54e56d90f73,Voucher Relaksasi,"{""tagline"":""Apresiasi untuk tubuhmu yang sudah lelah beraktivitas hari ini. Voucher Relaksasi Rp20.000 dari SerenaRaga."",""terms1"":""Berlaku untuk layanan Home Service Massage di wilayah Yogyakarta (free transport max 10km)."",""terms2"":""Wajib melakukan reservasi maksimal H-1 sebelum kedatangan."",""terms3"":""Voucher tidak dapat diuangkan atau digabungkan dengan promo lainnya.""}",manual,flat,19997,,,2026-08-01,1.0,0,True,2026-05-29T14:57:42.652202+00:00,True,SRAGA-Y7J2L5,,True,,Batch: Voucher Relaksasi,,owner,global,,
9683fa7c-61d6-4a1d-a078-7b5c718b62d0,Voucher Relaksasi,"{""tagline"":""Apresiasi untuk tubuhmu yang sudah lelah beraktivitas hari ini. Voucher Relaksasi Rp20.000 dari SerenaRaga."",""terms1"":""Berlaku untuk layanan Home Service Massage di wilayah Yogyakarta (free transport max 10km)."",""terms2"":""Wajib melakukan reservasi maksimal H-1 sebelum kedatangan."",""terms3"":""Voucher tidak dapat diuangkan atau digabungkan dengan promo lainnya.""}",manual,flat,19997,,,2026-08-01,1.0,0,True,2026-05-29T14:57:42.652202+00:00,True,SRAGA-Y8Y5H9,,True,,Batch: Voucher Relaksasi,,owner,global,,
0bf5c968-ef9f-4c39-bcfe-341c9396e2dc,Voucher Relaksasi,"{""tagline"":""Apresiasi untuk tubuhmu yang sudah lelah beraktivitas hari ini. Voucher Relaksasi Rp20.000 dari SerenaRaga."",""terms1"":""Berlaku untuk layanan Home Service Massage di wilayah Yogyakarta (free transport max 10km)."",""terms2"":""Wajib melakukan reservasi maksimal H-1 sebelum kedatangan."",""terms3"":""Voucher tidak dapat diuangkan atau digabungkan dengan promo lainnya.""}",manual,flat,19997,,,2026-08-01,1.0,0,True,2026-05-29T14:57:42.652202+00:00,True,SRAGA-E9X6J5,,True,,Batch: Voucher Relaksasi,,owner,global,,
cc5309cc-27bf-4772-8548-00aa5ae78711,Voucher Relaksasi,"{""tagline"":""Apresiasi untuk tubuhmu yang sudah lelah beraktivitas hari ini. Voucher Relaksasi Rp20.000 dari SerenaRaga."",""terms1"":""Berlaku untuk layanan Home Service Massage di wilayah Yogyakarta (free transport max 10km)."",""terms2"":""Wajib melakukan reservasi maksimal H-1 sebelum kedatangan."",""terms3"":""Voucher tidak dapat diuangkan atau digabungkan dengan promo lainnya.""}",manual,flat,19997,,,2026-08-01,1.0,0,True,2026-05-29T14:57:42.652202+00:00,True,SRAGA-M2L2G9,,True,,Batch: Voucher Relaksasi,,owner,global,,
9c1dcc65-3819-4f4f-a5be-10e534e87c17,Voucher Relaksasi,"{""tagline"":""Apresiasi untuk tubuhmu yang sudah lelah beraktivitas hari ini. Voucher Relaksasi Rp20.000 dari SerenaRaga."",""terms1"":""Berlaku untuk layanan Home Service Massage di wilayah Yogyakarta (free transport max 10km)."",""terms2"":""Wajib melakukan reservasi maksimal H-1 sebelum kedatangan."",""terms3"":""Voucher tidak dapat diuangkan atau digabungkan dengan promo lainnya.""}",manual,flat,19997,,,2026-08-01,1.0,0,True,2026-05-29T14:57:42.652202+00:00,True,SRAGA-A6Y5H5,,True,,Batch: Voucher Relaksasi,,owner,global,,
d74be07c-51a1-4bad-97a7-620c85cfcfc0,Voucher Relaksasi,"{""tagline"":""Apresiasi untuk tubuhmu yang sudah lelah beraktivitas hari ini. Voucher Relaksasi Rp20.000 dari SerenaRaga."",""terms1"":""Berlaku untuk layanan Home Service Massage di wilayah Yogyakarta (free transport max 10km)."",""terms2"":""Wajib melakukan reservasi maksimal H-1 sebelum kedatangan."",""terms3"":""Voucher tidak dapat diuangkan atau digabungkan dengan promo lainnya.""}",manual,flat,19997,,,2026-08-01,1.0,0,True,2026-05-29T14:57:42.652202+00:00,True,SRAGA-F5T3J8,,True,,Batch: Voucher Relaksasi,,owner,global,,
42f47b2a-fa23-4ce5-b08d-94af049da680,Voucher Relaksasi,"{""tagline"":""Apresiasi untuk tubuhmu yang sudah lelah beraktivitas hari ini. Voucher Relaksasi Rp20.000 dari SerenaRaga."",""terms1"":""Berlaku untuk layanan Home Service Massage di wilayah Yogyakarta (free transport max 10km)."",""terms2"":""Wajib melakukan reservasi maksimal H-1 sebelum kedatangan."",""terms3"":""Voucher tidak dapat diuangkan atau digabungkan dengan promo lainnya.""}",manual,flat,19997,,,2026-08-01,1.0,0,True,2026-05-29T14:57:42.652202+00:00,True,SRAGA-C8Y4T7,,True,,Batch: Voucher Relaksasi,,owner,global,,
1e829036-6299-4254-aff4-efdadfe08ec3,Voucher Relaksasi,"{""tagline"":""Apresiasi untuk tubuhmu yang sudah lelah beraktivitas hari ini. Voucher Relaksasi Rp20.000 dari SerenaRaga."",""terms1"":""Berlaku untuk layanan Home Service Massage di wilayah Yogyakarta (free transport max 10km)."",""terms2"":""Wajib melakukan reservasi maksimal H-1 sebelum kedatangan."",""terms3"":""Voucher tidak dapat diuangkan atau digabungkan dengan promo lainnya.""}",manual,flat,19997,,,2026-08-01,1.0,0,True,2026-05-29T14:57:42.652202+00:00,True,SRAGA-R3S2Q3,,True,,Batch: Voucher Relaksasi,,owner,global,,
09b7da34-e071-45be-8524-618acf122879,Voucher Relaksasi,"{""tagline"":""Apresiasi untuk tubuhmu yang sudah lelah beraktivitas hari ini. Voucher Relaksasi Rp20.000 dari SerenaRaga."",""terms1"":""Berlaku untuk layanan Home Service Massage di wilayah Yogyakarta (free transport max 10km)."",""terms2"":""Wajib melakukan reservasi maksimal H-1 sebelum kedatangan."",""terms3"":""Voucher tidak dapat diuangkan atau digabungkan dengan promo lainnya.""}",manual,flat,19997,,,2026-08-01,1.0,0,True,2026-05-29T14:57:42.652202+00:00,True,SRAGA-P3C8B5,,True,,Batch: Voucher Relaksasi,,owner,global,,
0252dcc6-5d51-422a-9d26-42046b584183,Voucher Relaksasi,"{""tagline"":""Apresiasi untuk tubuhmu yang sudah lelah beraktivitas hari ini. Voucher Relaksasi Rp20.000 dari SerenaRaga."",""terms1"":""Berlaku untuk layanan Home Service Massage di wilayah Yogyakarta (free transport max 10km)."",""terms2"":""Wajib melakukan reservasi maksimal H-1 sebelum kedatangan."",""terms3"":""Voucher tidak dapat diuangkan atau digabungkan dengan promo lainnya.""}",manual,flat,19997,,,2026-08-01,1.0,0,True,2026-05-29T14:57:42.652202+00:00,True,SRAGA-L8V4E8,,True,,Batch: Voucher Relaksasi,,owner,global,,
44aac379-15f6-4ea0-b9fa-ac49d02702f5,Voucher Relaksasi,"{""tagline"":""Apresiasi untuk tubuhmu yang sudah lelah beraktivitas hari ini. Voucher Relaksasi Rp20.000 dari SerenaRaga."",""terms1"":""Berlaku untuk layanan Home Service Massage di wilayah Yogyakarta (free transport max 10km)."",""terms2"":""Wajib melakukan reservasi maksimal H-1 sebelum kedatangan."",""terms3"":""Voucher tidak dapat diuangkan atau digabungkan dengan promo lainnya.""}",manual,flat,19997,,,2026-08-01,1.0,0,True,2026-05-29T14:57:42.652202+00:00,True,SRAGA-M8Z2Y9,,True,,Batch: Voucher Relaksasi,,owner,global,,
f7d8afa8-dcfd-4e60-b244-76d54d85b7d4,Voucher Relaksasi,"{""tagline"":""Apresiasi untuk tubuhmu yang sudah lelah beraktivitas hari ini. Voucher Relaksasi Rp20.000 dari SerenaRaga."",""terms1"":""Berlaku untuk layanan Home Service Massage di wilayah Yogyakarta (free transport max 10km)."",""terms2"":""Wajib melakukan reservasi maksimal H-1 sebelum kedatangan."",""terms3"":""Voucher tidak dapat diuangkan atau digabungkan dengan promo lainnya.""}",manual,flat,19997,,,2026-08-01,1.0,0,True,2026-05-29T14:57:42.652202+00:00,True,SRAGA-K4T9E8,,True,,Batch: Voucher Relaksasi,,owner,global,,
1bea98ae-7f84-4802-b316-fba976a875ce,Voucher Relaksasi,"{""tagline"":""Apresiasi untuk tubuhmu yang sudah lelah beraktivitas hari ini. Voucher Relaksasi Rp20.000 dari SerenaRaga."",""terms1"":""Berlaku untuk layanan Home Service Massage di wilayah Yogyakarta (free transport max 10km)."",""terms2"":""Wajib melakukan reservasi maksimal H-1 sebelum kedatangan."",""terms3"":""Voucher tidak dapat diuangkan atau digabungkan dengan promo lainnya.""}",manual,flat,19997,,,2026-08-01,1.0,0,True,2026-05-29T14:57:42.652202+00:00,True,SRAGA-A4K6J8,,True,,Batch: Voucher Relaksasi,,owner,global,,
7de3d9dd-885d-41af-bb85-edba8b0516d6,Voucher Relaksasi,"{""tagline"":""Apresiasi untuk tubuhmu yang sudah lelah beraktivitas hari ini. Voucher Relaksasi Rp20.000 dari SerenaRaga."",""terms1"":""Berlaku untuk layanan Home Service Massage di wilayah Yogyakarta (free transport max 10km)."",""terms2"":""Wajib melakukan reservasi maksimal H-1 sebelum kedatangan."",""terms3"":""Voucher tidak dapat diuangkan atau digabungkan dengan promo lainnya.""}",manual,flat,19997,,,2026-08-01,1.0,0,True,2026-05-29T14:57:42.652202+00:00,True,SRAGA-D4T5Y6,,True,,Batch: Voucher Relaksasi,,owner,global,,
552bc35f-3e21-4333-9ee8-e4be1ff76f04,Voucher Relaksasi,"{""tagline"":""Apresiasi untuk tubuhmu yang sudah lelah beraktivitas hari ini. Voucher Relaksasi Rp20.000 dari SerenaRaga."",""terms1"":""Berlaku untuk layanan Home Service Massage di wilayah Yogyakarta (free transport max 10km)."",""terms2"":""Wajib melakukan reservasi maksimal H-1 sebelum kedatangan."",""terms3"":""Voucher tidak dapat diuangkan atau digabungkan dengan promo lainnya.""}",manual,flat,19997,,,2026-08-01,1.0,0,True,2026-05-29T14:57:42.652202+00:00,True,SRAGA-Y4Y6P3,,True,,Batch: Voucher Relaksasi,,owner,global,,
5012ab22-6cf7-4b25-80e7-0891b8265c49,Voucher Relaksasi,"{""tagline"":""Apresiasi untuk tubuhmu yang sudah lelah beraktivitas hari ini. Voucher Relaksasi Rp20.000 dari SerenaRaga."",""terms1"":""Berlaku untuk layanan Home Service Massage di wilayah Yogyakarta (free transport max 10km)."",""terms2"":""Wajib melakukan reservasi maksimal H-1 sebelum kedatangan."",""terms3"":""Voucher tidak dapat diuangkan atau digabungkan dengan promo lainnya.""}",manual,flat,19997,,,2026-08-01,1.0,0,True,2026-05-29T14:57:42.652202+00:00,True,SRAGA-L4R7C5,,True,,Batch: Voucher Relaksasi,,owner,global,,
a34af3e2-a23f-4e78-a4cf-45ef8448b322,Voucher Relaksasi,"{""tagline"":""Apresiasi untuk tubuhmu yang sudah lelah beraktivitas hari ini. Voucher Relaksasi Rp20.000 dari SerenaRaga."",""terms1"":""Berlaku untuk layanan Home Service Massage di wilayah Yogyakarta (free transport max 10km)."",""terms2"":""Wajib melakukan reservasi maksimal H-1 sebelum kedatangan."",""terms3"":""Voucher tidak dapat diuangkan atau digabungkan dengan promo lainnya.""}",manual,flat,19997,,,2026-08-01,1.0,0,True,2026-05-29T14:57:42.652202+00:00,True,SRAGA-U4S5G2,,True,,Batch: Voucher Relaksasi,,owner,global,,
624c651f-97b4-4e3e-b453-b95cdd08671b,Voucher Relaksasi,"{""tagline"":""Apresiasi untuk tubuhmu yang sudah lelah beraktivitas hari ini. Voucher Relaksasi Rp20.000 dari SerenaRaga."",""terms1"":""Berlaku untuk layanan Home Service Massage di wilayah Yogyakarta (free transport max 10km)."",""terms2"":""Wajib melakukan reservasi maksimal H-1 sebelum kedatangan."",""terms3"":""Voucher tidak dapat diuangkan atau digabungkan dengan promo lainnya.""}",manual,flat,19997,,,2026-08-01,1.0,0,True,2026-05-29T14:57:42.652202+00:00,True,SRAGA-M8N4E7,,True,,Batch: Voucher Relaksasi,,owner,global,,
36ab55ab-2c79-41d4-b16b-480c8a6f6924,Voucher Relaksasi,"{""tagline"":""Apresiasi untuk tubuhmu yang sudah lelah beraktivitas hari ini. Voucher Relaksasi Rp20.000 dari SerenaRaga."",""terms1"":""Berlaku untuk layanan Home Service Massage di wilayah Yogyakarta (free transport max 10km)."",""terms2"":""Wajib melakukan reservasi maksimal H-1 sebelum kedatangan."",""terms3"":""Voucher tidak dapat diuangkan atau digabungkan dengan promo lainnya.""}",manual,flat,19997,,,2026-08-01,1.0,0,True,2026-05-29T14:57:42.652202+00:00,True,SRAGA-F2C3F4,,True,,Batch: Voucher Relaksasi,,owner,global,,
6baa12fc-50a2-4e66-becd-f275e151dfea,Voucher Relaksasi,"{""tagline"":""Apresiasi untuk tubuhmu yang sudah lelah beraktivitas hari ini. Voucher Relaksasi Rp20.000 dari SerenaRaga."",""terms1"":""Berlaku untuk layanan Home Service Massage di wilayah Yogyakarta (free transport max 10km)."",""terms2"":""Wajib melakukan reservasi maksimal H-1 sebelum kedatangan."",""terms3"":""Voucher tidak dapat diuangkan atau digabungkan dengan promo lainnya.""}",manual,flat,19997,,,2026-08-01,1.0,0,True,2026-05-29T14:57:42.652202+00:00,True,SRAGA-M5H6Z7,,True,,Batch: Voucher Relaksasi,,owner,global,,
58e5f9d1-9c1c-4c57-8e83-3768671ad8c9,Voucher Relaksasi,"{""tagline"":""Apresiasi untuk tubuhmu yang sudah lelah beraktivitas hari ini. Voucher Relaksasi Rp20.000 dari SerenaRaga."",""terms1"":""Berlaku untuk layanan Home Service Massage di wilayah Yogyakarta (free transport max 10km)."",""terms2"":""Wajib melakukan reservasi maksimal H-1 sebelum kedatangan."",""terms3"":""Voucher tidak dapat diuangkan atau digabungkan dengan promo lainnya.""}",manual,flat,19997,,,2026-08-01,1.0,0,True,2026-05-29T14:57:42.652202+00:00,True,SRAGA-B3C7G9,,True,,Batch: Voucher Relaksasi,,owner,global,,
0bc03fee-5af9-4017-a2ff-630761eaa1c6,Voucher Relaksasi,"{""tagline"":""Apresiasi untuk tubuhmu yang sudah lelah beraktivitas hari ini. Voucher Relaksasi Rp20.000 dari SerenaRaga."",""terms1"":""Berlaku untuk layanan Home Service Massage di wilayah Yogyakarta (free transport max 10km)."",""terms2"":""Wajib melakukan reservasi maksimal H-1 sebelum kedatangan."",""terms3"":""Voucher tidak dapat diuangkan atau digabungkan dengan promo lainnya.""}",manual,flat,19997,,,2026-08-01,1.0,0,True,2026-05-29T14:57:42.652202+00:00,True,SRAGA-D4D7L2,,True,,Batch: Voucher Relaksasi,,owner,global,,
e45738fa-c72f-44f9-b50d-80d1c95346f8,Voucher Relaksasi,"{""tagline"":""Apresiasi untuk tubuhmu yang sudah lelah beraktivitas hari ini. Voucher Relaksasi Rp20.000 dari SerenaRaga."",""terms1"":""Berlaku untuk layanan Home Service Massage di wilayah Yogyakarta (free transport max 10km)."",""terms2"":""Wajib melakukan reservasi maksimal H-1 sebelum kedatangan."",""terms3"":""Voucher tidak dapat diuangkan atau digabungkan dengan promo lainnya.""}",manual,flat,19997,,,2026-08-01,1.0,0,True,2026-05-29T14:57:42.652202+00:00,True,SRAGA-V7L5R8,,True,,Batch: Voucher Relaksasi,,owner,global,,
7d07a5da-651f-4c13-8bad-2673485ee80a,Voucher Relaksasi,"{""tagline"":""Apresiasi untuk tubuhmu yang sudah lelah beraktivitas hari ini. Voucher Relaksasi Rp20.000 dari SerenaRaga."",""terms1"":""Berlaku untuk layanan Home Service Massage di wilayah Yogyakarta (free transport max 10km)."",""terms2"":""Wajib melakukan reservasi maksimal H-1 sebelum kedatangan."",""terms3"":""Voucher tidak dapat diuangkan atau digabungkan dengan promo lainnya.""}",manual,flat,19997,,,2026-08-01,1.0,0,True,2026-05-29T14:57:42.652202+00:00,True,SRAGA-R8A5N2,,True,,Batch: Voucher Relaksasi,,owner,global,,
62f50234-1207-4a83-84a9-e4769758ecda,Voucher Relaksasi,"{""tagline"":""Apresiasi untuk tubuhmu yang sudah lelah beraktivitas hari ini. Voucher Relaksasi Rp20.000 dari SerenaRaga."",""terms1"":""Berlaku untuk layanan Home Service Massage di wilayah Yogyakarta (free transport max 10km)."",""terms2"":""Wajib melakukan reservasi maksimal H-1 sebelum kedatangan."",""terms3"":""Voucher tidak dapat diuangkan atau digabungkan dengan promo lainnya.""}",manual,flat,19997,,,2026-08-01,1.0,0,True,2026-05-29T14:57:42.652202+00:00,True,SRAGA-Z7S9J5,,True,,Batch: Voucher Relaksasi,,owner,global,,
a7de4c29-8172-459a-8c9b-679dd05b724a,Voucher Relaksasi,"{""tagline"":""Apresiasi untuk tubuhmu yang sudah lelah beraktivitas hari ini. Voucher Relaksasi Rp20.000 dari SerenaRaga."",""terms1"":""Berlaku untuk layanan Home Service Massage di wilayah Yogyakarta (free transport max 10km)."",""terms2"":""Wajib melakukan reservasi maksimal H-1 sebelum kedatangan."",""terms3"":""Voucher tidak dapat diuangkan atau digabungkan dengan promo lainnya.""}",manual,flat,19997,,,2026-08-01,1.0,0,True,2026-05-29T14:57:42.652202+00:00,True,SRAGA-U7M4Q2,,True,,Batch: Voucher Relaksasi,,owner,global,,
54707a2b-be9a-4e60-838c-9a3b94c26cde,Voucher Relaksasi,"{""tagline"":""Apresiasi untuk tubuhmu yang sudah lelah beraktivitas hari ini. Voucher Relaksasi Rp20.000 dari SerenaRaga."",""terms1"":""Berlaku untuk layanan Home Service Massage di wilayah Yogyakarta (free transport max 10km)."",""terms2"":""Wajib melakukan reservasi maksimal H-1 sebelum kedatangan."",""terms3"":""Voucher tidak dapat diuangkan atau digabungkan dengan promo lainnya.""}",manual,flat,19997,,,2026-08-01,1.0,0,True,2026-05-29T14:57:42.652202+00:00,True,SRAGA-F8B4K6,,True,,Batch: Voucher Relaksasi,,owner,global,,
95d658a0-861b-41b3-973f-1c2577bd1499,Voucher Relaksasi,"{""tagline"":""Apresiasi untuk tubuhmu yang sudah lelah beraktivitas hari ini. Voucher Relaksasi Rp20.000 dari SerenaRaga."",""terms1"":""Berlaku untuk layanan Home Service Massage di wilayah Yogyakarta (free transport max 10km)."",""terms2"":""Wajib melakukan reservasi maksimal H-1 sebelum kedatangan."",""terms3"":""Voucher tidak dapat diuangkan atau digabungkan dengan promo lainnya.""}",manual,flat,19997,,,2026-08-01,1.0,0,True,2026-05-29T14:57:42.652202+00:00,True,SRAGA-V7E6K6,,True,,Batch: Voucher Relaksasi,,owner,global,,
c3c0f77c-99d3-469d-a48a-05d7303943cf,Voucher Relaksasi,"{""tagline"":""Apresiasi untuk tubuhmu yang sudah lelah beraktivitas hari ini. Voucher Relaksasi Rp20.000 dari SerenaRaga."",""terms1"":""Berlaku untuk layanan Home Service Massage di wilayah Yogyakarta (free transport max 10km)."",""terms2"":""Wajib melakukan reservasi maksimal H-1 sebelum kedatangan."",""terms3"":""Voucher tidak dapat diuangkan atau digabungkan dengan promo lainnya.""}",manual,flat,19997,,,2026-08-01,1.0,0,True,2026-05-29T14:57:42.652202+00:00,True,SRAGA-K4E5M7,,True,,Batch: Voucher Relaksasi,,owner,global,,
6b648161-f689-484b-b6d3-2c6388626963,Voucher Relaksasi,"{""tagline"":""Apresiasi untuk tubuhmu yang sudah lelah beraktivitas hari ini. Voucher Relaksasi Rp20.000 dari SerenaRaga."",""terms1"":""Berlaku untuk layanan Home Service Massage di wilayah Yogyakarta (free transport max 10km)."",""terms2"":""Wajib melakukan reservasi maksimal H-1 sebelum kedatangan."",""terms3"":""Voucher tidak dapat diuangkan atau digabungkan dengan promo lainnya.""}",manual,flat,19997,,,2026-08-01,1.0,0,True,2026-05-29T14:57:42.652202+00:00,True,SRAGA-C9A9Y5,,True,,Batch: Voucher Relaksasi,,owner,global,,
8702e0dc-2088-40b7-bb49-78924b158f0e,Voucher Relaksasi,"{""tagline"":""Apresiasi untuk tubuhmu yang sudah lelah beraktivitas hari ini. Voucher Relaksasi Rp20.000 dari SerenaRaga."",""terms1"":""Berlaku untuk layanan Home Service Massage di wilayah Yogyakarta (free transport max 10km)."",""terms2"":""Wajib melakukan reservasi maksimal H-1 sebelum kedatangan."",""terms3"":""Voucher tidak dapat diuangkan atau digabungkan dengan promo lainnya.""}",manual,flat,19997,,,2026-08-01,1.0,0,True,2026-05-29T14:57:42.652202+00:00,True,SRAGA-P6S2J8,,True,,Batch: Voucher Relaksasi,,owner,global,,
1c93d7ab-c226-4c23-b957-c9a6165dd42b,Voucher Relaksasi,"{""tagline"":""Apresiasi untuk tubuhmu yang sudah lelah beraktivitas hari ini. Voucher Relaksasi Rp20.000 dari SerenaRaga."",""terms1"":""Berlaku untuk layanan Home Service Massage di wilayah Yogyakarta (free transport max 10km)."",""terms2"":""Wajib melakukan reservasi maksimal H-1 sebelum kedatangan."",""terms3"":""Voucher tidak dapat diuangkan atau digabungkan dengan promo lainnya.""}",manual,flat,19997,,,2026-08-01,1.0,0,True,2026-05-29T14:57:42.652202+00:00,True,SRAGA-W3V9G5,,True,,Batch: Voucher Relaksasi,,owner,global,,
38d48d80-dedc-48ab-b960-c387114b3458,Voucher Relaksasi,"{""tagline"":""Apresiasi untuk tubuhmu yang sudah lelah beraktivitas hari ini. Voucher Relaksasi Rp20.000 dari SerenaRaga."",""terms1"":""Berlaku untuk layanan Home Service Massage di wilayah Yogyakarta (free transport max 10km)."",""terms2"":""Wajib melakukan reservasi maksimal H-1 sebelum kedatangan."",""terms3"":""Voucher tidak dapat diuangkan atau digabungkan dengan promo lainnya.""}",manual,flat,19997,,,2026-08-01,1.0,0,True,2026-05-29T14:57:42.652202+00:00,True,SRAGA-U3R6G3,,True,,Batch: Voucher Relaksasi,,owner,global,,
9f5e3832-2f88-45c6-9c8b-d18307d40a6b,Voucher Relaksasi,"{""tagline"":""Apresiasi untuk tubuhmu yang sudah lelah beraktivitas hari ini. Voucher Relaksasi Rp20.000 dari SerenaRaga."",""terms1"":""Berlaku untuk layanan Home Service Massage di wilayah Yogyakarta (free transport max 10km)."",""terms2"":""Wajib melakukan reservasi maksimal H-1 sebelum kedatangan."",""terms3"":""Voucher tidak dapat diuangkan atau digabungkan dengan promo lainnya.""}",manual,flat,19997,,,2026-08-01,1.0,0,True,2026-05-29T14:57:42.652202+00:00,True,SRAGA-G4F7L8,,True,,Batch: Voucher Relaksasi,,owner,global,,
61097cbb-bb74-4380-bc1d-b84779ecc718,Voucher Relaksasi,"{""tagline"":""Apresiasi untuk tubuhmu yang sudah lelah beraktivitas hari ini. Voucher Relaksasi Rp20.000 dari SerenaRaga."",""terms1"":""Berlaku untuk layanan Home Service Massage di wilayah Yogyakarta (free transport max 10km)."",""terms2"":""Wajib melakukan reservasi maksimal H-1 sebelum kedatangan."",""terms3"":""Voucher tidak dapat diuangkan atau digabungkan dengan promo lainnya.""}",manual,flat,19997,,,2026-08-01,1.0,0,True,2026-05-29T14:57:42.652202+00:00,True,SRAGA-X8U4E3,,True,,Batch: Voucher Relaksasi,,owner,global,,
6c203cf2-d1c5-4b4d-9a4e-abdee982834e,Voucher Relaksasi,"{""tagline"":""Apresiasi untuk tubuhmu yang sudah lelah beraktivitas hari ini. Voucher Relaksasi Rp20.000 dari SerenaRaga."",""terms1"":""Berlaku untuk layanan Home Service Massage di wilayah Yogyakarta (free transport max 10km)."",""terms2"":""Wajib melakukan reservasi maksimal H-1 sebelum kedatangan."",""terms3"":""Voucher tidak dapat diuangkan atau digabungkan dengan promo lainnya.""}",manual,flat,20000,,,2026-08-01,1.0,0,True,2026-05-29T15:05:22.751693+00:00,True,SRAGA-C8Z9W7,,True,,Batch: Trimulyo Wellness 31 mei (29 Mei 2026 - G4A),,owner,global,,
dc933066-b555-4a7d-bd33-e5ecdc1824e2,Voucher Relaksasi,"{""tagline"":""Apresiasi untuk tubuhmu yang sudah lelah beraktivitas hari ini. Voucher Relaksasi Rp20.000 dari SerenaRaga."",""terms1"":""Berlaku untuk layanan Home Service Massage di wilayah Yogyakarta (free transport max 10km)."",""terms2"":""Wajib melakukan reservasi maksimal H-1 sebelum kedatangan."",""terms3"":""Voucher tidak dapat diuangkan atau digabungkan dengan promo lainnya.""}",manual,flat,20000,,,2026-08-01,1.0,0,True,2026-05-29T15:05:22.751693+00:00,True,SRAGA-R9T5T7,,True,,Batch: Trimulyo Wellness 31 mei (29 Mei 2026 - G4A),,owner,global,,
e8b942b5-a38d-4224-abff-f3fdec37cc9f,Voucher Relaksasi,"{""tagline"":""Apresiasi untuk tubuhmu yang sudah lelah beraktivitas hari ini. Voucher Relaksasi Rp20.000 dari SerenaRaga."",""terms1"":""Berlaku untuk layanan Home Service Massage di wilayah Yogyakarta (free transport max 10km)."",""terms2"":""Wajib melakukan reservasi maksimal H-1 sebelum kedatangan."",""terms3"":""Voucher tidak dapat diuangkan atau digabungkan dengan promo lainnya.""}",manual,flat,20000,,,2026-08-01,1.0,0,True,2026-05-29T15:05:22.751693+00:00,True,SRAGA-E6R9A3,,True,,Batch: Trimulyo Wellness 31 mei (29 Mei 2026 - G4A),,owner,global,,
d9d70c66-e1ca-44ad-a1dc-aadcd83b244d,Voucher Relaksasi,"{""tagline"":""Apresiasi untuk tubuhmu yang sudah lelah beraktivitas hari ini. Voucher Relaksasi Rp20.000 dari SerenaRaga."",""terms1"":""Berlaku untuk layanan Home Service Massage di wilayah Yogyakarta (free transport max 10km)."",""terms2"":""Wajib melakukan reservasi maksimal H-1 sebelum kedatangan."",""terms3"":""Voucher tidak dapat diuangkan atau digabungkan dengan promo lainnya.""}",manual,flat,20000,,,2026-08-01,1.0,0,True,2026-05-29T15:05:22.751693+00:00,True,SRAGA-W2L6L8,,True,,Batch: Trimulyo Wellness 31 mei (29 Mei 2026 - G4A),,owner,global,,
2b2a8c7a-0c5c-43cd-a503-2325cad54f75,Voucher Relaksasi,"{""tagline"":""Apresiasi untuk tubuhmu yang sudah lelah beraktivitas hari ini. Voucher Relaksasi Rp20.000 dari SerenaRaga."",""terms1"":""Berlaku untuk layanan Home Service Massage di wilayah Yogyakarta (free transport max 10km)."",""terms2"":""Wajib melakukan reservasi maksimal H-1 sebelum kedatangan."",""terms3"":""Voucher tidak dapat diuangkan atau digabungkan dengan promo lainnya.""}",manual,flat,20000,,,2026-08-01,1.0,0,True,2026-05-29T15:05:22.751693+00:00,True,SRAGA-T3U6J4,,True,,Batch: Trimulyo Wellness 31 mei (29 Mei 2026 - G4A),,owner,global,,
e1162628-8af1-4f7a-bb60-b19a7d317426,Voucher Relaksasi,"{""tagline"":""Apresiasi untuk tubuhmu yang sudah lelah beraktivitas hari ini. Voucher Relaksasi Rp20.000 dari SerenaRaga."",""terms1"":""Berlaku untuk layanan Home Service Massage di wilayah Yogyakarta (free transport max 10km)."",""terms2"":""Wajib melakukan reservasi maksimal H-1 sebelum kedatangan."",""terms3"":""Voucher tidak dapat diuangkan atau digabungkan dengan promo lainnya.""}",manual,flat,20000,,,2026-08-01,1.0,0,True,2026-05-29T15:05:22.751693+00:00,True,SRAGA-B8R4S8,,True,,Batch: Trimulyo Wellness 31 mei (29 Mei 2026 - G4A),,owner,global,,
14ca8a8b-9225-4f2f-8098-4ff07267c10d,Voucher Relaksasi,"{""tagline"":""Apresiasi untuk tubuhmu yang sudah lelah beraktivitas hari ini. Voucher Relaksasi Rp20.000 dari SerenaRaga."",""terms1"":""Berlaku untuk layanan Home Service Massage di wilayah Yogyakarta (free transport max 10km)."",""terms2"":""Wajib melakukan reservasi maksimal H-1 sebelum kedatangan."",""terms3"":""Voucher tidak dapat diuangkan atau digabungkan dengan promo lainnya.""}",manual,flat,20000,,,2026-08-01,1.0,0,True,2026-05-29T15:05:22.751693+00:00,True,SRAGA-W6F9N7,,True,,Batch: Trimulyo Wellness 31 mei (29 Mei 2026 - G4A),,owner,global,,
8a26cd2a-8ec6-4318-bb3c-c32c593cbf43,Voucher Relaksasi,"{""tagline"":""Apresiasi untuk tubuhmu yang sudah lelah beraktivitas hari ini. Voucher Relaksasi Rp20.000 dari SerenaRaga."",""terms1"":""Berlaku untuk layanan Home Service Massage di wilayah Yogyakarta (free transport max 10km)."",""terms2"":""Wajib melakukan reservasi maksimal H-1 sebelum kedatangan."",""terms3"":""Voucher tidak dapat diuangkan atau digabungkan dengan promo lainnya.""}",manual,flat,20000,,,2026-08-01,1.0,0,True,2026-05-29T15:05:22.751693+00:00,True,SRAGA-B8C6X8,,True,,Batch: Trimulyo Wellness 31 mei (29 Mei 2026 - G4A),,owner,global,,
95bfc987-aad1-4dbd-ae9a-42970b2bb200,Voucher Relaksasi,"{""tagline"":""Apresiasi untuk tubuhmu yang sudah lelah beraktivitas hari ini. Voucher Relaksasi Rp20.000 dari SerenaRaga."",""terms1"":""Berlaku untuk layanan Home Service Massage di wilayah Yogyakarta (free transport max 10km)."",""terms2"":""Wajib melakukan reservasi maksimal H-1 sebelum kedatangan."",""terms3"":""Voucher tidak dapat diuangkan atau digabungkan dengan promo lainnya.""}",manual,flat,20000,,,2026-08-01,1.0,0,True,2026-05-29T15:05:22.751693+00:00,True,SRAGA-V4C3C6,,True,,Batch: Trimulyo Wellness 31 mei (29 Mei 2026 - G4A),,owner,global,,
9b9ad7bc-4220-49f1-903d-048b246ea1d1,Voucher Relaksasi,"{""tagline"":""Apresiasi untuk tubuhmu yang sudah lelah beraktivitas hari ini. Voucher Relaksasi Rp20.000 dari SerenaRaga."",""terms1"":""Berlaku untuk layanan Home Service Massage di wilayah Yogyakarta (free transport max 10km)."",""terms2"":""Wajib melakukan reservasi maksimal H-1 sebelum kedatangan."",""terms3"":""Voucher tidak dapat diuangkan atau digabungkan dengan promo lainnya.""}",manual,flat,20000,,,2026-08-01,1.0,0,True,2026-05-29T15:05:22.751693+00:00,True,SRAGA-Q8Z2V8,,True,,Batch: Trimulyo Wellness 31 mei (29 Mei 2026 - G4A),,owner,global,,
ef1ff40a-cbf1-42c7-96bf-a9e9f0b9faee,Voucher Relaksasi,"{""tagline"":""Apresiasi untuk tubuhmu yang sudah lelah beraktivitas hari ini. Voucher Relaksasi Rp20.000 dari SerenaRaga."",""terms1"":""Berlaku untuk layanan Home Service Massage di wilayah Yogyakarta (free transport max 10km)."",""terms2"":""Wajib melakukan reservasi maksimal H-1 sebelum kedatangan."",""terms3"":""Voucher tidak dapat diuangkan atau digabungkan dengan promo lainnya.""}",manual,flat,20000,,,2026-08-01,1.0,0,True,2026-05-29T15:05:22.751693+00:00,True,SRAGA-W5Y5A8,,True,,Batch: Trimulyo Wellness 31 mei (29 Mei 2026 - G4A),,owner,global,,
a4915fcc-b05d-47a1-a3e6-f9ff68c9285e,Voucher Relaksasi,"{""tagline"":""Apresiasi untuk tubuhmu yang sudah lelah beraktivitas hari ini. Voucher Relaksasi Rp20.000 dari SerenaRaga."",""terms1"":""Berlaku untuk layanan Home Service Massage di wilayah Yogyakarta (free transport max 10km)."",""terms2"":""Wajib melakukan reservasi maksimal H-1 sebelum kedatangan."",""terms3"":""Voucher tidak dapat diuangkan atau digabungkan dengan promo lainnya.""}",manual,flat,20000,,,2026-08-01,1.0,0,True,2026-05-29T15:05:22.751693+00:00,True,SRAGA-E3W2E8,,True,,Batch: Trimulyo Wellness 31 mei (29 Mei 2026 - G4A),,owner,global,,
212396f7-ff37-4525-a14e-3d46c2934c02,Voucher Relaksasi,"{""tagline"":""Apresiasi untuk tubuhmu yang sudah lelah beraktivitas hari ini. Voucher Relaksasi Rp20.000 dari SerenaRaga."",""terms1"":""Berlaku untuk layanan Home Service Massage di wilayah Yogyakarta (free transport max 10km)."",""terms2"":""Wajib melakukan reservasi maksimal H-1 sebelum kedatangan."",""terms3"":""Voucher tidak dapat diuangkan atau digabungkan dengan promo lainnya.""}",manual,flat,20000,,,2026-08-01,1.0,0,True,2026-05-29T15:05:22.751693+00:00,True,SRAGA-D8V8J8,,True,,Batch: Trimulyo Wellness 31 mei (29 Mei 2026 - G4A),,owner,global,,
96f84d63-4623-4aec-80bb-9be9874e94b8,Voucher Relaksasi,"{""tagline"":""Apresiasi untuk tubuhmu yang sudah lelah beraktivitas hari ini. Voucher Relaksasi Rp20.000 dari SerenaRaga."",""terms1"":""Berlaku untuk layanan Home Service Massage di wilayah Yogyakarta (free transport max 10km)."",""terms2"":""Wajib melakukan reservasi maksimal H-1 sebelum kedatangan."",""terms3"":""Voucher tidak dapat diuangkan atau digabungkan dengan promo lainnya.""}",manual,flat,20000,,,2026-08-01,1.0,0,True,2026-05-29T15:05:22.751693+00:00,True,SRAGA-S9X8U2,,True,,Batch: Trimulyo Wellness 31 mei (29 Mei 2026 - G4A),,owner,global,,
4c1841a5-3fb3-4059-bb3d-c23a39b30316,Voucher Relaksasi,"{""tagline"":""Apresiasi untuk tubuhmu yang sudah lelah beraktivitas hari ini. Voucher Relaksasi Rp20.000 dari SerenaRaga."",""terms1"":""Berlaku untuk layanan Home Service Massage di wilayah Yogyakarta (free transport max 10km)."",""terms2"":""Wajib melakukan reservasi maksimal H-1 sebelum kedatangan."",""terms3"":""Voucher tidak dapat diuangkan atau digabungkan dengan promo lainnya.""}",manual,flat,20000,,,2026-08-01,1.0,0,True,2026-05-29T15:05:22.751693+00:00,True,SRAGA-L4N4L2,,True,,Batch: Trimulyo Wellness 31 mei (29 Mei 2026 - G4A),,owner,global,,
9feca117-2423-49dc-9a73-b2183d114538,Voucher Relaksasi,"{""tagline"":""Apresiasi untuk tubuhmu yang sudah lelah beraktivitas hari ini. Voucher Relaksasi Rp20.000 dari SerenaRaga."",""terms1"":""Berlaku untuk layanan Home Service Massage di wilayah Yogyakarta (free transport max 10km)."",""terms2"":""Wajib melakukan reservasi maksimal H-1 sebelum kedatangan."",""terms3"":""Voucher tidak dapat diuangkan atau digabungkan dengan promo lainnya.""}",manual,flat,20000,,,2026-08-01,1.0,0,True,2026-05-29T15:05:22.751693+00:00,True,SRAGA-J4U7J2,,True,,Batch: Trimulyo Wellness 31 mei (29 Mei 2026 - G4A),,owner,global,,
c88aab55-10a9-4a00-a735-88a6c48a76e1,Voucher Relaksasi,"{""tagline"":""Apresiasi untuk tubuhmu yang sudah lelah beraktivitas hari ini. Voucher Relaksasi Rp20.000 dari SerenaRaga."",""terms1"":""Berlaku untuk layanan Home Service Massage di wilayah Yogyakarta (free transport max 10km)."",""terms2"":""Wajib melakukan reservasi maksimal H-1 sebelum kedatangan."",""terms3"":""Voucher tidak dapat diuangkan atau digabungkan dengan promo lainnya.""}",manual,flat,20000,,,2026-08-01,1.0,0,True,2026-05-29T15:05:22.751693+00:00,True,SRAGA-A6D2N2,,True,,Batch: Trimulyo Wellness 31 mei (29 Mei 2026 - G4A),,owner,global,,
103b00ba-0f98-41c2-bae0-c5a0c51b6862,Voucher Relaksasi,"{""tagline"":""Apresiasi untuk tubuhmu yang sudah lelah beraktivitas hari ini. Voucher Relaksasi Rp20.000 dari SerenaRaga."",""terms1"":""Berlaku untuk layanan Home Service Massage di wilayah Yogyakarta (free transport max 10km)."",""terms2"":""Wajib melakukan reservasi maksimal H-1 sebelum kedatangan."",""terms3"":""Voucher tidak dapat diuangkan atau digabungkan dengan promo lainnya.""}",manual,flat,20000,,,2026-08-01,1.0,0,True,2026-05-29T15:05:22.751693+00:00,True,SRAGA-Q7J6F6,,True,,Batch: Trimulyo Wellness 31 mei (29 Mei 2026 - G4A),,owner,global,,
af6ff7af-7ba4-4c3b-89d8-15059cdd91b1,Voucher Relaksasi,"{""tagline"":""Apresiasi untuk tubuhmu yang sudah lelah beraktivitas hari ini. Voucher Relaksasi Rp20.000 dari SerenaRaga."",""terms1"":""Berlaku untuk layanan Home Service Massage di wilayah Yogyakarta (free transport max 10km)."",""terms2"":""Wajib melakukan reservasi maksimal H-1 sebelum kedatangan."",""terms3"":""Voucher tidak dapat diuangkan atau digabungkan dengan promo lainnya.""}",manual,flat,20000,,,2026-08-01,1.0,0,True,2026-05-29T15:05:22.751693+00:00,True,SRAGA-T4P6X6,,True,,Batch: Trimulyo Wellness 31 mei (29 Mei 2026 - G4A),,owner,global,,
3c5e1df7-3d3f-4fd9-aa38-12c813278b3a,Voucher Relaksasi,"{""tagline"":""Apresiasi untuk tubuhmu yang sudah lelah beraktivitas hari ini. Voucher Relaksasi Rp20.000 dari SerenaRaga."",""terms1"":""Berlaku untuk layanan Home Service Massage di wilayah Yogyakarta (free transport max 10km)."",""terms2"":""Wajib melakukan reservasi maksimal H-1 sebelum kedatangan."",""terms3"":""Voucher tidak dapat diuangkan atau digabungkan dengan promo lainnya.""}",manual,flat,20000,,,2026-08-01,1.0,0,True,2026-05-29T15:05:22.751693+00:00,True,SRAGA-U6M4S2,,True,,Batch: Trimulyo Wellness 31 mei (29 Mei 2026 - G4A),,owner,global,,
aa786100-f054-4326-961a-98198a8e853e,Voucher Relaksasi,"{""tagline"":""Apresiasi untuk tubuhmu yang sudah lelah beraktivitas hari ini. Voucher Relaksasi Rp20.000 dari SerenaRaga."",""terms1"":""Berlaku untuk layanan Home Service Massage di wilayah Yogyakarta (free transport max 10km)."",""terms2"":""Wajib melakukan reservasi maksimal H-1 sebelum kedatangan."",""terms3"":""Voucher tidak dapat diuangkan atau digabungkan dengan promo lainnya.""}",manual,flat,20000,,,2026-08-01,1.0,0,True,2026-05-29T15:05:22.751693+00:00,True,SRAGA-Q9V2A8,,True,,Batch: Trimulyo Wellness 31 mei (29 Mei 2026 - G4A),,owner,global,,
4a539a93-7c0a-4b47-9ad1-8fe44b83f93c,Voucher Relaksasi,"{""tagline"":""Apresiasi untuk tubuhmu yang sudah lelah beraktivitas hari ini. Voucher Relaksasi Rp20.000 dari SerenaRaga."",""terms1"":""Berlaku untuk layanan Home Service Massage di wilayah Yogyakarta (free transport max 10km)."",""terms2"":""Wajib melakukan reservasi maksimal H-1 sebelum kedatangan."",""terms3"":""Voucher tidak dapat diuangkan atau digabungkan dengan promo lainnya.""}",manual,flat,20000,,,2026-08-01,1.0,0,True,2026-05-29T15:05:22.751693+00:00,True,SRAGA-S5Y2F6,,True,,Batch: Trimulyo Wellness 31 mei (29 Mei 2026 - G4A),,owner,global,,
5d7a1963-3392-4a63-9533-6ab4721fb74a,Voucher Relaksasi,"{""tagline"":""Apresiasi untuk tubuhmu yang sudah lelah beraktivitas hari ini. Voucher Relaksasi Rp20.000 dari SerenaRaga."",""terms1"":""Berlaku untuk layanan Home Service Massage di wilayah Yogyakarta (free transport max 10km)."",""terms2"":""Wajib melakukan reservasi maksimal H-1 sebelum kedatangan."",""terms3"":""Voucher tidak dapat diuangkan atau digabungkan dengan promo lainnya.""}",manual,flat,20000,,,2026-08-01,1.0,0,True,2026-05-29T15:05:22.751693+00:00,True,SRAGA-Q8A2S2,,True,,Batch: Trimulyo Wellness 31 mei (29 Mei 2026 - G4A),,owner,global,,
fd0f0fd9-6106-4262-aa04-2127472cb718,Voucher Relaksasi,"{""tagline"":""Apresiasi untuk tubuhmu yang sudah lelah beraktivitas hari ini. Voucher Relaksasi Rp20.000 dari SerenaRaga."",""terms1"":""Berlaku untuk layanan Home Service Massage di wilayah Yogyakarta (free transport max 10km)."",""terms2"":""Wajib melakukan reservasi maksimal H-1 sebelum kedatangan."",""terms3"":""Voucher tidak dapat diuangkan atau digabungkan dengan promo lainnya.""}",manual,flat,20000,,,2026-08-01,1.0,0,True,2026-05-29T15:05:22.751693+00:00,True,SRAGA-C7T9R3,,True,,Batch: Trimulyo Wellness 31 mei (29 Mei 2026 - G4A),,owner,global,,
d002902c-9c10-4e7a-98b7-0cf7e9e21bcf,Voucher Relaksasi,"{""tagline"":""Apresiasi untuk tubuhmu yang sudah lelah beraktivitas hari ini. Voucher Relaksasi Rp20.000 dari SerenaRaga."",""terms1"":""Berlaku untuk layanan Home Service Massage di wilayah Yogyakarta (free transport max 10km)."",""terms2"":""Wajib melakukan reservasi maksimal H-1 sebelum kedatangan."",""terms3"":""Voucher tidak dapat diuangkan atau digabungkan dengan promo lainnya.""}",manual,flat,20000,,,2026-08-01,1.0,0,True,2026-05-29T15:05:22.751693+00:00,True,SRAGA-V5M8W3,,True,,Batch: Trimulyo Wellness 31 mei (29 Mei 2026 - G4A),,owner,global,,
05a419ea-f4aa-462e-bab3-7a8a5b49c2f6,Voucher Relaksasi,"{""tagline"":""Apresiasi untuk tubuhmu yang sudah lelah beraktivitas hari ini. Voucher Relaksasi Rp20.000 dari SerenaRaga."",""terms1"":""Berlaku untuk layanan Home Service Massage di wilayah Yogyakarta (free transport max 10km)."",""terms2"":""Wajib melakukan reservasi maksimal H-1 sebelum kedatangan."",""terms3"":""Voucher tidak dapat diuangkan atau digabungkan dengan promo lainnya.""}",manual,flat,20000,,,2026-08-01,1.0,0,True,2026-05-29T15:05:22.751693+00:00,True,SRAGA-Q6X4T7,,True,,Batch: Trimulyo Wellness 31 mei (29 Mei 2026 - G4A),,owner,global,,
fcbba078-357f-4a96-8f32-b8c9e46021ea,Voucher Relaksasi,"{""tagline"":""Apresiasi untuk tubuhmu yang sudah lelah beraktivitas hari ini. Voucher Relaksasi Rp20.000 dari SerenaRaga."",""terms1"":""Berlaku untuk layanan Home Service Massage di wilayah Yogyakarta (free transport max 10km)."",""terms2"":""Wajib melakukan reservasi maksimal H-1 sebelum kedatangan."",""terms3"":""Voucher tidak dapat diuangkan atau digabungkan dengan promo lainnya.""}",manual,flat,20000,,,2026-08-01,1.0,0,True,2026-05-29T15:05:22.751693+00:00,True,SRAGA-T5X7J2,,True,,Batch: Trimulyo Wellness 31 mei (29 Mei 2026 - G4A),,owner,global,,
005dcea4-6def-4c4e-902c-34bd1a3e9a56,Voucher Relaksasi,"{""tagline"":""Apresiasi untuk tubuhmu yang sudah lelah beraktivitas hari ini. Voucher Relaksasi Rp20.000 dari SerenaRaga."",""terms1"":""Berlaku untuk layanan Home Service Massage di wilayah Yogyakarta (free transport max 10km)."",""terms2"":""Wajib melakukan reservasi maksimal H-1 sebelum kedatangan."",""terms3"":""Voucher tidak dapat diuangkan atau digabungkan dengan promo lainnya.""}",manual,flat,20000,,,2026-08-01,1.0,0,True,2026-05-29T15:05:22.751693+00:00,True,SRAGA-U9U2Q9,,True,,Batch: Trimulyo Wellness 31 mei (29 Mei 2026 - G4A),,owner,global,,
cccc40ea-4c73-4629-8cb6-c572a4cca720,Voucher Relaksasi,"{""tagline"":""Apresiasi untuk tubuhmu yang sudah lelah beraktivitas hari ini. Voucher Relaksasi Rp20.000 dari SerenaRaga."",""terms1"":""Berlaku untuk layanan Home Service Massage di wilayah Yogyakarta (free transport max 10km)."",""terms2"":""Wajib melakukan reservasi maksimal H-1 sebelum kedatangan."",""terms3"":""Voucher tidak dapat diuangkan atau digabungkan dengan promo lainnya.""}",manual,flat,20000,,,2026-08-01,1.0,0,True,2026-05-29T15:05:22.751693+00:00,True,SRAGA-A2Q5A5,,True,,Batch: Trimulyo Wellness 31 mei (29 Mei 2026 - G4A),,owner,global,,
050eb570-9e2d-4b57-879d-478b7c6fcc30,Voucher Relaksasi,"{""tagline"":""Apresiasi untuk tubuhmu yang sudah lelah beraktivitas hari ini. Voucher Relaksasi Rp20.000 dari SerenaRaga."",""terms1"":""Berlaku untuk layanan Home Service Massage di wilayah Yogyakarta (free transport max 10km)."",""terms2"":""Wajib melakukan reservasi maksimal H-1 sebelum kedatangan."",""terms3"":""Voucher tidak dapat diuangkan atau digabungkan dengan promo lainnya.""}",manual,flat,20000,,,2026-08-01,1.0,0,True,2026-05-29T15:05:22.751693+00:00,True,SRAGA-W4C6C5,,True,,Batch: Trimulyo Wellness 31 mei (29 Mei 2026 - G4A),,owner,global,,
839508cb-9036-4dc2-9dfc-32841e2f37ce,Voucher Relaksasi,"{""tagline"":""Apresiasi untuk tubuhmu yang sudah lelah beraktivitas hari ini. Voucher Relaksasi Rp20.000 dari SerenaRaga."",""terms1"":""Berlaku untuk layanan Home Service Massage di wilayah Yogyakarta (free transport max 10km)."",""terms2"":""Wajib melakukan reservasi maksimal H-1 sebelum kedatangan."",""terms3"":""Voucher tidak dapat diuangkan atau digabungkan dengan promo lainnya.""}",manual,flat,20000,,,2026-08-01,1.0,0,True,2026-05-29T15:05:22.751693+00:00,True,SRAGA-Y9Y8E2,,True,,Batch: Trimulyo Wellness 31 mei (29 Mei 2026 - G4A),,owner,global,,
60a07e80-e334-423f-adb2-223a2b6d915a,Voucher Relaksasi,"{""tagline"":""Apresiasi untuk tubuhmu yang sudah lelah beraktivitas hari ini. Voucher Relaksasi Rp20.000 dari SerenaRaga."",""terms1"":""Berlaku untuk layanan Home Service Massage di wilayah Yogyakarta (free transport max 10km)."",""terms2"":""Wajib melakukan reservasi maksimal H-1 sebelum kedatangan."",""terms3"":""Voucher tidak dapat diuangkan atau digabungkan dengan promo lainnya.""}",manual,flat,20000,,,2026-08-01,1.0,0,True,2026-05-29T15:05:22.751693+00:00,True,SRAGA-F2S8E2,,True,,Batch: Trimulyo Wellness 31 mei (29 Mei 2026 - G4A),,owner,global,,
e6f4cfcf-bd3e-4396-8fd0-e0f4506d8369,Voucher Relaksasi,"{""tagline"":""Apresiasi untuk tubuhmu yang sudah lelah beraktivitas hari ini. Voucher Relaksasi Rp20.000 dari SerenaRaga."",""terms1"":""Berlaku untuk layanan Home Service Massage di wilayah Yogyakarta (free transport max 10km)."",""terms2"":""Wajib melakukan reservasi maksimal H-1 sebelum kedatangan."",""terms3"":""Voucher tidak dapat diuangkan atau digabungkan dengan promo lainnya.""}",manual,flat,20000,,,2026-08-01,1.0,0,True,2026-05-29T15:05:22.751693+00:00,True,SRAGA-E2G6T6,,True,,Batch: Trimulyo Wellness 31 mei (29 Mei 2026 - G4A),,owner,global,,
1c603e2e-6369-4aaf-a8ba-ef3195bca4a9,Voucher Relaksasi,"{""tagline"":""Apresiasi untuk tubuhmu yang sudah lelah beraktivitas hari ini. Voucher Relaksasi Rp20.000 dari SerenaRaga."",""terms1"":""Berlaku untuk layanan Home Service Massage di wilayah Yogyakarta (free transport max 10km)."",""terms2"":""Wajib melakukan reservasi maksimal H-1 sebelum kedatangan."",""terms3"":""Voucher tidak dapat diuangkan atau digabungkan dengan promo lainnya.""}",manual,flat,20000,,,2026-08-01,1.0,0,True,2026-05-29T15:05:22.751693+00:00,True,SRAGA-Y2H8D7,,True,,Batch: Trimulyo Wellness 31 mei (29 Mei 2026 - G4A),,owner,global,,
194259c6-7d19-4280-bf4b-31be9505992c,Voucher Relaksasi,"{""tagline"":""Apresiasi untuk tubuhmu yang sudah lelah beraktivitas hari ini. Voucher Relaksasi Rp20.000 dari SerenaRaga."",""terms1"":""Berlaku untuk layanan Home Service Massage di wilayah Yogyakarta (free transport max 10km)."",""terms2"":""Wajib melakukan reservasi maksimal H-1 sebelum kedatangan."",""terms3"":""Voucher tidak dapat diuangkan atau digabungkan dengan promo lainnya.""}",manual,flat,20000,,,2026-08-01,1.0,0,True,2026-05-29T15:05:22.751693+00:00,True,SRAGA-R4J5F4,,True,,Batch: Trimulyo Wellness 31 mei (29 Mei 2026 - G4A),,owner,global,,
fdc82414-7ae0-4366-bc4b-00b071451f96,Voucher Relaksasi,"{""tagline"":""Apresiasi untuk tubuhmu yang sudah lelah beraktivitas hari ini. Voucher Relaksasi Rp20.000 dari SerenaRaga."",""terms1"":""Berlaku untuk layanan Home Service Massage di wilayah Yogyakarta (free transport max 10km)."",""terms2"":""Wajib melakukan reservasi maksimal H-1 sebelum kedatangan."",""terms3"":""Voucher tidak dapat diuangkan atau digabungkan dengan promo lainnya.""}",manual,flat,20000,,,2026-08-01,1.0,0,True,2026-05-29T15:05:22.751693+00:00,True,SRAGA-Z7Q3B9,,True,,Batch: Trimulyo Wellness 31 mei (29 Mei 2026 - G4A),,owner,global,,
06cc0130-02a8-488c-bf6e-920243129ec7,Voucher Relaksasi,"{""tagline"":""Apresiasi untuk tubuhmu yang sudah lelah beraktivitas hari ini. Voucher Relaksasi Rp20.000 dari SerenaRaga."",""terms1"":""Berlaku untuk layanan Home Service Massage di wilayah Yogyakarta (free transport max 10km)."",""terms2"":""Wajib melakukan reservasi maksimal H-1 sebelum kedatangan."",""terms3"":""Voucher tidak dapat diuangkan atau digabungkan dengan promo lainnya.""}",manual,flat,20000,,,2026-08-01,1.0,0,True,2026-05-29T15:05:22.751693+00:00,True,SRAGA-M9J3T3,,True,,Batch: Trimulyo Wellness 31 mei (29 Mei 2026 - G4A),,owner,global,,
c323832e-1f0e-4f39-9c52-a319722e9237,Voucher Relaksasi,"{""tagline"":""Apresiasi untuk tubuhmu yang sudah lelah beraktivitas hari ini. Voucher Relaksasi Rp20.000 dari SerenaRaga."",""terms1"":""Berlaku untuk layanan Home Service Massage di wilayah Yogyakarta (free transport max 10km)."",""terms2"":""Wajib melakukan reservasi maksimal H-1 sebelum kedatangan."",""terms3"":""Voucher tidak dapat diuangkan atau digabungkan dengan promo lainnya.""}",manual,flat,20000,,,2026-08-01,1.0,0,True,2026-05-29T15:05:22.751693+00:00,True,SRAGA-G3E3G6,,True,,Batch: Trimulyo Wellness 31 mei (29 Mei 2026 - G4A),,owner,global,,
b6f738f3-ec79-4882-88ec-e829b715eaed,Voucher Relaksasi,"{""tagline"":""Apresiasi untuk tubuhmu yang sudah lelah beraktivitas hari ini. Voucher Relaksasi Rp20.000 dari SerenaRaga."",""terms1"":""Berlaku untuk layanan Home Service Massage di wilayah Yogyakarta (free transport max 10km)."",""terms2"":""Wajib melakukan reservasi maksimal H-1 sebelum kedatangan."",""terms3"":""Voucher tidak dapat diuangkan atau digabungkan dengan promo lainnya.""}",manual,flat,20000,,,2026-08-01,1.0,0,True,2026-05-29T15:05:22.751693+00:00,True,SRAGA-H6X3D6,,True,,Batch: Trimulyo Wellness 31 mei (29 Mei 2026 - G4A),,owner,global,,
4219f521-4fde-45af-b47b-f4da6b6155f5,Voucher Relaksasi,"{""tagline"":""Apresiasi untuk tubuhmu yang sudah lelah beraktivitas hari ini. Voucher Relaksasi Rp20.000 dari SerenaRaga."",""terms1"":""Berlaku untuk layanan Home Service Massage di wilayah Yogyakarta (free transport max 10km)."",""terms2"":""Wajib melakukan reservasi maksimal H-1 sebelum kedatangan."",""terms3"":""Voucher tidak dapat diuangkan atau digabungkan dengan promo lainnya.""}",manual,flat,20000,,,2026-08-01,1.0,0,True,2026-05-29T15:05:22.751693+00:00,True,SRAGA-M3C4F3,,True,,Batch: Trimulyo Wellness 31 mei (29 Mei 2026 - G4A),,owner,global,,
a6636549-89a1-4222-9439-9ebda5579a07,Voucher Relaksasi,"{""tagline"":""Apresiasi untuk tubuhmu yang sudah lelah beraktivitas hari ini. Voucher Relaksasi Rp20.000 dari SerenaRaga."",""terms1"":""Berlaku untuk layanan Home Service Massage di wilayah Yogyakarta (free transport max 10km)."",""terms2"":""Wajib melakukan reservasi maksimal H-1 sebelum kedatangan."",""terms3"":""Voucher tidak dapat diuangkan atau digabungkan dengan promo lainnya.""}",manual,flat,20000,,,2026-08-01,1.0,0,True,2026-05-29T15:05:22.751693+00:00,True,SRAGA-K2B2A9,,True,,Batch: Trimulyo Wellness 31 mei (29 Mei 2026 - G4A),,owner,global,,
5fd90711-881b-42cc-946e-5f0d023fec9b,Voucher Relaksasi,"{""tagline"":""Apresiasi untuk tubuhmu yang sudah lelah beraktivitas hari ini. Voucher Relaksasi Rp20.000 dari SerenaRaga."",""terms1"":""Berlaku untuk layanan Home Service Massage di wilayah Yogyakarta (free transport max 10km)."",""terms2"":""Wajib melakukan reservasi maksimal H-1 sebelum kedatangan."",""terms3"":""Voucher tidak dapat diuangkan atau digabungkan dengan promo lainnya.""}",manual,flat,20000,,,2026-08-01,1.0,0,True,2026-05-29T15:05:22.751693+00:00,True,SRAGA-F8S8U7,,True,,Batch: Trimulyo Wellness 31 mei (29 Mei 2026 - G4A),,owner,global,,
632b232b-1012-4abd-9df2-d8597b7533d6,Voucher Relaksasi,"{""tagline"":""Apresiasi untuk tubuhmu yang sudah lelah beraktivitas hari ini. Voucher Relaksasi Rp20.000 dari SerenaRaga."",""terms1"":""Berlaku untuk layanan Home Service Massage di wilayah Yogyakarta (free transport max 10km)."",""terms2"":""Wajib melakukan reservasi maksimal H-1 sebelum kedatangan."",""terms3"":""Voucher tidak dapat diuangkan atau digabungkan dengan promo lainnya.""}",manual,flat,20000,,,2026-08-01,1.0,0,True,2026-05-29T15:05:22.751693+00:00,True,SRAGA-B9P3T4,,True,,Batch: Trimulyo Wellness 31 mei (29 Mei 2026 - G4A),,owner,global,,
ab837085-f449-435a-a76a-5b14617ceeb8,Voucher Relaksasi,"{""tagline"":""Apresiasi untuk tubuhmu yang sudah lelah beraktivitas hari ini. Voucher Relaksasi Rp20.000 dari SerenaRaga."",""terms1"":""Berlaku untuk layanan Home Service Massage di wilayah Yogyakarta (free transport max 10km)."",""terms2"":""Wajib melakukan reservasi maksimal H-1 sebelum kedatangan."",""terms3"":""Voucher tidak dapat diuangkan atau digabungkan dengan promo lainnya.""}",manual,flat,20000,,,2026-08-01,1.0,0,True,2026-05-29T15:05:22.751693+00:00,True,SRAGA-E8L9T5,,True,,Batch: Trimulyo Wellness 31 mei (29 Mei 2026 - G4A),,owner,global,,
d318ba7c-9693-4700-8b01-42e6ebc5055b,Voucher Relaksasi,"{""tagline"":""Apresiasi untuk tubuhmu yang sudah lelah beraktivitas hari ini. Voucher Relaksasi Rp20.000 dari SerenaRaga."",""terms1"":""Berlaku untuk layanan Home Service Massage di wilayah Yogyakarta (free transport max 10km)."",""terms2"":""Wajib melakukan reservasi maksimal H-1 sebelum kedatangan."",""terms3"":""Voucher tidak dapat diuangkan atau digabungkan dengan promo lainnya.""}",manual,flat,20000,,,2026-08-01,1.0,0,True,2026-05-29T15:05:22.751693+00:00,True,SRAGA-M5G9S5,,True,,Batch: Trimulyo Wellness 31 mei (29 Mei 2026 - G4A),,owner,global,,
16622edb-35af-4e18-95ee-389bc3049567,Voucher Relaksasi,"{""tagline"":""Apresiasi untuk tubuhmu yang sudah lelah beraktivitas hari ini. Voucher Relaksasi Rp20.000 dari SerenaRaga."",""terms1"":""Berlaku untuk layanan Home Service Massage di wilayah Yogyakarta (free transport max 10km)."",""terms2"":""Wajib melakukan reservasi maksimal H-1 sebelum kedatangan."",""terms3"":""Voucher tidak dapat diuangkan atau digabungkan dengan promo lainnya.""}",manual,flat,20000,,,2026-08-01,1.0,0,True,2026-05-29T15:05:22.751693+00:00,True,SRAGA-S2A6A5,,True,,Batch: Trimulyo Wellness 31 mei (29 Mei 2026 - G4A),,owner,global,,
5413916d-3204-49d5-9d30-f908a25273e8,Voucher Relaksasi,"{""tagline"":""Apresiasi untuk tubuhmu yang sudah lelah beraktivitas hari ini. Voucher Relaksasi Rp20.000 dari SerenaRaga."",""terms1"":""Berlaku untuk layanan Home Service Massage di wilayah Yogyakarta (free transport max 10km)."",""terms2"":""Wajib melakukan reservasi maksimal H-1 sebelum kedatangan."",""terms3"":""Voucher tidak dapat diuangkan atau digabungkan dengan promo lainnya.""}",manual,flat,20000,,,2026-08-01,1.0,0,True,2026-05-29T15:05:22.751693+00:00,True,SRAGA-Q6B6N3,,True,,Batch: Trimulyo Wellness 31 mei (29 Mei 2026 - G4A),,owner,global,,
8e98549e-6438-4e1b-9051-a9b731a7e770,Voucher Relaksasi,"{""tagline"":""Apresiasi untuk tubuhmu yang sudah lelah beraktivitas hari ini. Voucher Relaksasi Rp20.000 dari SerenaRaga."",""terms1"":""Berlaku untuk layanan Home Service Massage di wilayah Yogyakarta (free transport max 10km)."",""terms2"":""Wajib melakukan reservasi maksimal H-1 sebelum kedatangan."",""terms3"":""Voucher tidak dapat diuangkan atau digabungkan dengan promo lainnya.""}",manual,flat,20000,,,2026-08-01,1.0,0,True,2026-05-29T15:05:22.751693+00:00,True,SRAGA-P3P2B7,,True,,Batch: Trimulyo Wellness 31 mei (29 Mei 2026 - G4A),,owner,global,,
d774cc35-adcb-4dee-9c88-e1d0bdad9b83,Voucher Relaksasi,"{""tagline"":""Apresiasi untuk tubuhmu yang sudah lelah beraktivitas hari ini. Voucher Relaksasi Rp20.000 dari SerenaRaga."",""terms1"":""Berlaku untuk layanan Home Service Massage di wilayah Yogyakarta (free transport max 10km)."",""terms2"":""Wajib melakukan reservasi maksimal H-1 sebelum kedatangan."",""terms3"":""Voucher tidak dapat diuangkan atau digabungkan dengan promo lainnya.""}",manual,flat,20000,,,2026-08-01,1.0,0,True,2026-05-29T15:05:22.751693+00:00,True,SRAGA-G7R9W6,,True,,Batch: Trimulyo Wellness 31 mei (29 Mei 2026 - G4A),,owner,global,,
0cccfb82-1178-49cc-ba37-c16651c40a4c,Voucher Relaksasi,"{""tagline"":""Apresiasi untuk tubuhmu yang sudah lelah beraktivitas hari ini. Voucher Relaksasi Rp20.000 dari SerenaRaga."",""terms1"":""Berlaku untuk layanan Home Service Massage di wilayah Yogyakarta (free transport max 10km)."",""terms2"":""Wajib melakukan reservasi maksimal H-1 sebelum kedatangan."",""terms3"":""Voucher tidak dapat diuangkan atau digabungkan dengan promo lainnya.""}",manual,flat,20000,,,2026-08-01,1.0,0,True,2026-05-29T15:05:22.751693+00:00,True,SRAGA-D4E4V4,,True,,Batch: Trimulyo Wellness 31 mei (29 Mei 2026 - G4A),,owner,global,,
c88dc505-4e50-4495-adb2-d089946e4a75,Voucher Relaksasi,"{""tagline"":""Apresiasi untuk tubuhmu yang sudah lelah beraktivitas hari ini. Voucher Relaksasi Rp20.000 dari SerenaRaga."",""terms1"":""Berlaku untuk layanan Home Service Massage di wilayah Yogyakarta (free transport max 10km)."",""terms2"":""Wajib melakukan reservasi maksimal H-1 sebelum kedatangan."",""terms3"":""Voucher tidak dapat diuangkan atau digabungkan dengan promo lainnya.""}",manual,flat,20000,,,2026-08-01,1.0,0,True,2026-05-29T15:05:22.751693+00:00,True,SRAGA-F6A6B9,,True,,Batch: Trimulyo Wellness 31 mei (29 Mei 2026 - G4A),,owner,global,,
b0dc71f7-3d30-462a-bc35-0796a51e4df6,Voucher Relaksasi,"{""tagline"":""Apresiasi untuk tubuhmu yang sudah lelah beraktivitas hari ini. Voucher Relaksasi Rp20.000 dari SerenaRaga."",""terms1"":""Berlaku untuk layanan Home Service Massage di wilayah Yogyakarta (free transport max 10km)."",""terms2"":""Wajib melakukan reservasi maksimal H-1 sebelum kedatangan."",""terms3"":""Voucher tidak dapat diuangkan atau digabungkan dengan promo lainnya.""}",manual,flat,20000,,,2026-08-01,1.0,0,True,2026-05-29T15:05:22.751693+00:00,True,SRAGA-Z8F8V7,,True,,Batch: Trimulyo Wellness 31 mei (29 Mei 2026 - G4A),,owner,global,,
67b9096b-dead-40a4-bf9e-a3de38ec122a,Voucher Relaksasi,"{""tagline"":""Apresiasi untuk tubuhmu yang sudah lelah beraktivitas hari ini. Voucher Relaksasi Rp20.000 dari SerenaRaga."",""terms1"":""Berlaku untuk layanan Home Service Massage di wilayah Yogyakarta (free transport max 10km)."",""terms2"":""Wajib melakukan reservasi maksimal H-1 sebelum kedatangan."",""terms3"":""Voucher tidak dapat diuangkan atau digabungkan dengan promo lainnya.""}",manual,flat,20000,,,2026-08-01,1.0,0,True,2026-05-29T15:05:22.751693+00:00,True,SRAGA-F2B2N7,,True,,Batch: Trimulyo Wellness 31 mei (29 Mei 2026 - G4A),,owner,global,,
5be2b17c-04f1-4695-bf8d-05d100c84ae2,Voucher Relaksasi,"{""tagline"":""Apresiasi untuk tubuhmu yang sudah lelah beraktivitas hari ini. Voucher Relaksasi Rp20.000 dari SerenaRaga."",""terms1"":""Berlaku untuk layanan Home Service Massage di wilayah Yogyakarta (free transport max 10km)."",""terms2"":""Wajib melakukan reservasi maksimal H-1 sebelum kedatangan."",""terms3"":""Voucher tidak dapat diuangkan atau digabungkan dengan promo lainnya.""}",manual,flat,20000,,,2026-08-01,1.0,0,True,2026-05-29T15:05:22.751693+00:00,True,SRAGA-G2G7G2,,True,,Batch: Trimulyo Wellness 31 mei (29 Mei 2026 - G4A),,owner,global,,
7b0448ec-a850-42e7-b57c-721f7239495f,Voucher Relaksasi,"{""tagline"":""Apresiasi untuk tubuhmu yang sudah lelah beraktivitas hari ini. Voucher Relaksasi Rp20.000 dari SerenaRaga."",""terms1"":""Berlaku untuk layanan Home Service Massage di wilayah Yogyakarta (free transport max 10km)."",""terms2"":""Wajib melakukan reservasi maksimal H-1 sebelum kedatangan."",""terms3"":""Voucher tidak dapat diuangkan atau digabungkan dengan promo lainnya.""}",manual,flat,20000,,,2026-08-01,1.0,0,True,2026-05-29T15:05:22.751693+00:00,True,SRAGA-U8X3P9,,True,,Batch: Trimulyo Wellness 31 mei (29 Mei 2026 - G4A),,owner,global,,
58228e25-2bc2-49ef-b379-ab768f1b4f68,Voucher Relaksasi,"{""tagline"":""Apresiasi untuk tubuhmu yang sudah lelah beraktivitas hari ini. Voucher Relaksasi Rp20.000 dari SerenaRaga."",""terms1"":""Berlaku untuk layanan Home Service Massage di wilayah Yogyakarta (free transport max 10km)."",""terms2"":""Wajib melakukan reservasi maksimal H-1 sebelum kedatangan."",""terms3"":""Voucher tidak dapat diuangkan atau digabungkan dengan promo lainnya.""}",manual,flat,20000,,,2026-08-01,1.0,0,True,2026-05-29T15:05:22.751693+00:00,True,SRAGA-D9F4L9,,True,,Batch: Trimulyo Wellness 31 mei (29 Mei 2026 - G4A),,owner,global,,
17fd21ae-2b16-4fff-8e09-979d5903a66d,Voucher Relaksasi,"{""tagline"":""Apresiasi untuk tubuhmu yang sudah lelah beraktivitas hari ini. Voucher Relaksasi Rp20.000 dari SerenaRaga."",""terms1"":""Berlaku untuk layanan Home Service Massage di wilayah Yogyakarta (free transport max 10km)."",""terms2"":""Wajib melakukan reservasi maksimal H-1 sebelum kedatangan."",""terms3"":""Voucher tidak dapat diuangkan atau digabungkan dengan promo lainnya.""}",manual,flat,20000,,,2026-08-01,1.0,0,True,2026-05-29T15:05:22.751693+00:00,True,SRAGA-A5U3E6,,True,,Batch: Trimulyo Wellness 31 mei (29 Mei 2026 - G4A),,owner,global,,
d44e597b-0ce8-43d7-be44-8449f8f3da33,Voucher Relaksasi,"{""tagline"":""Apresiasi untuk tubuhmu yang sudah lelah beraktivitas hari ini. Voucher Relaksasi Rp20.000 dari SerenaRaga."",""terms1"":""Berlaku untuk layanan Home Service Massage di wilayah Yogyakarta (free transport max 10km)."",""terms2"":""Wajib melakukan reservasi maksimal H-1 sebelum kedatangan."",""terms3"":""Voucher tidak dapat diuangkan atau digabungkan dengan promo lainnya.""}",manual,flat,20000,,,2026-08-01,1.0,0,True,2026-05-29T15:05:22.751693+00:00,True,SRAGA-J5Z3N6,,True,,Batch: Trimulyo Wellness 31 mei (29 Mei 2026 - G4A),,owner,global,,
25ab67ec-8ac2-4889-b874-6042efc57479,Voucher Relaksasi,"{""tagline"":""Apresiasi untuk tubuhmu yang sudah lelah beraktivitas hari ini. Voucher Relaksasi Rp20.000 dari SerenaRaga."",""terms1"":""Berlaku untuk layanan Home Service Massage di wilayah Yogyakarta (free transport max 10km)."",""terms2"":""Wajib melakukan reservasi maksimal H-1 sebelum kedatangan."",""terms3"":""Voucher tidak dapat diuangkan atau digabungkan dengan promo lainnya.""}",manual,flat,20000,,,2026-08-01,1.0,0,True,2026-05-29T15:05:22.751693+00:00,True,SRAGA-C8E8K4,,True,,Batch: Trimulyo Wellness 31 mei (29 Mei 2026 - G4A),,owner,global,,
9341e060-0ca1-43ec-b52d-e6214a42773f,Voucher Relaksasi,"{""tagline"":""Apresiasi untuk tubuhmu yang sudah lelah beraktivitas hari ini. Voucher Relaksasi Rp20.000 dari SerenaRaga."",""terms1"":""Berlaku untuk layanan Home Service Massage di wilayah Yogyakarta (free transport max 10km)."",""terms2"":""Wajib melakukan reservasi maksimal H-1 sebelum kedatangan."",""terms3"":""Voucher tidak dapat diuangkan atau digabungkan dengan promo lainnya.""}",manual,flat,20000,,,2026-08-01,1.0,0,True,2026-05-29T15:05:22.751693+00:00,True,SRAGA-V3B8E2,,True,,Batch: Trimulyo Wellness 31 mei (29 Mei 2026 - G4A),,owner,global,,
8b847dec-e363-4d42-98d2-6ffc5e2fe601,Voucher Relaksasi,"{""tagline"":""Apresiasi untuk tubuhmu yang sudah lelah beraktivitas hari ini. Voucher Relaksasi Rp20.000 dari SerenaRaga."",""terms1"":""Berlaku untuk layanan Home Service Massage di wilayah Yogyakarta (free transport max 10km)."",""terms2"":""Wajib melakukan reservasi maksimal H-1 sebelum kedatangan."",""terms3"":""Voucher tidak dapat diuangkan atau digabungkan dengan promo lainnya.""}",manual,flat,20000,,,2026-08-01,1.0,0,True,2026-05-29T15:05:22.751693+00:00,True,SRAGA-J3E9V5,,True,,Batch: Trimulyo Wellness 31 mei (29 Mei 2026 - G4A),,owner,global,,
5afd8818-0195-4b5d-8a7e-5c34a0ba2b52,Voucher Relaksasi,"{""tagline"":""Apresiasi untuk tubuhmu yang sudah lelah beraktivitas hari ini. Voucher Relaksasi Rp20.000 dari SerenaRaga."",""terms1"":""Berlaku untuk layanan Home Service Massage di wilayah Yogyakarta (free transport max 10km)."",""terms2"":""Wajib melakukan reservasi maksimal H-1 sebelum kedatangan."",""terms3"":""Voucher tidak dapat diuangkan atau digabungkan dengan promo lainnya.""}",manual,flat,20000,,,2026-08-01,1.0,0,True,2026-05-29T15:05:22.751693+00:00,True,SRAGA-W3T6X2,,True,,Batch: Trimulyo Wellness 31 mei (29 Mei 2026 - G4A),,owner,global,,
d44ff47c-c084-4570-a9e3-ab68db395f30,Voucher Relaksasi,"{""tagline"":""Apresiasi untuk tubuhmu yang sudah lelah beraktivitas hari ini. Voucher Relaksasi Rp20.000 dari SerenaRaga."",""terms1"":""Berlaku untuk layanan Home Service Massage di wilayah Yogyakarta (free transport max 10km)."",""terms2"":""Wajib melakukan reservasi maksimal H-1 sebelum kedatangan."",""terms3"":""Voucher tidak dapat diuangkan atau digabungkan dengan promo lainnya.""}",manual,flat,20000,,,2026-08-01,1.0,0,True,2026-05-29T15:05:22.751693+00:00,True,SRAGA-M6Z4D2,,True,,Batch: Trimulyo Wellness 31 mei (29 Mei 2026 - G4A),,owner,global,,
6aab29e1-34a4-420a-87ae-4883f6270082,Voucher Relaksasi,"{""tagline"":""Apresiasi untuk tubuhmu yang sudah lelah beraktivitas hari ini. Voucher Relaksasi Rp20.000 dari SerenaRaga."",""terms1"":""Berlaku untuk layanan Home Service Massage di wilayah Yogyakarta (free transport max 10km)."",""terms2"":""Wajib melakukan reservasi maksimal H-1 sebelum kedatangan."",""terms3"":""Voucher tidak dapat diuangkan atau digabungkan dengan promo lainnya.""}",manual,flat,20000,,,2026-08-01,1.0,0,True,2026-05-29T15:05:22.751693+00:00,True,SRAGA-N6W5X5,,True,,Batch: Trimulyo Wellness 31 mei (29 Mei 2026 - G4A),,owner,global,,
d7017153-9e12-475c-8c3c-c7e732cd1799,Voucher Relaksasi,"{""tagline"":""Apresiasi untuk tubuhmu yang sudah lelah beraktivitas hari ini. Voucher Relaksasi Rp20.000 dari SerenaRaga."",""terms1"":""Berlaku untuk layanan Home Service Massage di wilayah Yogyakarta (free transport max 10km)."",""terms2"":""Wajib melakukan reservasi maksimal H-1 sebelum kedatangan."",""terms3"":""Voucher tidak dapat diuangkan atau digabungkan dengan promo lainnya.""}",manual,flat,20000,,,2026-08-01,1.0,0,True,2026-05-29T15:05:22.751693+00:00,True,SRAGA-B7A2N5,,True,,Batch: Trimulyo Wellness 31 mei (29 Mei 2026 - G4A),,owner,global,,
398b4513-9e31-466e-b75e-fdd568fd64ee,Voucher Relaksasi,"{""tagline"":""Apresiasi untuk tubuhmu yang sudah lelah beraktivitas hari ini. Voucher Relaksasi Rp20.000 dari SerenaRaga."",""terms1"":""Berlaku untuk layanan Home Service Massage di wilayah Yogyakarta (free transport max 10km)."",""terms2"":""Wajib melakukan reservasi maksimal H-1 sebelum kedatangan."",""terms3"":""Voucher tidak dapat diuangkan atau digabungkan dengan promo lainnya.""}",manual,flat,20000,,,2026-08-01,1.0,0,True,2026-05-29T15:05:22.751693+00:00,True,SRAGA-L3X5D7,,True,,Batch: Trimulyo Wellness 31 mei (29 Mei 2026 - G4A),,owner,global,,
b8dbc2dd-d092-4f0d-84e8-0a6d850d235c,Voucher Relaksasi,"{""tagline"":""Apresiasi untuk tubuhmu yang sudah lelah beraktivitas hari ini. Voucher Relaksasi Rp20.000 dari SerenaRaga."",""terms1"":""Berlaku untuk layanan Home Service Massage di wilayah Yogyakarta (free transport max 10km)."",""terms2"":""Wajib melakukan reservasi maksimal H-1 sebelum kedatangan."",""terms3"":""Voucher tidak dapat diuangkan atau digabungkan dengan promo lainnya.""}",manual,flat,20000,,,2026-08-01,1.0,0,True,2026-05-29T15:05:22.751693+00:00,True,SRAGA-Y2M2T5,,True,,Batch: Trimulyo Wellness 31 mei (29 Mei 2026 - G4A),,owner,global,,
a8cf24e6-d327-422c-a099-d2ae73d8d728,Voucher Relaksasi,"{""tagline"":""Apresiasi untuk tubuhmu yang sudah lelah beraktivitas hari ini. Voucher Relaksasi Rp20.000 dari SerenaRaga."",""terms1"":""Berlaku untuk layanan Home Service Massage di wilayah Yogyakarta (free transport max 10km)."",""terms2"":""Wajib melakukan reservasi maksimal H-1 sebelum kedatangan."",""terms3"":""Voucher tidak dapat diuangkan atau digabungkan dengan promo lainnya.""}",manual,flat,20000,,,2026-08-01,1.0,0,True,2026-05-29T15:05:22.751693+00:00,True,SRAGA-F8Z2E5,,True,,Batch: Trimulyo Wellness 31 mei (29 Mei 2026 - G4A),,owner,global,,
2807ca9d-d368-41ff-bd9b-640f0fbf7d8b,Voucher Relaksasi,"{""tagline"":""Apresiasi untuk tubuhmu yang sudah lelah beraktivitas hari ini. Voucher Relaksasi Rp20.000 dari SerenaRaga."",""terms1"":""Berlaku untuk layanan Home Service Massage di wilayah Yogyakarta (free transport max 10km)."",""terms2"":""Wajib melakukan reservasi maksimal H-1 sebelum kedatangan."",""terms3"":""Voucher tidak dapat diuangkan atau digabungkan dengan promo lainnya.""}",manual,flat,20000,,,2026-08-01,1.0,0,True,2026-05-29T15:05:22.751693+00:00,True,SRAGA-B5H3C3,,True,,Batch: Trimulyo Wellness 31 mei (29 Mei 2026 - G4A),,owner,global,,
5b84389f-23b3-4577-8f69-54bdf3ec92e8,Voucher Relaksasi,"{""tagline"":""Apresiasi untuk tubuhmu yang sudah lelah beraktivitas hari ini. Voucher Relaksasi Rp20.000 dari SerenaRaga."",""terms1"":""Berlaku untuk layanan Home Service Massage di wilayah Yogyakarta (free transport max 10km)."",""terms2"":""Wajib melakukan reservasi maksimal H-1 sebelum kedatangan."",""terms3"":""Voucher tidak dapat diuangkan atau digabungkan dengan promo lainnya.""}",manual,flat,20000,,,2026-08-01,1.0,0,True,2026-05-29T15:05:22.751693+00:00,True,SRAGA-Z8U3N3,,True,,Batch: Trimulyo Wellness 31 mei (29 Mei 2026 - G4A),,owner,global,,
ab2b37fa-dd61-4ca8-9c37-422ef1907fab,Voucher Relaksasi,"{""tagline"":""Apresiasi untuk tubuhmu yang sudah lelah beraktivitas hari ini. Voucher Relaksasi Rp20.000 dari SerenaRaga."",""terms1"":""Berlaku untuk layanan Home Service Massage di wilayah Yogyakarta (free transport max 10km)."",""terms2"":""Wajib melakukan reservasi maksimal H-1 sebelum kedatangan."",""terms3"":""Voucher tidak dapat diuangkan atau digabungkan dengan promo lainnya.""}",manual,flat,20000,,,2026-08-01,1.0,0,True,2026-05-29T15:05:22.751693+00:00,True,SRAGA-H4X9X5,,True,,Batch: Trimulyo Wellness 31 mei (29 Mei 2026 - G4A),,owner,global,,
a5629766-aa1d-4af2-aa04-3feae8868488,Voucher Relaksasi,"{""tagline"":""Apresiasi untuk tubuhmu yang sudah lelah beraktivitas hari ini. Voucher Relaksasi Rp20.000 dari SerenaRaga."",""terms1"":""Berlaku untuk layanan Home Service Massage di wilayah Yogyakarta (free transport max 10km)."",""terms2"":""Wajib melakukan reservasi maksimal H-1 sebelum kedatangan."",""terms3"":""Voucher tidak dapat diuangkan atau digabungkan dengan promo lainnya.""}",manual,flat,20000,,,2026-08-01,1.0,0,True,2026-05-29T15:05:22.751693+00:00,True,SRAGA-F4Y9X8,,True,,Batch: Trimulyo Wellness 31 mei (29 Mei 2026 - G4A),,owner,global,,
36cd073e-15d0-474c-8c36-6431bb36aabb,Voucher Relaksasi,"{""tagline"":""Apresiasi untuk tubuhmu yang sudah lelah beraktivitas hari ini. Voucher Relaksasi Rp20.000 dari SerenaRaga."",""terms1"":""Berlaku untuk layanan Home Service Massage di wilayah Yogyakarta (free transport max 10km)."",""terms2"":""Wajib melakukan reservasi maksimal H-1 sebelum kedatangan."",""terms3"":""Voucher tidak dapat diuangkan atau digabungkan dengan promo lainnya.""}",manual,flat,20000,,,2026-08-01,1.0,0,True,2026-05-29T15:05:22.751693+00:00,True,SRAGA-D6T6Q9,,True,,Batch: Trimulyo Wellness 31 mei (29 Mei 2026 - G4A),,owner,global,,
51d5cf82-7821-43dd-b182-b6e9179b69a5,Voucher Relaksasi,"{""tagline"":""Apresiasi untuk tubuhmu yang sudah lelah beraktivitas hari ini. Voucher Relaksasi Rp20.000 dari SerenaRaga."",""terms1"":""Berlaku untuk layanan Home Service Massage di wilayah Yogyakarta (free transport max 10km)."",""terms2"":""Wajib melakukan reservasi maksimal H-1 sebelum kedatangan."",""terms3"":""Voucher tidak dapat diuangkan atau digabungkan dengan promo lainnya.""}",manual,flat,20000,,,2026-08-01,1.0,0,True,2026-05-29T15:05:22.751693+00:00,True,SRAGA-E8R2J8,,True,,Batch: Trimulyo Wellness 31 mei (29 Mei 2026 - G4A),,owner,global,,
89fb6d5e-4ff5-4e69-a5f8-9005f4211881,Voucher Relaksasi,"{""tagline"":""Apresiasi untuk tubuhmu yang sudah lelah beraktivitas hari ini. Voucher Relaksasi Rp20.000 dari SerenaRaga."",""terms1"":""Berlaku untuk layanan Home Service Massage di wilayah Yogyakarta (free transport max 10km)."",""terms2"":""Wajib melakukan reservasi maksimal H-1 sebelum kedatangan."",""terms3"":""Voucher tidak dapat diuangkan atau digabungkan dengan promo lainnya.""}",manual,flat,20000,,,2026-08-01,1.0,0,True,2026-05-29T15:05:22.751693+00:00,True,SRAGA-R3A5D3,,True,,Batch: Trimulyo Wellness 31 mei (29 Mei 2026 - G4A),,owner,global,,
964707f6-de47-46b9-b3dc-27fc7cf24e82,Voucher Penukaran,"{""tagline"":"""",""terms1"":""Berlaku untuk layanan Home Service Massage di wilayah Yogyakarta (free transport max 10km)."",""terms2"":""Wajib melakukan reservasi maksimal H-1 sebelum kedatangan."",""terms3"":""Voucher tidak dapat diuangkan atau digabungkan dengan promo lainnya."",""voucher_type"":""event"",""event_item"":""Merchandise"",""qr_url"":""https://instagram.com/serena.raga"",""instagram"":""@serena.raga"",""tiktok"":""@serena.raga"",""whatsapp"":""0895-1835-9037"",""website"":""serenaraga.fit""}",manual,flat,0,,,,1.0,0,True,2026-06-06T10:28:10.916974+00:00,True,SRAGA-J9A9U5,,True,,Batch: Voucher Penukaran (6 Jun 2026 - Z8R),,owner,global,,
854f1845-6712-4d0f-9593-b860fe4d8d7e,Voucher Penukaran,"{""tagline"":"""",""terms1"":""Berlaku untuk layanan Home Service Massage di wilayah Yogyakarta (free transport max 10km)."",""terms2"":""Wajib melakukan reservasi maksimal H-1 sebelum kedatangan."",""terms3"":""Voucher tidak dapat diuangkan atau digabungkan dengan promo lainnya."",""voucher_type"":""event"",""event_item"":""Merchandise"",""qr_url"":""https://instagram.com/serena.raga"",""instagram"":""@serena.raga"",""tiktok"":""@serena.raga"",""whatsapp"":""0895-1835-9037"",""website"":""serenaraga.fit""}",manual,flat,0,,,,1.0,0,True,2026-06-06T10:28:10.916974+00:00,True,SRAGA-E6R3Q4,,True,,Batch: Voucher Penukaran (6 Jun 2026 - Z8R),,owner,global,,
fde26b0a-3fde-42e5-a1d8-17a4f0c772b3,Voucher Penukaran,"{""tagline"":"""",""terms1"":""Berlaku untuk layanan Home Service Massage di wilayah Yogyakarta (free transport max 10km)."",""terms2"":""Wajib melakukan reservasi maksimal H-1 sebelum kedatangan."",""terms3"":""Voucher tidak dapat diuangkan atau digabungkan dengan promo lainnya."",""voucher_type"":""event"",""event_item"":""Merchandise"",""qr_url"":""https://instagram.com/serena.raga"",""instagram"":""@serena.raga"",""tiktok"":""@serena.raga"",""whatsapp"":""0895-1835-9037"",""website"":""serenaraga.fit""}",manual,flat,0,,,,1.0,0,True,2026-06-06T10:28:10.916974+00:00,True,SRAGA-M4D4E2,,True,,Batch: Voucher Penukaran (6 Jun 2026 - Z8R),,owner,global,,
949a498a-7ed9-4ab1-9460-6efceca21e81,Voucher Penukaran,"{""tagline"":"""",""terms1"":""Berlaku untuk layanan Home Service Massage di wilayah Yogyakarta (free transport max 10km)."",""terms2"":""Wajib melakukan reservasi maksimal H-1 sebelum kedatangan."",""terms3"":""Voucher tidak dapat diuangkan atau digabungkan dengan promo lainnya."",""voucher_type"":""event"",""event_item"":""Merchandise"",""qr_url"":""https://instagram.com/serena.raga"",""instagram"":""@serena.raga"",""tiktok"":""@serena.raga"",""whatsapp"":""0895-1835-9037"",""website"":""serenaraga.fit""}",manual,flat,0,,,,1.0,0,True,2026-06-06T10:28:10.916974+00:00,True,SRAGA-J3F8F5,,True,,Batch: Voucher Penukaran (6 Jun 2026 - Z8R),,owner,global,,
cac44450-5eef-41f2-b278-7c1a1ed0b90e,Voucher Penukaran,"{""tagline"":"""",""terms1"":""Berlaku untuk layanan Home Service Massage di wilayah Yogyakarta (free transport max 10km)."",""terms2"":""Wajib melakukan reservasi maksimal H-1 sebelum kedatangan."",""terms3"":""Voucher tidak dapat diuangkan atau digabungkan dengan promo lainnya."",""voucher_type"":""event"",""event_item"":""Merchandise"",""qr_url"":""https://instagram.com/serena.raga"",""instagram"":""@serena.raga"",""tiktok"":""@serena.raga"",""whatsapp"":""0895-1835-9037"",""website"":""serenaraga.fit""}",manual,flat,0,,,,1.0,0,True,2026-06-06T10:28:10.916974+00:00,True,SRAGA-D3E5C7,,True,,Batch: Voucher Penukaran (6 Jun 2026 - Z8R),,owner,global,,
0904e8f3-0a56-41cc-8f17-84ac35e4fe83,Voucher Penukaran,"{""tagline"":"""",""terms1"":""Berlaku untuk layanan Home Service Massage di wilayah Yogyakarta (free transport max 10km)."",""terms2"":""Wajib melakukan reservasi maksimal H-1 sebelum kedatangan."",""terms3"":""Voucher tidak dapat diuangkan atau digabungkan dengan promo lainnya."",""voucher_type"":""event"",""event_item"":""Merchandise"",""qr_url"":""https://instagram.com/serena.raga"",""instagram"":""@serena.raga"",""tiktok"":""@serena.raga"",""whatsapp"":""0895-1835-9037"",""website"":""serenaraga.fit""}",manual,flat,0,,,,1.0,0,True,2026-06-06T10:28:10.916974+00:00,True,SRAGA-P5K3B4,,True,,Batch: Voucher Penukaran (6 Jun 2026 - Z8R),,owner,global,,
22f7ef71-1f2b-4fff-8bc4-f9f64cbdffab,Voucher Penukaran,"{""tagline"":"""",""terms1"":""Berlaku untuk layanan Home Service Massage di wilayah Yogyakarta (free transport max 10km)."",""terms2"":""Wajib melakukan reservasi maksimal H-1 sebelum kedatangan."",""terms3"":""Voucher tidak dapat diuangkan atau digabungkan dengan promo lainnya."",""voucher_type"":""event"",""event_item"":""Merchandise"",""qr_url"":""https://instagram.com/serena.raga"",""instagram"":""@serena.raga"",""tiktok"":""@serena.raga"",""whatsapp"":""0895-1835-9037"",""website"":""serenaraga.fit""}",manual,flat,0,,,,1.0,0,True,2026-06-06T10:28:10.916974+00:00,True,SRAGA-W3Q8H7,,True,,Batch: Voucher Penukaran (6 Jun 2026 - Z8R),,owner,global,,
b54c936f-d2e8-47f0-a04d-015008c9167e,Voucher Penukaran,"{""tagline"":"""",""terms1"":""Berlaku untuk layanan Home Service Massage di wilayah Yogyakarta (free transport max 10km)."",""terms2"":""Wajib melakukan reservasi maksimal H-1 sebelum kedatangan."",""terms3"":""Voucher tidak dapat diuangkan atau digabungkan dengan promo lainnya."",""voucher_type"":""event"",""event_item"":""Merchandise"",""qr_url"":""https://instagram.com/serena.raga"",""instagram"":""@serena.raga"",""tiktok"":""@serena.raga"",""whatsapp"":""0895-1835-9037"",""website"":""serenaraga.fit""}",manual,flat,0,,,,1.0,0,True,2026-06-06T10:28:10.916974+00:00,True,SRAGA-R4U4A6,,True,,Batch: Voucher Penukaran (6 Jun 2026 - Z8R),,owner,global,,
c4a59162-474d-4e33-a04c-fa000d3ac0c5,Voucher Penukaran,"{""tagline"":"""",""terms1"":""Berlaku untuk layanan Home Service Massage di wilayah Yogyakarta (free transport max 10km)."",""terms2"":""Wajib melakukan reservasi maksimal H-1 sebelum kedatangan."",""terms3"":""Voucher tidak dapat diuangkan atau digabungkan dengan promo lainnya."",""voucher_type"":""event"",""event_item"":""Merchandise"",""qr_url"":""https://instagram.com/serena.raga"",""instagram"":""@serena.raga"",""tiktok"":""@serena.raga"",""whatsapp"":""0895-1835-9037"",""website"":""serenaraga.fit""}",manual,flat,0,,,,1.0,0,True,2026-06-06T10:28:10.916974+00:00,True,SRAGA-S5Q6D4,,True,,Batch: Voucher Penukaran (6 Jun 2026 - Z8R),,owner,global,,
d5bdd055-b3e1-46d6-a046-e18339227007,Voucher Penukaran,"{""tagline"":"""",""terms1"":""Berlaku untuk layanan Home Service Massage di wilayah Yogyakarta (free transport max 10km)."",""terms2"":""Wajib melakukan reservasi maksimal H-1 sebelum kedatangan."",""terms3"":""Voucher tidak dapat diuangkan atau digabungkan dengan promo lainnya."",""voucher_type"":""event"",""event_item"":""Merchandise"",""qr_url"":""https://instagram.com/serena.raga"",""instagram"":""@serena.raga"",""tiktok"":""@serena.raga"",""whatsapp"":""0895-1835-9037"",""website"":""serenaraga.fit""}",manual,flat,0,,,,1.0,0,True,2026-06-06T10:28:10.916974+00:00,True,SRAGA-V7Y4R4,,True,,Batch: Voucher Penukaran (6 Jun 2026 - Z8R),,owner,global,,
2b4ffe56-55f7-4413-9ad3-6df27a6b0e3a,Voucher Penukaran,"{""tagline"":"""",""terms1"":""Berlaku untuk layanan Home Service Massage di wilayah Yogyakarta (free transport max 10km)."",""terms2"":""Wajib melakukan reservasi maksimal H-1 sebelum kedatangan."",""terms3"":""Voucher tidak dapat diuangkan atau digabungkan dengan promo lainnya."",""voucher_type"":""event"",""event_item"":""Merchandise"",""qr_url"":""https://instagram.com/serena.raga"",""instagram"":""@serena.raga"",""tiktok"":""@serena.raga"",""whatsapp"":""0895-1835-9037"",""website"":""serenaraga.fit""}",manual,flat,0,,,,1.0,0,True,2026-06-06T10:28:10.916974+00:00,True,SRAGA-Y5P4Z7,,True,,Batch: Voucher Penukaran (6 Jun 2026 - Z8R),,owner,global,,
ea59220b-4159-4157-a4a7-e9e0c8525725,Voucher Penukaran,"{""tagline"":"""",""terms1"":""Berlaku untuk layanan Home Service Massage di wilayah Yogyakarta (free transport max 10km)."",""terms2"":""Wajib melakukan reservasi maksimal H-1 sebelum kedatangan."",""terms3"":""Voucher tidak dapat diuangkan atau digabungkan dengan promo lainnya."",""voucher_type"":""event"",""event_item"":""Merchandise"",""qr_url"":""https://instagram.com/serena.raga"",""instagram"":""@serena.raga"",""tiktok"":""@serena.raga"",""whatsapp"":""0895-1835-9037"",""website"":""serenaraga.fit""}",manual,flat,0,,,,1.0,0,True,2026-06-06T10:28:10.916974+00:00,True,SRAGA-E8F6T2,,True,,Batch: Voucher Penukaran (6 Jun 2026 - Z8R),,owner,global,,
df2a064c-83b2-415e-af7c-15dcb6afbe43,Voucher Penukaran,"{""tagline"":"""",""terms1"":""Berlaku untuk layanan Home Service Massage di wilayah Yogyakarta (free transport max 10km)."",""terms2"":""Wajib melakukan reservasi maksimal H-1 sebelum kedatangan."",""terms3"":""Voucher tidak dapat diuangkan atau digabungkan dengan promo lainnya."",""voucher_type"":""event"",""event_item"":""Merchandise"",""qr_url"":""https://instagram.com/serena.raga"",""instagram"":""@serena.raga"",""tiktok"":""@serena.raga"",""whatsapp"":""0895-1835-9037"",""website"":""serenaraga.fit""}",manual,flat,0,,,,1.0,0,True,2026-06-06T10:28:10.916974+00:00,True,SRAGA-E6R7V2,,True,,Batch: Voucher Penukaran (6 Jun 2026 - Z8R),,owner,global,,
07c5655f-7027-4e93-afc9-467af9c3b864,Voucher Penukaran,"{""tagline"":"""",""terms1"":""Berlaku untuk layanan Home Service Massage di wilayah Yogyakarta (free transport max 10km)."",""terms2"":""Wajib melakukan reservasi maksimal H-1 sebelum kedatangan."",""terms3"":""Voucher tidak dapat diuangkan atau digabungkan dengan promo lainnya."",""voucher_type"":""event"",""event_item"":""Merchandise"",""qr_url"":""https://instagram.com/serena.raga"",""instagram"":""@serena.raga"",""tiktok"":""@serena.raga"",""whatsapp"":""0895-1835-9037"",""website"":""serenaraga.fit""}",manual,flat,0,,,,1.0,0,True,2026-06-06T10:28:10.916974+00:00,True,SRAGA-R9Q9B2,,True,,Batch: Voucher Penukaran (6 Jun 2026 - Z8R),,owner,global,,
39fc6e77-2d0c-48a4-a0cc-c59b6db5b124,Voucher Penukaran,"{""tagline"":"""",""terms1"":""Berlaku untuk layanan Home Service Massage di wilayah Yogyakarta (free transport max 10km)."",""terms2"":""Wajib melakukan reservasi maksimal H-1 sebelum kedatangan."",""terms3"":""Voucher tidak dapat diuangkan atau digabungkan dengan promo lainnya."",""voucher_type"":""event"",""event_item"":""Merchandise"",""qr_url"":""https://instagram.com/serena.raga"",""instagram"":""@serena.raga"",""tiktok"":""@serena.raga"",""whatsapp"":""0895-1835-9037"",""website"":""serenaraga.fit""}",manual,flat,0,,,,1.0,0,True,2026-06-06T10:28:10.916974+00:00,True,SRAGA-M7R3B7,,True,,Batch: Voucher Penukaran (6 Jun 2026 - Z8R),,owner,global,,
d91c3bbd-ae35-4254-ae5f-ae0bcb5f2746,Voucher Penukaran,"{""tagline"":"""",""terms1"":""Berlaku untuk layanan Home Service Massage di wilayah Yogyakarta (free transport max 10km)."",""terms2"":""Wajib melakukan reservasi maksimal H-1 sebelum kedatangan."",""terms3"":""Voucher tidak dapat diuangkan atau digabungkan dengan promo lainnya."",""voucher_type"":""event"",""event_item"":""Merchandise"",""qr_url"":""https://instagram.com/serena.raga"",""instagram"":""@serena.raga"",""tiktok"":""@serena.raga"",""whatsapp"":""0895-1835-9037"",""website"":""serenaraga.fit""}",manual,flat,0,,,,1.0,0,True,2026-06-06T10:28:10.916974+00:00,True,SRAGA-T6S3X5,,True,,Batch: Voucher Penukaran (6 Jun 2026 - Z8R),,owner,global,,
6d65ec0d-1e78-4b0d-8c4b-48e185347407,Voucher Penukaran,"{""tagline"":"""",""terms1"":""Berlaku untuk layanan Home Service Massage di wilayah Yogyakarta (free transport max 10km)."",""terms2"":""Wajib melakukan reservasi maksimal H-1 sebelum kedatangan."",""terms3"":""Voucher tidak dapat diuangkan atau digabungkan dengan promo lainnya."",""voucher_type"":""event"",""event_item"":""Merchandise"",""qr_url"":""https://instagram.com/serena.raga"",""instagram"":""@serena.raga"",""tiktok"":""@serena.raga"",""whatsapp"":""0895-1835-9037"",""website"":""serenaraga.fit""}",manual,flat,0,,,,1.0,0,True,2026-06-06T10:28:10.916974+00:00,True,SRAGA-Q9S6J6,,True,,Batch: Voucher Penukaran (6 Jun 2026 - Z8R),,owner,global,,
1a6dd71d-49ed-445a-b12f-09132dcd67fc,Voucher Penukaran,"{""tagline"":"""",""terms1"":""Berlaku untuk layanan Home Service Massage di wilayah Yogyakarta (free transport max 10km)."",""terms2"":""Wajib melakukan reservasi maksimal H-1 sebelum kedatangan."",""terms3"":""Voucher tidak dapat diuangkan atau digabungkan dengan promo lainnya."",""voucher_type"":""event"",""event_item"":""Merchandise"",""qr_url"":""https://instagram.com/serena.raga"",""instagram"":""@serena.raga"",""tiktok"":""@serena.raga"",""whatsapp"":""0895-1835-9037"",""website"":""serenaraga.fit""}",manual,flat,0,,,,1.0,0,True,2026-06-06T10:28:10.916974+00:00,True,SRAGA-M7J7J2,,True,,Batch: Voucher Penukaran (6 Jun 2026 - Z8R),,owner,global,,
e73b69c3-abb2-4b21-a0d8-762db2b876d3,Voucher Penukaran,"{""tagline"":"""",""terms1"":""Berlaku untuk layanan Home Service Massage di wilayah Yogyakarta (free transport max 10km)."",""terms2"":""Wajib melakukan reservasi maksimal H-1 sebelum kedatangan."",""terms3"":""Voucher tidak dapat diuangkan atau digabungkan dengan promo lainnya."",""voucher_type"":""event"",""event_item"":""Merchandise"",""qr_url"":""https://instagram.com/serena.raga"",""instagram"":""@serena.raga"",""tiktok"":""@serena.raga"",""whatsapp"":""0895-1835-9037"",""website"":""serenaraga.fit""}",manual,flat,0,,,,1.0,0,True,2026-06-06T10:28:10.916974+00:00,True,SRAGA-F9W9Y9,,True,,Batch: Voucher Penukaran (6 Jun 2026 - Z8R),,owner,global,,
f1d3ea64-17a4-4ba9-9c46-68bfc1424488,Voucher Penukaran,"{""tagline"":"""",""terms1"":""Berlaku untuk layanan Home Service Massage di wilayah Yogyakarta (free transport max 10km)."",""terms2"":""Wajib melakukan reservasi maksimal H-1 sebelum kedatangan."",""terms3"":""Voucher tidak dapat diuangkan atau digabungkan dengan promo lainnya."",""voucher_type"":""event"",""event_item"":""Merchandise"",""qr_url"":""https://instagram.com/serena.raga"",""instagram"":""@serena.raga"",""tiktok"":""@serena.raga"",""whatsapp"":""0895-1835-9037"",""website"":""serenaraga.fit""}",manual,flat,0,,,,1.0,0,True,2026-06-06T10:28:10.916974+00:00,True,SRAGA-A5C7D9,,True,,Batch: Voucher Penukaran (6 Jun 2026 - Z8R),,owner,global,,
d7aa4363-8cbb-4967-8109-9160dce44b0a,Voucher Penukaran,"{""tagline"":"""",""terms1"":""Berlaku untuk layanan Home Service Massage di wilayah Yogyakarta (free transport max 10km)."",""terms2"":""Wajib melakukan reservasi maksimal H-1 sebelum kedatangan."",""terms3"":""Voucher tidak dapat diuangkan atau digabungkan dengan promo lainnya."",""voucher_type"":""event"",""event_item"":""Merchandise"",""qr_url"":""https://instagram.com/serena.raga"",""instagram"":""@serena.raga"",""tiktok"":""@serena.raga"",""whatsapp"":""0895-1835-9037"",""website"":""serenaraga.fit""}",manual,flat,0,,,,1.0,0,True,2026-06-06T10:28:10.916974+00:00,True,SRAGA-D6A5P8,,True,,Batch: Voucher Penukaran (6 Jun 2026 - Z8R),,owner,global,,
5104aef5-98b8-417a-a044-aee7a3dc3ba0,Voucher Penukaran,"{""tagline"":"""",""terms1"":""Berlaku untuk layanan Home Service Massage di wilayah Yogyakarta (free transport max 10km)."",""terms2"":""Wajib melakukan reservasi maksimal H-1 sebelum kedatangan."",""terms3"":""Voucher tidak dapat diuangkan atau digabungkan dengan promo lainnya."",""voucher_type"":""event"",""event_item"":""Merchandise"",""qr_url"":""https://instagram.com/serena.raga"",""instagram"":""@serena.raga"",""tiktok"":""@serena.raga"",""whatsapp"":""0895-1835-9037"",""website"":""serenaraga.fit""}",manual,flat,0,,,,1.0,0,True,2026-06-06T10:28:10.916974+00:00,True,SRAGA-F7S8K9,,True,,Batch: Voucher Penukaran (6 Jun 2026 - Z8R),,owner,global,,
77f16694-79f4-4a58-9f38-d6f5a01fc652,Voucher Penukaran,"{""tagline"":"""",""terms1"":""Berlaku untuk layanan Home Service Massage di wilayah Yogyakarta (free transport max 10km)."",""terms2"":""Wajib melakukan reservasi maksimal H-1 sebelum kedatangan."",""terms3"":""Voucher tidak dapat diuangkan atau digabungkan dengan promo lainnya."",""voucher_type"":""event"",""event_item"":""Merchandise"",""qr_url"":""https://instagram.com/serena.raga"",""instagram"":""@serena.raga"",""tiktok"":""@serena.raga"",""whatsapp"":""0895-1835-9037"",""website"":""serenaraga.fit""}",manual,flat,0,,,,1.0,0,True,2026-06-06T10:28:10.916974+00:00,True,SRAGA-C9B9A4,,True,,Batch: Voucher Penukaran (6 Jun 2026 - Z8R),,owner,global,,
38ee3e5c-c6c5-4f90-8318-1b71597b7487,Voucher Penukaran,"{""tagline"":"""",""terms1"":""Berlaku untuk layanan Home Service Massage di wilayah Yogyakarta (free transport max 10km)."",""terms2"":""Wajib melakukan reservasi maksimal H-1 sebelum kedatangan."",""terms3"":""Voucher tidak dapat diuangkan atau digabungkan dengan promo lainnya."",""voucher_type"":""event"",""event_item"":""Merchandise"",""qr_url"":""https://instagram.com/serena.raga"",""instagram"":""@serena.raga"",""tiktok"":""@serena.raga"",""whatsapp"":""0895-1835-9037"",""website"":""serenaraga.fit""}",manual,flat,0,,,,1.0,0,True,2026-06-06T10:28:10.916974+00:00,True,SRAGA-R9G5D3,,True,,Batch: Voucher Penukaran (6 Jun 2026 - Z8R),,owner,global,,
f1588004-6e8a-4c2a-b6ea-3e9182864137,Voucher Penukaran,"{""tagline"":"""",""terms1"":""Berlaku untuk layanan Home Service Massage di wilayah Yogyakarta (free transport max 10km)."",""terms2"":""Wajib melakukan reservasi maksimal H-1 sebelum kedatangan."",""terms3"":""Voucher tidak dapat diuangkan atau digabungkan dengan promo lainnya."",""voucher_type"":""event"",""event_item"":""Merchandise"",""qr_url"":""https://instagram.com/serena.raga"",""instagram"":""@serena.raga"",""tiktok"":""@serena.raga"",""whatsapp"":""0895-1835-9037"",""website"":""serenaraga.fit""}",manual,flat,0,,,,1.0,0,True,2026-06-06T10:28:10.916974+00:00,True,SRAGA-L9Q3E9,,True,,Batch: Voucher Penukaran (6 Jun 2026 - Z8R),,owner,global,,
45b22758-9923-4789-a21f-61b727ec27be,Voucher Penukaran,"{""tagline"":"""",""terms1"":""Berlaku untuk layanan Home Service Massage di wilayah Yogyakarta (free transport max 10km)."",""terms2"":""Wajib melakukan reservasi maksimal H-1 sebelum kedatangan."",""terms3"":""Voucher tidak dapat diuangkan atau digabungkan dengan promo lainnya."",""voucher_type"":""event"",""event_item"":""Merchandise"",""qr_url"":""https://instagram.com/serena.raga"",""instagram"":""@serena.raga"",""tiktok"":""@serena.raga"",""whatsapp"":""0895-1835-9037"",""website"":""serenaraga.fit""}",manual,flat,0,,,,1.0,0,True,2026-06-06T10:28:10.916974+00:00,True,SRAGA-J4S5L5,,True,,Batch: Voucher Penukaran (6 Jun 2026 - Z8R),,owner,global,,
6dcf68fe-a92a-46b9-adc9-0a9ec382ef6f,Voucher Penukaran,"{""tagline"":"""",""terms1"":""Berlaku untuk layanan Home Service Massage di wilayah Yogyakarta (free transport max 10km)."",""terms2"":""Wajib melakukan reservasi maksimal H-1 sebelum kedatangan."",""terms3"":""Voucher tidak dapat diuangkan atau digabungkan dengan promo lainnya."",""voucher_type"":""event"",""event_item"":""Merchandise"",""qr_url"":""https://instagram.com/serena.raga"",""instagram"":""@serena.raga"",""tiktok"":""@serena.raga"",""whatsapp"":""0895-1835-9037"",""website"":""serenaraga.fit""}",manual,flat,0,,,,1.0,0,True,2026-06-06T10:28:10.916974+00:00,True,SRAGA-R5Y7V3,,True,,Batch: Voucher Penukaran (6 Jun 2026 - Z8R),,owner,global,,
b7a77446-d96f-4802-a7f2-6580cbb43889,Voucher Penukaran,"{""tagline"":"""",""terms1"":""Berlaku untuk layanan Home Service Massage di wilayah Yogyakarta (free transport max 10km)."",""terms2"":""Wajib melakukan reservasi maksimal H-1 sebelum kedatangan."",""terms3"":""Voucher tidak dapat diuangkan atau digabungkan dengan promo lainnya."",""voucher_type"":""event"",""event_item"":""Merchandise"",""qr_url"":""https://instagram.com/serena.raga"",""instagram"":""@serena.raga"",""tiktok"":""@serena.raga"",""whatsapp"":""0895-1835-9037"",""website"":""serenaraga.fit""}",manual,flat,0,,,,1.0,0,True,2026-06-06T10:28:10.916974+00:00,True,SRAGA-J8X6M9,,True,,Batch: Voucher Penukaran (6 Jun 2026 - Z8R),,owner,global,,
bd59d658-c552-485e-aec4-259f208dce7a,Voucher Penukaran,"{""tagline"":"""",""terms1"":""Berlaku untuk layanan Home Service Massage di wilayah Yogyakarta (free transport max 10km)."",""terms2"":""Wajib melakukan reservasi maksimal H-1 sebelum kedatangan."",""terms3"":""Voucher tidak dapat diuangkan atau digabungkan dengan promo lainnya."",""voucher_type"":""event"",""event_item"":""Merchandise"",""qr_url"":""https://instagram.com/serena.raga"",""instagram"":""@serena.raga"",""tiktok"":""@serena.raga"",""whatsapp"":""0895-1835-9037"",""website"":""serenaraga.fit""}",manual,flat,0,,,,1.0,0,True,2026-06-06T10:28:10.916974+00:00,True,SRAGA-G5T8G5,,True,,Batch: Voucher Penukaran (6 Jun 2026 - Z8R),,owner,global,,
f4e0cfca-443f-40ad-acef-300ad5d6957c,Voucher Penukaran,"{""tagline"":"""",""terms1"":""Berlaku untuk layanan Home Service Massage di wilayah Yogyakarta (free transport max 10km)."",""terms2"":""Wajib melakukan reservasi maksimal H-1 sebelum kedatangan."",""terms3"":""Voucher tidak dapat diuangkan atau digabungkan dengan promo lainnya."",""voucher_type"":""event"",""event_item"":""Merchandise"",""qr_url"":""https://instagram.com/serena.raga"",""instagram"":""@serena.raga"",""tiktok"":""@serena.raga"",""whatsapp"":""0895-1835-9037"",""website"":""serenaraga.fit""}",manual,flat,0,,,,1.0,0,True,2026-06-06T10:28:10.916974+00:00,True,SRAGA-V2H8Y3,,True,,Batch: Voucher Penukaran (6 Jun 2026 - Z8R),,owner,global,,
4c3029e0-b3bf-40c6-8128-ebecc029c6b1,Voucher Penukaran,"{""tagline"":"""",""terms1"":""Berlaku untuk layanan Home Service Massage di wilayah Yogyakarta (free transport max 10km)."",""terms2"":""Wajib melakukan reservasi maksimal H-1 sebelum kedatangan."",""terms3"":""Voucher tidak dapat diuangkan atau digabungkan dengan promo lainnya."",""voucher_type"":""event"",""event_item"":""Merchandise"",""qr_url"":""https://instagram.com/serena.raga"",""instagram"":""@serena.raga"",""tiktok"":""@serena.raga"",""whatsapp"":""0895-1835-9037"",""website"":""serenaraga.fit""}",manual,flat,0,,,,1.0,0,True,2026-06-06T10:28:10.916974+00:00,True,SRAGA-C2E5E7,,True,,Batch: Voucher Penukaran (6 Jun 2026 - Z8R),,owner,global,,
63a0ccd9-0404-4ead-a07f-bf6b9fea80ec,Voucher Penukaran,"{""tagline"":"""",""terms1"":""Berlaku untuk layanan Home Service Massage di wilayah Yogyakarta (free transport max 10km)."",""terms2"":""Wajib melakukan reservasi maksimal H-1 sebelum kedatangan."",""terms3"":""Voucher tidak dapat diuangkan atau digabungkan dengan promo lainnya."",""voucher_type"":""event"",""event_item"":""Merchandise"",""qr_url"":""https://instagram.com/serena.raga"",""instagram"":""@serena.raga"",""tiktok"":""@serena.raga"",""whatsapp"":""0895-1835-9037"",""website"":""serenaraga.fit""}",manual,flat,0,,,,1.0,0,True,2026-06-06T10:28:10.916974+00:00,True,SRAGA-Q5P5R4,,True,,Batch: Voucher Penukaran (6 Jun 2026 - Z8R),,owner,global,,
8c8a752f-afae-44d2-839c-acff0a5c9bd3,Voucher Penukaran,"{""tagline"":"""",""terms1"":""Berlaku untuk layanan Home Service Massage di wilayah Yogyakarta (free transport max 10km)."",""terms2"":""Wajib melakukan reservasi maksimal H-1 sebelum kedatangan."",""terms3"":""Voucher tidak dapat diuangkan atau digabungkan dengan promo lainnya."",""voucher_type"":""event"",""event_item"":""Merchandise"",""qr_url"":""https://instagram.com/serena.raga"",""instagram"":""@serena.raga"",""tiktok"":""@serena.raga"",""whatsapp"":""0895-1835-9037"",""website"":""serenaraga.fit""}",manual,flat,0,,,,1.0,0,True,2026-06-06T10:28:10.916974+00:00,True,SRAGA-Z9V2H2,,True,,Batch: Voucher Penukaran (6 Jun 2026 - Z8R),,owner,global,,
bab2117c-2c02-436e-9388-9d82137d99ec,Voucher Penukaran,"{""tagline"":"""",""terms1"":""Berlaku untuk layanan Home Service Massage di wilayah Yogyakarta (free transport max 10km)."",""terms2"":""Wajib melakukan reservasi maksimal H-1 sebelum kedatangan."",""terms3"":""Voucher tidak dapat diuangkan atau digabungkan dengan promo lainnya."",""voucher_type"":""event"",""event_item"":""Merchandise"",""qr_url"":""https://instagram.com/serena.raga"",""instagram"":""@serena.raga"",""tiktok"":""@serena.raga"",""whatsapp"":""0895-1835-9037"",""website"":""serenaraga.fit""}",manual,flat,0,,,,1.0,0,True,2026-06-06T10:28:10.916974+00:00,True,SRAGA-K5M6K8,,True,,Batch: Voucher Penukaran (6 Jun 2026 - Z8R),,owner,global,,
ab5cfb67-6950-4a44-8c6a-cf855691a89b,Voucher Penukaran,"{""tagline"":"""",""terms1"":""Berlaku untuk layanan Home Service Massage di wilayah Yogyakarta (free transport max 10km)."",""terms2"":""Wajib melakukan reservasi maksimal H-1 sebelum kedatangan."",""terms3"":""Voucher tidak dapat diuangkan atau digabungkan dengan promo lainnya."",""voucher_type"":""event"",""event_item"":""Merchandise"",""qr_url"":""https://instagram.com/serena.raga"",""instagram"":""@serena.raga"",""tiktok"":""@serena.raga"",""whatsapp"":""0895-1835-9037"",""website"":""serenaraga.fit""}",manual,flat,0,,,,1.0,0,True,2026-06-06T10:28:10.916974+00:00,True,SRAGA-P5K2S6,,True,,Batch: Voucher Penukaran (6 Jun 2026 - Z8R),,owner,global,,
78c6fa47-5e06-406b-8d55-4c7bee4b9e60,Voucher Penukaran,"{""tagline"":"""",""terms1"":""Berlaku untuk layanan Home Service Massage di wilayah Yogyakarta (free transport max 10km)."",""terms2"":""Wajib melakukan reservasi maksimal H-1 sebelum kedatangan."",""terms3"":""Voucher tidak dapat diuangkan atau digabungkan dengan promo lainnya."",""voucher_type"":""event"",""event_item"":""Merchandise"",""qr_url"":""https://instagram.com/serena.raga"",""instagram"":""@serena.raga"",""tiktok"":""@serena.raga"",""whatsapp"":""0895-1835-9037"",""website"":""serenaraga.fit""}",manual,flat,0,,,,1.0,0,True,2026-06-06T10:28:10.916974+00:00,True,SRAGA-M9U5V3,,True,,Batch: Voucher Penukaran (6 Jun 2026 - Z8R),,owner,global,,
458c73a4-2b24-46f3-a0e2-9fcb5617e1a2,Voucher Penukaran,"{""tagline"":"""",""terms1"":""Berlaku untuk layanan Home Service Massage di wilayah Yogyakarta (free transport max 10km)."",""terms2"":""Wajib melakukan reservasi maksimal H-1 sebelum kedatangan."",""terms3"":""Voucher tidak dapat diuangkan atau digabungkan dengan promo lainnya."",""voucher_type"":""event"",""event_item"":""Merchandise"",""qr_url"":""https://instagram.com/serena.raga"",""instagram"":""@serena.raga"",""tiktok"":""@serena.raga"",""whatsapp"":""0895-1835-9037"",""website"":""serenaraga.fit""}",manual,flat,0,,,,1.0,0,True,2026-06-06T10:28:10.916974+00:00,True,SRAGA-Y5L7X6,,True,,Batch: Voucher Penukaran (6 Jun 2026 - Z8R),,owner,global,,
29f45863-2239-4021-a84e-1157a1a2a132,Voucher Penukaran,"{""tagline"":"""",""terms1"":""Berlaku untuk layanan Home Service Massage di wilayah Yogyakarta (free transport max 10km)."",""terms2"":""Wajib melakukan reservasi maksimal H-1 sebelum kedatangan."",""terms3"":""Voucher tidak dapat diuangkan atau digabungkan dengan promo lainnya."",""voucher_type"":""event"",""event_item"":""Merchandise"",""qr_url"":""https://instagram.com/serena.raga"",""instagram"":""@serena.raga"",""tiktok"":""@serena.raga"",""whatsapp"":""0895-1835-9037"",""website"":""serenaraga.fit""}",manual,flat,0,,,,1.0,0,True,2026-06-06T10:28:10.916974+00:00,True,SRAGA-Y9K5Z8,,True,,Batch: Voucher Penukaran (6 Jun 2026 - Z8R),,owner,global,,
5198b931-bce4-4d45-b4ba-534dcb578214,Voucher Penukaran,"{""tagline"":"""",""terms1"":""Berlaku untuk layanan Home Service Massage di wilayah Yogyakarta (free transport max 10km)."",""terms2"":""Wajib melakukan reservasi maksimal H-1 sebelum kedatangan."",""terms3"":""Voucher tidak dapat diuangkan atau digabungkan dengan promo lainnya."",""voucher_type"":""event"",""event_item"":""Merchandise"",""qr_url"":""https://instagram.com/serena.raga"",""instagram"":""@serena.raga"",""tiktok"":""@serena.raga"",""whatsapp"":""0895-1835-9037"",""website"":""serenaraga.fit""}",manual,flat,0,,,,1.0,0,True,2026-06-06T10:28:10.916974+00:00,True,SRAGA-M7U3L8,,True,,Batch: Voucher Penukaran (6 Jun 2026 - Z8R),,owner,global,,
bd4f1501-3a60-4f4d-a2db-85b398232328,Voucher Penukaran,"{""tagline"":"""",""terms1"":""Berlaku untuk layanan Home Service Massage di wilayah Yogyakarta (free transport max 10km)."",""terms2"":""Wajib melakukan reservasi maksimal H-1 sebelum kedatangan."",""terms3"":""Voucher tidak dapat diuangkan atau digabungkan dengan promo lainnya."",""voucher_type"":""event"",""event_item"":""Merchandise"",""qr_url"":""https://instagram.com/serena.raga"",""instagram"":""@serena.raga"",""tiktok"":""@serena.raga"",""whatsapp"":""0895-1835-9037"",""website"":""serenaraga.fit""}",manual,flat,0,,,,1.0,0,True,2026-06-06T10:28:10.916974+00:00,True,SRAGA-K8B7R4,,True,,Batch: Voucher Penukaran (6 Jun 2026 - Z8R),,owner,global,,
849535f3-f0d8-447b-aaa5-aa9cc728b279,Voucher Penukaran,"{""tagline"":"""",""terms1"":""Berlaku untuk layanan Home Service Massage di wilayah Yogyakarta (free transport max 10km)."",""terms2"":""Wajib melakukan reservasi maksimal H-1 sebelum kedatangan."",""terms3"":""Voucher tidak dapat diuangkan atau digabungkan dengan promo lainnya."",""voucher_type"":""event"",""event_item"":""Merchandise"",""qr_url"":""https://instagram.com/serena.raga"",""instagram"":""@serena.raga"",""tiktok"":""@serena.raga"",""whatsapp"":""0895-1835-9037"",""website"":""serenaraga.fit""}",manual,flat,0,,,,1.0,0,True,2026-06-06T10:28:10.916974+00:00,True,SRAGA-F4U8U5,,True,,Batch: Voucher Penukaran (6 Jun 2026 - Z8R),,owner,global,,
8fa6990a-4772-42f2-b95a-301db0368a4d,Voucher Penukaran,"{""tagline"":"""",""terms1"":""Berlaku untuk layanan Home Service Massage di wilayah Yogyakarta (free transport max 10km)."",""terms2"":""Wajib melakukan reservasi maksimal H-1 sebelum kedatangan."",""terms3"":""Voucher tidak dapat diuangkan atau digabungkan dengan promo lainnya."",""voucher_type"":""event"",""event_item"":""Merchandise"",""qr_url"":""https://instagram.com/serena.raga"",""instagram"":""@serena.raga"",""tiktok"":""@serena.raga"",""whatsapp"":""0895-1835-9037"",""website"":""serenaraga.fit""}",manual,flat,0,,,,1.0,0,True,2026-06-06T10:28:10.916974+00:00,True,SRAGA-K5F7G8,,True,,Batch: Voucher Penukaran (6 Jun 2026 - Z8R),,owner,global,,
33033381-a454-4296-99f0-2ec7a619f199,Voucher Penukaran,"{""tagline"":"""",""terms1"":""Berlaku untuk layanan Home Service Massage di wilayah Yogyakarta (free transport max 10km)."",""terms2"":""Wajib melakukan reservasi maksimal H-1 sebelum kedatangan."",""terms3"":""Voucher tidak dapat diuangkan atau digabungkan dengan promo lainnya."",""voucher_type"":""event"",""event_item"":""Merchandise"",""qr_url"":""https://instagram.com/serena.raga"",""instagram"":""@serena.raga"",""tiktok"":""@serena.raga"",""whatsapp"":""0895-1835-9037"",""website"":""serenaraga.fit""}",manual,flat,0,,,,1.0,0,True,2026-06-06T10:28:10.916974+00:00,True,SRAGA-S9E5F7,,True,,Batch: Voucher Penukaran (6 Jun 2026 - Z8R),,owner,global,,
2b796f23-529f-47b1-b50b-84e6ef419f5a,Voucher Penukaran,"{""tagline"":"""",""terms1"":""Berlaku untuk layanan Home Service Massage di wilayah Yogyakarta (free transport max 10km)."",""terms2"":""Wajib melakukan reservasi maksimal H-1 sebelum kedatangan."",""terms3"":""Voucher tidak dapat diuangkan atau digabungkan dengan promo lainnya."",""voucher_type"":""event"",""event_item"":""Merchandise"",""qr_url"":""https://instagram.com/serena.raga"",""instagram"":""@serena.raga"",""tiktok"":""@serena.raga"",""whatsapp"":""0895-1835-9037"",""website"":""serenaraga.fit""}",manual,flat,0,,,,1.0,0,True,2026-06-06T10:28:10.916974+00:00,True,SRAGA-A3V9S6,,True,,Batch: Voucher Penukaran (6 Jun 2026 - Z8R),,owner,global,,
fdb59ff9-68eb-4a1f-9035-4f9b71a055fd,Voucher Penukaran,"{""tagline"":"""",""terms1"":""Berlaku untuk layanan Home Service Massage di wilayah Yogyakarta (free transport max 10km)."",""terms2"":""Wajib melakukan reservasi maksimal H-1 sebelum kedatangan."",""terms3"":""Voucher tidak dapat diuangkan atau digabungkan dengan promo lainnya."",""voucher_type"":""event"",""event_item"":""Merchandise"",""qr_url"":""https://instagram.com/serena.raga"",""instagram"":""@serena.raga"",""tiktok"":""@serena.raga"",""whatsapp"":""0895-1835-9037"",""website"":""serenaraga.fit""}",manual,flat,0,,,,1.0,0,True,2026-06-06T10:28:10.916974+00:00,True,SRAGA-R7E2K8,,True,,Batch: Voucher Penukaran (6 Jun 2026 - Z8R),,owner,global,,
36b1f532-76f8-4d1e-942b-4bd1c07438df,Voucher Penukaran,"{""tagline"":"""",""terms1"":""Berlaku untuk layanan Home Service Massage di wilayah Yogyakarta (free transport max 10km)."",""terms2"":""Wajib melakukan reservasi maksimal H-1 sebelum kedatangan."",""terms3"":""Voucher tidak dapat diuangkan atau digabungkan dengan promo lainnya."",""voucher_type"":""event"",""event_item"":""Merchandise"",""qr_url"":""https://instagram.com/serena.raga"",""instagram"":""@serena.raga"",""tiktok"":""@serena.raga"",""whatsapp"":""0895-1835-9037"",""website"":""serenaraga.fit""}",manual,flat,0,,,,1.0,0,True,2026-06-06T10:28:10.916974+00:00,True,SRAGA-F8Y6N5,,True,,Batch: Voucher Penukaran (6 Jun 2026 - Z8R),,owner,global,,
8c2962ba-dde3-48c6-a06f-f5bce9a9e693,Voucher Penukaran,"{""tagline"":"""",""terms1"":""Berlaku untuk layanan Home Service Massage di wilayah Yogyakarta (free transport max 10km)."",""terms2"":""Wajib melakukan reservasi maksimal H-1 sebelum kedatangan."",""terms3"":""Voucher tidak dapat diuangkan atau digabungkan dengan promo lainnya."",""voucher_type"":""event"",""event_item"":""Merchandise"",""qr_url"":""https://instagram.com/serena.raga"",""instagram"":""@serena.raga"",""tiktok"":""@serena.raga"",""whatsapp"":""0895-1835-9037"",""website"":""serenaraga.fit""}",manual,flat,0,,,,1.0,0,True,2026-06-06T10:28:10.916974+00:00,True,SRAGA-T4U2L7,,True,,Batch: Voucher Penukaran (6 Jun 2026 - Z8R),,owner,global,,
e81dbca0-590a-4217-88e9-f791c84394a0,Voucher Penukaran,"{""tagline"":"""",""terms1"":""Berlaku untuk layanan Home Service Massage di wilayah Yogyakarta (free transport max 10km)."",""terms2"":""Wajib melakukan reservasi maksimal H-1 sebelum kedatangan."",""terms3"":""Voucher tidak dapat diuangkan atau digabungkan dengan promo lainnya."",""voucher_type"":""event"",""event_item"":""Merchandise"",""qr_url"":""https://instagram.com/serena.raga"",""instagram"":""@serena.raga"",""tiktok"":""@serena.raga"",""whatsapp"":""0895-1835-9037"",""website"":""serenaraga.fit""}",manual,flat,0,,,,1.0,0,True,2026-06-06T10:28:10.916974+00:00,True,SRAGA-T5K8G7,,True,,Batch: Voucher Penukaran (6 Jun 2026 - Z8R),,owner,global,,
3559d4f5-f76c-446a-8657-29422854283d,Voucher Penukaran,"{""tagline"":"""",""terms1"":""Berlaku untuk layanan Home Service Massage di wilayah Yogyakarta (free transport max 10km)."",""terms2"":""Wajib melakukan reservasi maksimal H-1 sebelum kedatangan."",""terms3"":""Voucher tidak dapat diuangkan atau digabungkan dengan promo lainnya."",""voucher_type"":""event"",""event_item"":""Merchandise"",""qr_url"":""https://instagram.com/serena.raga"",""instagram"":""@serena.raga"",""tiktok"":""@serena.raga"",""whatsapp"":""0895-1835-9037"",""website"":""serenaraga.fit""}",manual,flat,0,,,,1.0,0,True,2026-06-06T10:28:10.916974+00:00,True,SRAGA-Z4G6Q9,,True,,Batch: Voucher Penukaran (6 Jun 2026 - Z8R),,owner,global,,
d01675e7-08ef-4f8e-b165-3c0d275b3d92,Voucher Penukaran,"{""tagline"":"""",""terms1"":""Berlaku untuk layanan Home Service Massage di wilayah Yogyakarta (free transport max 10km)."",""terms2"":""Wajib melakukan reservasi maksimal H-1 sebelum kedatangan."",""terms3"":""Voucher tidak dapat diuangkan atau digabungkan dengan promo lainnya."",""voucher_type"":""event"",""event_item"":""Merchandise"",""qr_url"":""https://instagram.com/serena.raga"",""instagram"":""@serena.raga"",""tiktok"":""@serena.raga"",""whatsapp"":""0895-1835-9037"",""website"":""serenaraga.fit""}",manual,flat,0,,,,1.0,0,True,2026-06-06T10:28:10.916974+00:00,True,SRAGA-T4M9A5,,True,,Batch: Voucher Penukaran (6 Jun 2026 - Z8R),,owner,global,,
a8ea904a-2b0e-40ff-b2bc-5607e249e10a,Voucher Penukaran,"{""tagline"":"""",""terms1"":""Berlaku untuk layanan Home Service Massage di wilayah Yogyakarta (free transport max 10km)."",""terms2"":""Wajib melakukan reservasi maksimal H-1 sebelum kedatangan."",""terms3"":""Voucher tidak dapat diuangkan atau digabungkan dengan promo lainnya."",""voucher_type"":""event"",""event_item"":""Merchandise"",""qr_url"":""https://instagram.com/serena.raga"",""instagram"":""@serena.raga"",""tiktok"":""@serena.raga"",""whatsapp"":""0895-1835-9037"",""website"":""serenaraga.fit""}",manual,flat,0,,,,1.0,0,True,2026-06-06T10:28:10.916974+00:00,True,SRAGA-Q8H9N5,,True,,Batch: Voucher Penukaran (6 Jun 2026 - Z8R),,owner,global,,
1854a704-f3a3-48d9-88e4-32820b1f6440,Voucher Penukaran,"{""tagline"":"""",""terms1"":""Berlaku untuk layanan Home Service Massage di wilayah Yogyakarta (free transport max 10km)."",""terms2"":""Wajib melakukan reservasi maksimal H-1 sebelum kedatangan."",""terms3"":""Voucher tidak dapat diuangkan atau digabungkan dengan promo lainnya."",""voucher_type"":""event"",""event_item"":""Merchandise"",""qr_url"":""https://instagram.com/serena.raga"",""instagram"":""@serena.raga"",""tiktok"":""@serena.raga"",""whatsapp"":""0895-1835-9037"",""website"":""serenaraga.fit""}",manual,flat,0,,,,1.0,0,True,2026-06-06T10:28:10.916974+00:00,True,SRAGA-A8V9C6,,True,,Batch: Voucher Penukaran (6 Jun 2026 - Z8R),,owner,global,,
aa7dadcb-6590-4ff3-9460-233194f925d5,Voucher Penukaran,"{""tagline"":"""",""terms1"":""Berlaku untuk layanan Home Service Massage di wilayah Yogyakarta (free transport max 10km)."",""terms2"":""Wajib melakukan reservasi maksimal H-1 sebelum kedatangan."",""terms3"":""Voucher tidak dapat diuangkan atau digabungkan dengan promo lainnya."",""voucher_type"":""event"",""event_item"":""Merchandise"",""qr_url"":""https://instagram.com/serena.raga"",""instagram"":""@serena.raga"",""tiktok"":""@serena.raga"",""whatsapp"":""0895-1835-9037"",""website"":""serenaraga.fit""}",manual,flat,0,,,,1.0,0,True,2026-06-06T10:28:10.916974+00:00,True,SRAGA-G8E2A9,,True,,Batch: Voucher Penukaran (6 Jun 2026 - Z8R),,owner,global,,
a2867cf4-374e-474c-9c8a-05b160e0595b,Voucher Penukaran,"{""tagline"":"""",""terms1"":""Berlaku untuk layanan Home Service Massage di wilayah Yogyakarta (free transport max 10km)."",""terms2"":""Wajib melakukan reservasi maksimal H-1 sebelum kedatangan."",""terms3"":""Voucher tidak dapat diuangkan atau digabungkan dengan promo lainnya."",""voucher_type"":""event"",""event_item"":""Merchandise"",""qr_url"":""https://instagram.com/serena.raga"",""instagram"":""@serena.raga"",""tiktok"":""@serena.raga"",""whatsapp"":""0895-1835-9037"",""website"":""serenaraga.fit""}",manual,flat,0,,,,1.0,0,True,2026-06-06T10:28:10.916974+00:00,True,SRAGA-E4L2V6,,True,,Batch: Voucher Penukaran (6 Jun 2026 - Z8R),,owner,global,,
a092680e-ea8b-4635-9eb8-0ae270165490,Voucher Penukaran,"{""tagline"":"""",""terms1"":""Berlaku untuk layanan Home Service Massage di wilayah Yogyakarta (free transport max 10km)."",""terms2"":""Wajib melakukan reservasi maksimal H-1 sebelum kedatangan."",""terms3"":""Voucher tidak dapat diuangkan atau digabungkan dengan promo lainnya."",""voucher_type"":""event"",""event_item"":""Merchandise"",""qr_url"":""https://instagram.com/serena.raga"",""instagram"":""@serena.raga"",""tiktok"":""@serena.raga"",""whatsapp"":""0895-1835-9037"",""website"":""serenaraga.fit""}",manual,flat,0,,,,1.0,0,True,2026-06-06T10:28:10.916974+00:00,True,SRAGA-A9P2V2,,True,,Batch: Voucher Penukaran (6 Jun 2026 - Z8R),,owner,global,,
e90045ce-d492-4f16-90cb-03797bc834d5,Voucher Penukaran,"{""tagline"":"""",""terms1"":""Berlaku untuk layanan Home Service Massage di wilayah Yogyakarta (free transport max 10km)."",""terms2"":""Wajib melakukan reservasi maksimal H-1 sebelum kedatangan."",""terms3"":""Voucher tidak dapat diuangkan atau digabungkan dengan promo lainnya."",""voucher_type"":""event"",""event_item"":""Merchandise"",""qr_url"":""https://instagram.com/serena.raga"",""instagram"":""@serena.raga"",""tiktok"":""@serena.raga"",""whatsapp"":""0895-1835-9037"",""website"":""serenaraga.fit""}",manual,flat,0,,,,1.0,0,True,2026-06-06T10:28:10.916974+00:00,True,SRAGA-M6E4R4,,True,,Batch: Voucher Penukaran (6 Jun 2026 - Z8R),,owner,global,,
8eaf23c7-addf-4740-be34-725b90305984,Voucher Penukaran,"{""tagline"":"""",""terms1"":""Berlaku untuk layanan Home Service Massage di wilayah Yogyakarta (free transport max 10km)."",""terms2"":""Wajib melakukan reservasi maksimal H-1 sebelum kedatangan."",""terms3"":""Voucher tidak dapat diuangkan atau digabungkan dengan promo lainnya."",""voucher_type"":""event"",""event_item"":""Merchandise"",""qr_url"":""https://instagram.com/serena.raga"",""instagram"":""@serena.raga"",""tiktok"":""@serena.raga"",""whatsapp"":""0895-1835-9037"",""website"":""serenaraga.fit""}",manual,flat,0,,,,1.0,0,True,2026-06-06T10:28:10.916974+00:00,True,SRAGA-Y2D4U9,,True,,Batch: Voucher Penukaran (6 Jun 2026 - Z8R),,owner,global,,
2a2a3b7e-1265-41d6-ba2b-40dd463aee80,Voucher Penukaran,"{""tagline"":"""",""terms1"":""Berlaku untuk layanan Home Service Massage di wilayah Yogyakarta (free transport max 10km)."",""terms2"":""Wajib melakukan reservasi maksimal H-1 sebelum kedatangan."",""terms3"":""Voucher tidak dapat diuangkan atau digabungkan dengan promo lainnya."",""voucher_type"":""event"",""event_item"":""Merchandise"",""qr_url"":""https://instagram.com/serena.raga"",""instagram"":""@serena.raga"",""tiktok"":""@serena.raga"",""whatsapp"":""0895-1835-9037"",""website"":""serenaraga.fit""}",manual,flat,0,,,,1.0,0,True,2026-06-06T10:28:10.916974+00:00,True,SRAGA-W2D8D2,,True,,Batch: Voucher Penukaran (6 Jun 2026 - Z8R),,owner,global,,
1c96fd54-4e72-4100-8f6c-c2a71e037ae0,Voucher Penukaran,"{""tagline"":"""",""terms1"":""Berlaku untuk layanan Home Service Massage di wilayah Yogyakarta (free transport max 10km)."",""terms2"":""Wajib melakukan reservasi maksimal H-1 sebelum kedatangan."",""terms3"":""Voucher tidak dapat diuangkan atau digabungkan dengan promo lainnya."",""voucher_type"":""event"",""event_item"":""Merchandise"",""qr_url"":""https://instagram.com/serena.raga"",""instagram"":""@serena.raga"",""tiktok"":""@serena.raga"",""whatsapp"":""0895-1835-9037"",""website"":""serenaraga.fit""}",manual,flat,0,,,,1.0,0,True,2026-06-06T10:28:10.916974+00:00,True,SRAGA-V2N3Z4,,True,,Batch: Voucher Penukaran (6 Jun 2026 - Z8R),,owner,global,,
dc70e7f6-3eb0-46fc-aef3-fc2706e74e1b,Voucher Penukaran,"{""tagline"":"""",""terms1"":""Berlaku untuk layanan Home Service Massage di wilayah Yogyakarta (free transport max 10km)."",""terms2"":""Wajib melakukan reservasi maksimal H-1 sebelum kedatangan."",""terms3"":""Voucher tidak dapat diuangkan atau digabungkan dengan promo lainnya."",""voucher_type"":""event"",""event_item"":""Merchandise"",""qr_url"":""https://instagram.com/serena.raga"",""instagram"":""@serena.raga"",""tiktok"":""@serena.raga"",""whatsapp"":""0895-1835-9037"",""website"":""serenaraga.fit""}",manual,flat,0,,,,1.0,0,True,2026-06-06T10:28:10.916974+00:00,True,SRAGA-D9M7B8,,True,,Batch: Voucher Penukaran (6 Jun 2026 - Z8R),,owner,global,,
4ce40261-804e-4301-9c49-81b8511eb3eb,Voucher Penukaran,"{""tagline"":"""",""terms1"":""Berlaku untuk layanan Home Service Massage di wilayah Yogyakarta (free transport max 10km)."",""terms2"":""Wajib melakukan reservasi maksimal H-1 sebelum kedatangan."",""terms3"":""Voucher tidak dapat diuangkan atau digabungkan dengan promo lainnya."",""voucher_type"":""event"",""event_item"":""Merchandise"",""qr_url"":""https://instagram.com/serena.raga"",""instagram"":""@serena.raga"",""tiktok"":""@serena.raga"",""whatsapp"":""0895-1835-9037"",""website"":""serenaraga.fit""}",manual,flat,0,,,,1.0,0,True,2026-06-06T10:28:10.916974+00:00,True,SRAGA-H2Z8B7,,True,,Batch: Voucher Penukaran (6 Jun 2026 - Z8R),,owner,global,,
a0f72376-87e9-4e2e-9e33-869ee224c203,Voucher Penukaran,"{""tagline"":"""",""terms1"":""Berlaku untuk layanan Home Service Massage di wilayah Yogyakarta (free transport max 10km)."",""terms2"":""Wajib melakukan reservasi maksimal H-1 sebelum kedatangan."",""terms3"":""Voucher tidak dapat diuangkan atau digabungkan dengan promo lainnya."",""voucher_type"":""event"",""event_item"":""Merchandise"",""qr_url"":""https://instagram.com/serena.raga"",""instagram"":""@serena.raga"",""tiktok"":""@serena.raga"",""whatsapp"":""0895-1835-9037"",""website"":""serenaraga.fit""}",manual,flat,0,,,,1.0,0,True,2026-06-06T10:28:10.916974+00:00,True,SRAGA-B4B9D3,,True,,Batch: Voucher Penukaran (6 Jun 2026 - Z8R),,owner,global,,
bf32bc10-2c32-4a8f-8b87-c67bb73e0da8,Voucher Penukaran,"{""tagline"":"""",""terms1"":""Berlaku untuk layanan Home Service Massage di wilayah Yogyakarta (free transport max 10km)."",""terms2"":""Wajib melakukan reservasi maksimal H-1 sebelum kedatangan."",""terms3"":""Voucher tidak dapat diuangkan atau digabungkan dengan promo lainnya."",""voucher_type"":""event"",""event_item"":""Merchandise"",""qr_url"":""https://instagram.com/serena.raga"",""instagram"":""@serena.raga"",""tiktok"":""@serena.raga"",""whatsapp"":""0895-1835-9037"",""website"":""serenaraga.fit""}",manual,flat,0,,,,1.0,0,True,2026-06-06T10:28:10.916974+00:00,True,SRAGA-F2W2B6,,True,,Batch: Voucher Penukaran (6 Jun 2026 - Z8R),,owner,global,,
16ec29be-0560-44eb-bc2a-ed73f4c8cd07,Voucher Penukaran,"{""tagline"":"""",""terms1"":""Berlaku untuk layanan Home Service Massage di wilayah Yogyakarta (free transport max 10km)."",""terms2"":""Wajib melakukan reservasi maksimal H-1 sebelum kedatangan."",""terms3"":""Voucher tidak dapat diuangkan atau digabungkan dengan promo lainnya."",""voucher_type"":""event"",""event_item"":""Merchandise"",""qr_url"":""https://instagram.com/serena.raga"",""instagram"":""@serena.raga"",""tiktok"":""@serena.raga"",""whatsapp"":""0895-1835-9037"",""website"":""serenaraga.fit""}",manual,flat,0,,,,1.0,0,True,2026-06-06T10:28:10.916974+00:00,True,SRAGA-X2P9M8,,True,,Batch: Voucher Penukaran (6 Jun 2026 - Z8R),,owner,global,,
b3439d99-e180-4364-af53-e3f325f5a683,Voucher Penukaran,"{""tagline"":"""",""terms1"":""Berlaku untuk layanan Home Service Massage di wilayah Yogyakarta (free transport max 10km)."",""terms2"":""Wajib melakukan reservasi maksimal H-1 sebelum kedatangan."",""terms3"":""Voucher tidak dapat diuangkan atau digabungkan dengan promo lainnya."",""voucher_type"":""event"",""event_item"":""Merchandise"",""qr_url"":""https://instagram.com/serena.raga"",""instagram"":""@serena.raga"",""tiktok"":""@serena.raga"",""whatsapp"":""0895-1835-9037"",""website"":""serenaraga.fit""}",manual,flat,0,,,,1.0,0,True,2026-06-06T10:28:10.916974+00:00,True,SRAGA-D5B7A8,,True,,Batch: Voucher Penukaran (6 Jun 2026 - Z8R),,owner,global,,
f97261ce-e235-486b-96a9-2017feec2de0,Voucher Penukaran,"{""tagline"":"""",""terms1"":""Berlaku untuk layanan Home Service Massage di wilayah Yogyakarta (free transport max 10km)."",""terms2"":""Wajib melakukan reservasi maksimal H-1 sebelum kedatangan."",""terms3"":""Voucher tidak dapat diuangkan atau digabungkan dengan promo lainnya."",""voucher_type"":""event"",""event_item"":""Merchandise"",""qr_url"":""https://instagram.com/serena.raga"",""instagram"":""@serena.raga"",""tiktok"":""@serena.raga"",""whatsapp"":""0895-1835-9037"",""website"":""serenaraga.fit""}",manual,flat,0,,,,1.0,0,True,2026-06-06T10:28:10.916974+00:00,True,SRAGA-M9H6J6,,True,,Batch: Voucher Penukaran (6 Jun 2026 - Z8R),,owner,global,,
233b12c5-91e8-43ce-bbc7-156d73d0ade1,Voucher Penukaran,"{""tagline"":"""",""terms1"":""Berlaku untuk layanan Home Service Massage di wilayah Yogyakarta (free transport max 10km)."",""terms2"":""Wajib melakukan reservasi maksimal H-1 sebelum kedatangan."",""terms3"":""Voucher tidak dapat diuangkan atau digabungkan dengan promo lainnya."",""voucher_type"":""event"",""event_item"":""Merchandise"",""qr_url"":""https://instagram.com/serena.raga"",""instagram"":""@serena.raga"",""tiktok"":""@serena.raga"",""whatsapp"":""0895-1835-9037"",""website"":""serenaraga.fit""}",manual,flat,0,,,,1.0,0,True,2026-06-06T10:28:10.916974+00:00,True,SRAGA-N6K6W5,,True,,Batch: Voucher Penukaran (6 Jun 2026 - Z8R),,owner,global,,
8b599bbf-476e-4ea4-a8a5-a2c9aa6c43ee,Voucher Penukaran,"{""tagline"":"""",""terms1"":""Berlaku untuk layanan Home Service Massage di wilayah Yogyakarta (free transport max 10km)."",""terms2"":""Wajib melakukan reservasi maksimal H-1 sebelum kedatangan."",""terms3"":""Voucher tidak dapat diuangkan atau digabungkan dengan promo lainnya."",""voucher_type"":""event"",""event_item"":""Merchandise"",""qr_url"":""https://instagram.com/serena.raga"",""instagram"":""@serena.raga"",""tiktok"":""@serena.raga"",""whatsapp"":""0895-1835-9037"",""website"":""serenaraga.fit""}",manual,flat,0,,,,1.0,0,True,2026-06-06T10:28:10.916974+00:00,True,SRAGA-N4D4T8,,True,,Batch: Voucher Penukaran (6 Jun 2026 - Z8R),,owner,global,,
c378b705-e048-4831-b553-5b7b9ddd4aff,Voucher Penukaran,"{""tagline"":"""",""terms1"":""Berlaku untuk layanan Home Service Massage di wilayah Yogyakarta (free transport max 10km)."",""terms2"":""Wajib melakukan reservasi maksimal H-1 sebelum kedatangan."",""terms3"":""Voucher tidak dapat diuangkan atau digabungkan dengan promo lainnya."",""voucher_type"":""event"",""event_item"":""Merchandise"",""qr_url"":""https://instagram.com/serena.raga"",""instagram"":""@serena.raga"",""tiktok"":""@serena.raga"",""whatsapp"":""0895-1835-9037"",""website"":""serenaraga.fit""}",manual,flat,0,,,,1.0,0,True,2026-06-06T10:28:10.916974+00:00,True,SRAGA-J9D4R6,,True,,Batch: Voucher Penukaran (6 Jun 2026 - Z8R),,owner,global,,
42cb8878-07b5-44b8-946f-2a2dafa981c2,Voucher Penukaran,"{""tagline"":"""",""terms1"":""Berlaku untuk layanan Home Service Massage di wilayah Yogyakarta (free transport max 10km)."",""terms2"":""Wajib melakukan reservasi maksimal H-1 sebelum kedatangan."",""terms3"":""Voucher tidak dapat diuangkan atau digabungkan dengan promo lainnya."",""voucher_type"":""event"",""event_item"":""Merchandise"",""qr_url"":""https://instagram.com/serena.raga"",""instagram"":""@serena.raga"",""tiktok"":""@serena.raga"",""whatsapp"":""0895-1835-9037"",""website"":""serenaraga.fit""}",manual,flat,0,,,,1.0,0,True,2026-06-06T10:28:10.916974+00:00,True,SRAGA-F6T3X2,,True,,Batch: Voucher Penukaran (6 Jun 2026 - Z8R),,owner,global,,
a87a6a94-0289-4f4c-b7aa-96a91abd49b3,Voucher Penukaran,"{""tagline"":"""",""terms1"":""Berlaku untuk layanan Home Service Massage di wilayah Yogyakarta (free transport max 10km)."",""terms2"":""Wajib melakukan reservasi maksimal H-1 sebelum kedatangan."",""terms3"":""Voucher tidak dapat diuangkan atau digabungkan dengan promo lainnya."",""voucher_type"":""event"",""event_item"":""Merchandise"",""qr_url"":""https://instagram.com/serena.raga"",""instagram"":""@serena.raga"",""tiktok"":""@serena.raga"",""whatsapp"":""0895-1835-9037"",""website"":""serenaraga.fit""}",manual,flat,0,,,,1.0,0,True,2026-06-06T10:28:10.916974+00:00,True,SRAGA-H8B5T5,,True,,Batch: Voucher Penukaran (6 Jun 2026 - Z8R),,owner,global,,
261a5370-edef-44c0-9399-52b84b8682d7,Voucher Penukaran,"{""tagline"":"""",""terms1"":""Berlaku untuk layanan Home Service Massage di wilayah Yogyakarta (free transport max 10km)."",""terms2"":""Wajib melakukan reservasi maksimal H-1 sebelum kedatangan."",""terms3"":""Voucher tidak dapat diuangkan atau digabungkan dengan promo lainnya."",""voucher_type"":""event"",""event_item"":""Merchandise"",""qr_url"":""https://instagram.com/serena.raga"",""instagram"":""@serena.raga"",""tiktok"":""@serena.raga"",""whatsapp"":""0895-1835-9037"",""website"":""serenaraga.fit""}",manual,flat,0,,,,1.0,0,True,2026-06-06T10:28:10.916974+00:00,True,SRAGA-M4U5J6,,True,,Batch: Voucher Penukaran (6 Jun 2026 - Z8R),,owner,global,,
fe14683b-2e1d-425f-b842-26e4b6db69b3,Voucher Penukaran,"{""tagline"":"""",""terms1"":""Berlaku untuk layanan Home Service Massage di wilayah Yogyakarta (free transport max 10km)."",""terms2"":""Wajib melakukan reservasi maksimal H-1 sebelum kedatangan."",""terms3"":""Voucher tidak dapat diuangkan atau digabungkan dengan promo lainnya."",""voucher_type"":""event"",""event_item"":""Merchandise"",""qr_url"":""https://instagram.com/serena.raga"",""instagram"":""@serena.raga"",""tiktok"":""@serena.raga"",""whatsapp"":""0895-1835-9037"",""website"":""serenaraga.fit""}",manual,flat,0,,,,1.0,0,True,2026-06-06T10:28:10.916974+00:00,True,SRAGA-T8R2G6,,True,,Batch: Voucher Penukaran (6 Jun 2026 - Z8R),,owner,global,,
3ed7f40b-31d1-485b-b882-473c9acbf7fd,Voucher Penukaran,"{""tagline"":"""",""terms1"":""Berlaku untuk layanan Home Service Massage di wilayah Yogyakarta (free transport max 10km)."",""terms2"":""Wajib melakukan reservasi maksimal H-1 sebelum kedatangan."",""terms3"":""Voucher tidak dapat diuangkan atau digabungkan dengan promo lainnya."",""voucher_type"":""event"",""event_item"":""Merchandise"",""qr_url"":""https://instagram.com/serena.raga"",""instagram"":""@serena.raga"",""tiktok"":""@serena.raga"",""whatsapp"":""0895-1835-9037"",""website"":""serenaraga.fit""}",manual,flat,0,,,,1.0,0,True,2026-06-06T10:28:10.916974+00:00,True,SRAGA-C9J5H7,,True,,Batch: Voucher Penukaran (6 Jun 2026 - Z8R),,owner,global,,
c60b7f3a-aba6-4536-82d2-67694c576994,Voucher Penukaran,"{""tagline"":"""",""terms1"":""Berlaku untuk layanan Home Service Massage di wilayah Yogyakarta (free transport max 10km)."",""terms2"":""Wajib melakukan reservasi maksimal H-1 sebelum kedatangan."",""terms3"":""Voucher tidak dapat diuangkan atau digabungkan dengan promo lainnya."",""voucher_type"":""event"",""event_item"":""Merchandise"",""qr_url"":""https://instagram.com/serena.raga"",""instagram"":""@serena.raga"",""tiktok"":""@serena.raga"",""whatsapp"":""0895-1835-9037"",""website"":""serenaraga.fit""}",manual,flat,0,,,,1.0,0,True,2026-06-06T10:28:10.916974+00:00,True,SRAGA-B5Y8Q2,,True,,Batch: Voucher Penukaran (6 Jun 2026 - Z8R),,owner,global,,
f323860f-cfc7-4346-893c-3cec725ebd48,Voucher Penukaran,"{""tagline"":"""",""terms1"":""Berlaku untuk layanan Home Service Massage di wilayah Yogyakarta (free transport max 10km)."",""terms2"":""Wajib melakukan reservasi maksimal H-1 sebelum kedatangan."",""terms3"":""Voucher tidak dapat diuangkan atau digabungkan dengan promo lainnya."",""voucher_type"":""event"",""event_item"":""Merchandise"",""qr_url"":""https://instagram.com/serena.raga"",""instagram"":""@serena.raga"",""tiktok"":""@serena.raga"",""whatsapp"":""0895-1835-9037"",""website"":""serenaraga.fit""}",manual,flat,0,,,,1.0,0,True,2026-06-06T10:28:10.916974+00:00,True,SRAGA-Z6K7Z6,,True,,Batch: Voucher Penukaran (6 Jun 2026 - Z8R),,owner,global,,
758178ab-f9c4-4048-b38e-bfa7389bb9cb,Voucher Penukaran,"{""tagline"":"""",""terms1"":""Berlaku untuk layanan Home Service Massage di wilayah Yogyakarta (free transport max 10km)."",""terms2"":""Wajib melakukan reservasi maksimal H-1 sebelum kedatangan."",""terms3"":""Voucher tidak dapat diuangkan atau digabungkan dengan promo lainnya."",""voucher_type"":""event"",""event_item"":""Merchandise"",""qr_url"":""https://instagram.com/serena.raga"",""instagram"":""@serena.raga"",""tiktok"":""@serena.raga"",""whatsapp"":""0895-1835-9037"",""website"":""serenaraga.fit""}",manual,flat,0,,,,1.0,0,True,2026-06-06T10:28:10.916974+00:00,True,SRAGA-B3Y5T8,,True,,Batch: Voucher Penukaran (6 Jun 2026 - Z8R),,owner,global,,
115dbe7d-9c5b-4d11-9305-da25cbce5059,Voucher Penukaran,"{""tagline"":"""",""terms1"":""Berlaku untuk layanan Home Service Massage di wilayah Yogyakarta (free transport max 10km)."",""terms2"":""Wajib melakukan reservasi maksimal H-1 sebelum kedatangan."",""terms3"":""Voucher tidak dapat diuangkan atau digabungkan dengan promo lainnya."",""voucher_type"":""event"",""event_item"":""Merchandise"",""qr_url"":""https://instagram.com/serena.raga"",""instagram"":""@serena.raga"",""tiktok"":""@serena.raga"",""whatsapp"":""0895-1835-9037"",""website"":""serenaraga.fit""}",manual,flat,0,,,,1.0,0,True,2026-06-06T10:28:10.916974+00:00,True,SRAGA-Z2H7U3,,True,,Batch: Voucher Penukaran (6 Jun 2026 - Z8R),,owner,global,,
c901dcea-ce70-4927-8ab6-65fdef2fe676,Voucher Penukaran,"{""tagline"":"""",""terms1"":""Berlaku untuk layanan Home Service Massage di wilayah Yogyakarta (free transport max 10km)."",""terms2"":""Wajib melakukan reservasi maksimal H-1 sebelum kedatangan."",""terms3"":""Voucher tidak dapat diuangkan atau digabungkan dengan promo lainnya."",""voucher_type"":""event"",""event_item"":""Merchandise"",""qr_url"":""https://instagram.com/serena.raga"",""instagram"":""@serena.raga"",""tiktok"":""@serena.raga"",""whatsapp"":""0895-1835-9037"",""website"":""serenaraga.fit""}",manual,flat,0,,,,1.0,0,True,2026-06-06T10:28:10.916974+00:00,True,SRAGA-N6J6Y6,,True,,Batch: Voucher Penukaran (6 Jun 2026 - Z8R),,owner,global,,
a1f33906-7f72-41ae-87fc-78fd526d5fb9,Voucher Penukaran,"{""tagline"":"""",""terms1"":""Berlaku untuk layanan Home Service Massage di wilayah Yogyakarta (free transport max 10km)."",""terms2"":""Wajib melakukan reservasi maksimal H-1 sebelum kedatangan."",""terms3"":""Voucher tidak dapat diuangkan atau digabungkan dengan promo lainnya."",""voucher_type"":""event"",""event_item"":""Merchandise"",""qr_url"":""https://instagram.com/serena.raga"",""instagram"":""@serena.raga"",""tiktok"":""@serena.raga"",""whatsapp"":""0895-1835-9037"",""website"":""serenaraga.fit""}",manual,flat,0,,,,1.0,0,True,2026-06-06T10:28:10.916974+00:00,True,SRAGA-R8S9U9,,True,,Batch: Voucher Penukaran (6 Jun 2026 - Z8R),,owner,global,,
230f8072-0364-4df4-9d6d-6420a4e672b3,Voucher Penukaran,"{""tagline"":"""",""terms1"":""Berlaku untuk layanan Home Service Massage di wilayah Yogyakarta (free transport max 10km)."",""terms2"":""Wajib melakukan reservasi maksimal H-1 sebelum kedatangan."",""terms3"":""Voucher tidak dapat diuangkan atau digabungkan dengan promo lainnya."",""voucher_type"":""event"",""event_item"":""Merchandise"",""qr_url"":""https://instagram.com/serena.raga"",""instagram"":""@serena.raga"",""tiktok"":""@serena.raga"",""whatsapp"":""0895-1835-9037"",""website"":""serenaraga.fit""}",manual,flat,0,,,,1.0,0,True,2026-06-06T10:28:10.916974+00:00,True,SRAGA-B8L2D5,,True,,Batch: Voucher Penukaran (6 Jun 2026 - Z8R),,owner,global,,
0a9eb357-ccf1-43b3-96ef-330a6e604f70,Voucher Penukaran,"{""tagline"":"""",""terms1"":""Berlaku untuk layanan Home Service Massage di wilayah Yogyakarta (free transport max 10km)."",""terms2"":""Wajib melakukan reservasi maksimal H-1 sebelum kedatangan."",""terms3"":""Voucher tidak dapat diuangkan atau digabungkan dengan promo lainnya."",""voucher_type"":""event"",""event_item"":""Merchandise"",""qr_url"":""https://instagram.com/serena.raga"",""instagram"":""@serena.raga"",""tiktok"":""@serena.raga"",""whatsapp"":""0895-1835-9037"",""website"":""serenaraga.fit""}",manual,flat,0,,,,1.0,0,True,2026-06-06T10:28:10.916974+00:00,True,SRAGA-S4K7Z6,,True,,Batch: Voucher Penukaran (6 Jun 2026 - Z8R),,owner,global,,
c8753cf8-0f04-4f89-92c7-98358af62173,Voucher Penukaran,"{""tagline"":"""",""terms1"":""Berlaku untuk layanan Home Service Massage di wilayah Yogyakarta (free transport max 10km)."",""terms2"":""Wajib melakukan reservasi maksimal H-1 sebelum kedatangan."",""terms3"":""Voucher tidak dapat diuangkan atau digabungkan dengan promo lainnya."",""voucher_type"":""event"",""event_item"":""Merchandise"",""qr_url"":""https://instagram.com/serena.raga"",""instagram"":""@serena.raga"",""tiktok"":""@serena.raga"",""whatsapp"":""0895-1835-9037"",""website"":""serenaraga.fit""}",manual,flat,0,,,,1.0,0,True,2026-06-06T10:28:10.916974+00:00,True,SRAGA-X9G8J5,,True,,Batch: Voucher Penukaran (6 Jun 2026 - Z8R),,owner,global,,
cfa11215-a2cf-4452-ad19-88679621153b,Voucher Penukaran,"{""tagline"":"""",""terms1"":""Berlaku untuk layanan Home Service Massage di wilayah Yogyakarta (free transport max 10km)."",""terms2"":""Wajib melakukan reservasi maksimal H-1 sebelum kedatangan."",""terms3"":""Voucher tidak dapat diuangkan atau digabungkan dengan promo lainnya."",""voucher_type"":""event"",""event_item"":""Merchandise"",""qr_url"":""https://instagram.com/serena.raga"",""instagram"":""@serena.raga"",""tiktok"":""@serena.raga"",""whatsapp"":""0895-1835-9037"",""website"":""serenaraga.fit""}",manual,flat,0,,,,1.0,0,True,2026-06-06T10:28:10.916974+00:00,True,SRAGA-V6S2U7,,True,,Batch: Voucher Penukaran (6 Jun 2026 - Z8R),,owner,global,,
3b0e8524-4580-4707-8793-cb5526567e31,Voucher Penukaran,"{""tagline"":"""",""terms1"":""Berlaku untuk layanan Home Service Massage di wilayah Yogyakarta (free transport max 10km)."",""terms2"":""Wajib melakukan reservasi maksimal H-1 sebelum kedatangan."",""terms3"":""Voucher tidak dapat diuangkan atau digabungkan dengan promo lainnya."",""voucher_type"":""event"",""event_item"":""Merchandise"",""qr_url"":""https://instagram.com/serena.raga"",""instagram"":""@serena.raga"",""tiktok"":""@serena.raga"",""whatsapp"":""0895-1835-9037"",""website"":""serenaraga.fit""}",manual,flat,0,,,,1.0,0,True,2026-06-06T10:28:10.916974+00:00,True,SRAGA-G6T2Y9,,True,,Batch: Voucher Penukaran (6 Jun 2026 - Z8R),,owner,global,,
bb7d7713-5c6b-49cd-8689-b311df89d19d,Voucher Penukaran,"{""tagline"":"""",""terms1"":""Berlaku untuk layanan Home Service Massage di wilayah Yogyakarta (free transport max 10km)."",""terms2"":""Wajib melakukan reservasi maksimal H-1 sebelum kedatangan."",""terms3"":""Voucher tidak dapat diuangkan atau digabungkan dengan promo lainnya."",""voucher_type"":""event"",""event_item"":""Merchandise"",""qr_url"":""https://instagram.com/serena.raga"",""instagram"":""@serena.raga"",""tiktok"":""@serena.raga"",""whatsapp"":""0895-1835-9037"",""website"":""serenaraga.fit""}",manual,flat,0,,,,1.0,0,True,2026-06-06T10:28:10.916974+00:00,True,SRAGA-U3H8R3,,True,,Batch: Voucher Penukaran (6 Jun 2026 - Z8R),,owner,global,,
cc2b7bc9-3ed8-460a-90a6-54ad0cb82fb3,Voucher Penukaran,"{""tagline"":"""",""terms1"":""Berlaku untuk layanan Home Service Massage di wilayah Yogyakarta (free transport max 10km)."",""terms2"":""Wajib melakukan reservasi maksimal H-1 sebelum kedatangan."",""terms3"":""Voucher tidak dapat diuangkan atau digabungkan dengan promo lainnya."",""voucher_type"":""event"",""event_item"":""Merchandise"",""qr_url"":""https://instagram.com/serena.raga"",""instagram"":""@serena.raga"",""tiktok"":""@serena.raga"",""whatsapp"":""0895-1835-9037"",""website"":""serenaraga.fit""}",manual,flat,0,,,,1.0,0,True,2026-06-06T10:28:10.916974+00:00,True,SRAGA-Y9H2T8,,True,,Batch: Voucher Penukaran (6 Jun 2026 - Z8R),,owner,global,,
ccf3a790-3234-4bd8-8d8c-5140d7e3ab01,Voucher Penukaran,"{""tagline"":"""",""terms1"":""Berlaku untuk layanan Home Service Massage di wilayah Yogyakarta (free transport max 10km)."",""terms2"":""Wajib melakukan reservasi maksimal H-1 sebelum kedatangan."",""terms3"":""Voucher tidak dapat diuangkan atau digabungkan dengan promo lainnya."",""voucher_type"":""event"",""event_item"":""Merchandise"",""qr_url"":""https://instagram.com/serena.raga"",""instagram"":""@serena.raga"",""tiktok"":""@serena.raga"",""whatsapp"":""0895-1835-9037"",""website"":""serenaraga.fit""}",manual,flat,0,,,,1.0,0,True,2026-06-06T10:28:10.916974+00:00,True,SRAGA-D2K2X5,,True,,Batch: Voucher Penukaran (6 Jun 2026 - Z8R),,owner,global,,
ae6b4e4e-371f-4e20-8d5a-a81e3725a7cf,Voucher Penukaran,"{""tagline"":"""",""terms1"":""Berlaku untuk layanan Home Service Massage di wilayah Yogyakarta (free transport max 10km)."",""terms2"":""Wajib melakukan reservasi maksimal H-1 sebelum kedatangan."",""terms3"":""Voucher tidak dapat diuangkan atau digabungkan dengan promo lainnya."",""voucher_type"":""event"",""event_item"":""Merchandise"",""qr_url"":""https://instagram.com/serena.raga"",""instagram"":""@serena.raga"",""tiktok"":""@serena.raga"",""whatsapp"":""0895-1835-9037"",""website"":""serenaraga.fit""}",manual,flat,0,,,,1.0,0,True,2026-06-06T10:28:10.916974+00:00,True,SRAGA-Z4P7L6,,True,,Batch: Voucher Penukaran (6 Jun 2026 - Z8R),,owner,global,,
f7aedb9a-fb03-4c0c-ac35-0e5aec1a0681,Voucher Penukaran,"{""tagline"":"""",""terms1"":""Berlaku untuk layanan Home Service Massage di wilayah Yogyakarta (free transport max 10km)."",""terms2"":""Wajib melakukan reservasi maksimal H-1 sebelum kedatangan."",""terms3"":""Voucher tidak dapat diuangkan atau digabungkan dengan promo lainnya."",""voucher_type"":""event"",""event_item"":""Merchandise"",""qr_url"":""https://instagram.com/serena.raga"",""instagram"":""@serena.raga"",""tiktok"":""@serena.raga"",""whatsapp"":""0895-1835-9037"",""website"":""serenaraga.fit""}",manual,flat,0,,,,1.0,0,True,2026-06-06T10:28:10.916974+00:00,True,SRAGA-U8G8M6,,True,,Batch: Voucher Penukaran (6 Jun 2026 - Z8R),,owner,global,,
ba2af813-f889-4d78-8a26-ad53f8861c02,Voucher Penukaran,"{""tagline"":"""",""terms1"":""Berlaku untuk layanan Home Service Massage di wilayah Yogyakarta (free transport max 10km)."",""terms2"":""Wajib melakukan reservasi maksimal H-1 sebelum kedatangan."",""terms3"":""Voucher tidak dapat diuangkan atau digabungkan dengan promo lainnya."",""voucher_type"":""event"",""event_item"":""Merchandise"",""qr_url"":""https://instagram.com/serena.raga"",""instagram"":""@serena.raga"",""tiktok"":""@serena.raga"",""whatsapp"":""0895-1835-9037"",""website"":""serenaraga.fit""}",manual,flat,0,,,,1.0,0,True,2026-06-06T10:28:10.916974+00:00,True,SRAGA-P7G2H5,,True,,Batch: Voucher Penukaran (6 Jun 2026 - Z8R),,owner,global,,
20674666-1a68-4cfd-8538-de0b4828581f,Voucher Penukaran,"{""tagline"":"""",""terms1"":""Berlaku untuk layanan Home Service Massage di wilayah Yogyakarta (free transport max 10km)."",""terms2"":""Wajib melakukan reservasi maksimal H-1 sebelum kedatangan."",""terms3"":""Voucher tidak dapat diuangkan atau digabungkan dengan promo lainnya."",""voucher_type"":""event"",""event_item"":""Merchandise"",""qr_url"":""https://instagram.com/serena.raga"",""instagram"":""@serena.raga"",""tiktok"":""@serena.raga"",""whatsapp"":""0895-1835-9037"",""website"":""serenaraga.fit""}",manual,flat,0,,,,1.0,0,True,2026-06-06T10:28:10.916974+00:00,True,SRAGA-P4K7S2,,True,,Batch: Voucher Penukaran (6 Jun 2026 - Z8R),,owner,global,,
fa8438e2-f252-446e-a06b-1cd474b08845,Voucher Penukaran,"{""tagline"":"""",""terms1"":""Berlaku untuk layanan Home Service Massage di wilayah Yogyakarta (free transport max 10km)."",""terms2"":""Wajib melakukan reservasi maksimal H-1 sebelum kedatangan."",""terms3"":""Voucher tidak dapat diuangkan atau digabungkan dengan promo lainnya."",""voucher_type"":""event"",""event_item"":""Merchandise"",""qr_url"":""https://instagram.com/serena.raga"",""instagram"":""@serena.raga"",""tiktok"":""@serena.raga"",""whatsapp"":""0895-1835-9037"",""website"":""serenaraga.fit""}",manual,flat,0,,,,1.0,0,True,2026-06-06T10:28:10.916974+00:00,True,SRAGA-X5D3A9,,True,,Batch: Voucher Penukaran (6 Jun 2026 - Z8R),,owner,global,,
d0cc57e1-ee12-4972-921a-e4d39426cdfd,Voucher Penukaran,"{""tagline"":"""",""terms1"":""Berlaku untuk layanan Home Service Massage di wilayah Yogyakarta (free transport max 10km)."",""terms2"":""Wajib melakukan reservasi maksimal H-1 sebelum kedatangan."",""terms3"":""Voucher tidak dapat diuangkan atau digabungkan dengan promo lainnya."",""voucher_type"":""event"",""event_item"":""Merchandise"",""qr_url"":""https://instagram.com/serena.raga"",""instagram"":""@serena.raga"",""tiktok"":""@serena.raga"",""whatsapp"":""0895-1835-9037"",""website"":""serenaraga.fit""}",manual,flat,0,,,,1.0,0,True,2026-06-06T10:28:10.916974+00:00,True,SRAGA-L8P9J6,,True,,Batch: Voucher Penukaran (6 Jun 2026 - Z8R),,owner,global,,
872f783e-ef1e-4028-a9fe-3a7b2c8ea280,Voucher Penukaran,"{""tagline"":"""",""terms1"":""Berlaku untuk layanan Home Service Massage di wilayah Yogyakarta (free transport max 10km)."",""terms2"":""Wajib melakukan reservasi maksimal H-1 sebelum kedatangan."",""terms3"":""Voucher tidak dapat diuangkan atau digabungkan dengan promo lainnya."",""voucher_type"":""event"",""event_item"":""Merchandise"",""qr_url"":""https://instagram.com/serena.raga"",""instagram"":""@serena.raga"",""tiktok"":""@serena.raga"",""whatsapp"":""0895-1835-9037"",""website"":""serenaraga.fit""}",manual,flat,0,,,,1.0,0,True,2026-06-06T10:28:10.916974+00:00,True,SRAGA-X2A7C3,,True,,Batch: Voucher Penukaran (6 Jun 2026 - Z8R),,owner,global,,
e9a9860e-0301-4596-b6b4-a328767107bc,Voucher Penukaran,"{""tagline"":"""",""terms1"":""Berlaku untuk layanan Home Service Massage di wilayah Yogyakarta (free transport max 10km)."",""terms2"":""Wajib melakukan reservasi maksimal H-1 sebelum kedatangan."",""terms3"":""Voucher tidak dapat diuangkan atau digabungkan dengan promo lainnya."",""voucher_type"":""event"",""event_item"":""Merchandise"",""qr_url"":""https://instagram.com/serena.raga"",""instagram"":""@serena.raga"",""tiktok"":""@serena.raga"",""whatsapp"":""0895-1835-9037"",""website"":""serenaraga.fit""}",manual,flat,0,,,,1.0,0,True,2026-06-06T10:28:10.916974+00:00,True,SRAGA-Q3C2G2,,True,,Batch: Voucher Penukaran (6 Jun 2026 - Z8R),,owner,global,,
aa8d3b2f-ea94-49f0-9d80-521c74493b2c,Voucher Penukaran,"{""tagline"":"""",""terms1"":""Berlaku untuk layanan Home Service Massage di wilayah Yogyakarta (free transport max 10km)."",""terms2"":""Wajib melakukan reservasi maksimal H-1 sebelum kedatangan."",""terms3"":""Voucher tidak dapat diuangkan atau digabungkan dengan promo lainnya."",""voucher_type"":""event"",""event_item"":""Merchandise"",""qr_url"":""https://instagram.com/serena.raga"",""instagram"":""@serena.raga"",""tiktok"":""@serena.raga"",""whatsapp"":""0895-1835-9037"",""website"":""serenaraga.fit""}",manual,flat,0,,,,1.0,0,True,2026-06-06T10:28:10.916974+00:00,True,SRAGA-E9B4X5,,True,,Batch: Voucher Penukaran (6 Jun 2026 - Z8R),,owner,global,,
4776a76a-5435-46ac-b7a4-f3cf4c746ed5,Voucher Penukaran,"{""tagline"":"""",""terms1"":""Berlaku untuk layanan Home Service Massage di wilayah Yogyakarta (free transport max 10km)."",""terms2"":""Wajib melakukan reservasi maksimal H-1 sebelum kedatangan."",""terms3"":""Voucher tidak dapat diuangkan atau digabungkan dengan promo lainnya."",""voucher_type"":""event"",""event_item"":""Merchandise"",""qr_url"":""https://instagram.com/serena.raga"",""instagram"":""@serena.raga"",""tiktok"":""@serena.raga"",""whatsapp"":""0895-1835-9037"",""website"":""serenaraga.fit""}",manual,flat,0,,,,1.0,0,True,2026-06-06T10:28:10.916974+00:00,True,SRAGA-U3J8L4,,True,,Batch: Voucher Penukaran (6 Jun 2026 - Z8R),,owner,global,,
457ed8cb-4024-46f0-a6fb-f9008444c579,Voucher Penukaran,"{""tagline"":"""",""terms1"":""Berlaku untuk layanan Home Service Massage di wilayah Yogyakarta (free transport max 10km)."",""terms2"":""Wajib melakukan reservasi maksimal H-1 sebelum kedatangan."",""terms3"":""Voucher tidak dapat diuangkan atau digabungkan dengan promo lainnya."",""voucher_type"":""event"",""event_item"":""Merchandise"",""qr_url"":""https://instagram.com/serena.raga"",""instagram"":""@serena.raga"",""tiktok"":""@serena.raga"",""whatsapp"":""0895-1835-9037"",""website"":""serenaraga.fit""}",manual,flat,0,,,,1.0,0,True,2026-06-06T10:28:10.916974+00:00,True,SRAGA-M9T9C2,,True,,Batch: Voucher Penukaran (6 Jun 2026 - Z8R),,owner,global,,
1bd862aa-3659-49a2-be89-5a12cf141474,Voucher Penukaran,"{""tagline"":"""",""terms1"":""Berlaku untuk layanan Home Service Massage di wilayah Yogyakarta (free transport max 10km)."",""terms2"":""Wajib melakukan reservasi maksimal H-1 sebelum kedatangan."",""terms3"":""Voucher tidak dapat diuangkan atau digabungkan dengan promo lainnya."",""voucher_type"":""event"",""event_item"":""Merchandise"",""qr_url"":""https://instagram.com/serena.raga"",""instagram"":""@serena.raga"",""tiktok"":""@serena.raga"",""whatsapp"":""0895-1835-9037"",""website"":""serenaraga.fit""}",manual,flat,0,,,,1.0,0,True,2026-06-06T10:28:10.916974+00:00,True,SRAGA-K8U3W2,,True,,Batch: Voucher Penukaran (6 Jun 2026 - Z8R),,owner,global,,
fc68e080-b85a-43d7-be9f-7567147aba52,Voucher Relaksasi,"{""tagline"":""Apresiasi untuk tubuhmu yang sudah lelah beraktivitas hari ini. Voucher Relaksasi Rp20.000 dari SerenaRaga."",""terms1"":""Berlaku untuk layanan Home Service Massage di wilayah Yogyakarta (free transport max 10km)."",""terms2"":""Wajib melakukan reservasi maksimal H-1 sebelum kedatangan."",""terms3"":""Voucher tidak dapat diuangkan atau digabungkan dengan promo lainnya.""}",manual,flat,20000,,,2026-09-01,1.0,0,True,2026-06-19T08:24:51.425441+00:00,True,SRAGA-V3N8E3,,True,,Batch: 20rb batch 2 (19 Jun 2026 - B8G),,owner,global,,
24d0dcc0-5cda-4f67-a870-47305a813647,Voucher Relaksasi,"{""tagline"":""Apresiasi untuk tubuhmu yang sudah lelah beraktivitas hari ini. Voucher Relaksasi Rp20.000 dari SerenaRaga."",""terms1"":""Berlaku untuk layanan Home Service Massage di wilayah Yogyakarta (free transport max 10km)."",""terms2"":""Wajib melakukan reservasi maksimal H-1 sebelum kedatangan."",""terms3"":""Voucher tidak dapat diuangkan atau digabungkan dengan promo lainnya.""}",manual,flat,20000,,,2026-09-01,1.0,0,True,2026-06-19T08:24:51.425441+00:00,True,SRAGA-B8M9T7,,True,,Batch: 20rb batch 2 (19 Jun 2026 - B8G),,owner,global,,
47ac3713-18c4-46a9-84cb-2924b43d6c62,Voucher Relaksasi,"{""tagline"":""Apresiasi untuk tubuhmu yang sudah lelah beraktivitas hari ini. Voucher Relaksasi Rp20.000 dari SerenaRaga."",""terms1"":""Berlaku untuk layanan Home Service Massage di wilayah Yogyakarta (free transport max 10km)."",""terms2"":""Wajib melakukan reservasi maksimal H-1 sebelum kedatangan."",""terms3"":""Voucher tidak dapat diuangkan atau digabungkan dengan promo lainnya.""}",manual,flat,20000,,,2026-09-01,1.0,0,True,2026-06-19T08:24:51.425441+00:00,True,SRAGA-U9W5P6,,True,,Batch: 20rb batch 2 (19 Jun 2026 - B8G),,owner,global,,
77490360-2e72-4e64-b806-fd34f10539e0,Voucher Relaksasi,"{""tagline"":""Apresiasi untuk tubuhmu yang sudah lelah beraktivitas hari ini. Voucher Relaksasi Rp20.000 dari SerenaRaga."",""terms1"":""Berlaku untuk layanan Home Service Massage di wilayah Yogyakarta (free transport max 10km)."",""terms2"":""Wajib melakukan reservasi maksimal H-1 sebelum kedatangan."",""terms3"":""Voucher tidak dapat diuangkan atau digabungkan dengan promo lainnya.""}",manual,flat,20000,,,2026-09-01,1.0,0,True,2026-06-19T08:24:51.425441+00:00,True,SRAGA-T9X6K6,,True,,Batch: 20rb batch 2 (19 Jun 2026 - B8G),,owner,global,,
6aeb4aac-9f76-4d48-b0ab-45513810dd99,Voucher Relaksasi,"{""tagline"":""Apresiasi untuk tubuhmu yang sudah lelah beraktivitas hari ini. Voucher Relaksasi Rp20.000 dari SerenaRaga."",""terms1"":""Berlaku untuk layanan Home Service Massage di wilayah Yogyakarta (free transport max 10km)."",""terms2"":""Wajib melakukan reservasi maksimal H-1 sebelum kedatangan."",""terms3"":""Voucher tidak dapat diuangkan atau digabungkan dengan promo lainnya.""}",manual,flat,20000,,,2026-09-01,1.0,0,True,2026-06-19T08:24:51.425441+00:00,True,SRAGA-R8E2J8,,True,,Batch: 20rb batch 2 (19 Jun 2026 - B8G),,owner,global,,
f9b623b3-9ae3-4575-9fae-30818a738460,Voucher Relaksasi,"{""tagline"":""Apresiasi untuk tubuhmu yang sudah lelah beraktivitas hari ini. Voucher Relaksasi Rp20.000 dari SerenaRaga."",""terms1"":""Berlaku untuk layanan Home Service Massage di wilayah Yogyakarta (free transport max 10km)."",""terms2"":""Wajib melakukan reservasi maksimal H-1 sebelum kedatangan."",""terms3"":""Voucher tidak dapat diuangkan atau digabungkan dengan promo lainnya.""}",manual,flat,20000,,,2026-09-01,1.0,0,True,2026-06-19T08:24:51.425441+00:00,True,SRAGA-G9Q4A6,,True,,Batch: 20rb batch 2 (19 Jun 2026 - B8G),,owner,global,,
ad517bc5-6adf-43f5-b44d-4728901f8d43,Voucher Relaksasi,"{""tagline"":""Apresiasi untuk tubuhmu yang sudah lelah beraktivitas hari ini. Voucher Relaksasi Rp20.000 dari SerenaRaga."",""terms1"":""Berlaku untuk layanan Home Service Massage di wilayah Yogyakarta (free transport max 10km)."",""terms2"":""Wajib melakukan reservasi maksimal H-1 sebelum kedatangan."",""terms3"":""Voucher tidak dapat diuangkan atau digabungkan dengan promo lainnya.""}",manual,flat,20000,,,2026-09-01,1.0,0,True,2026-06-19T08:24:51.425441+00:00,True,SRAGA-T4U7H8,,True,,Batch: 20rb batch 2 (19 Jun 2026 - B8G),,owner,global,,
4bd7f4cd-684a-4780-9a9d-1de29685e194,Voucher Relaksasi,"{""tagline"":""Apresiasi untuk tubuhmu yang sudah lelah beraktivitas hari ini. Voucher Relaksasi Rp20.000 dari SerenaRaga."",""terms1"":""Berlaku untuk layanan Home Service Massage di wilayah Yogyakarta (free transport max 10km)."",""terms2"":""Wajib melakukan reservasi maksimal H-1 sebelum kedatangan."",""terms3"":""Voucher tidak dapat diuangkan atau digabungkan dengan promo lainnya.""}",manual,flat,20000,,,2026-09-01,1.0,0,True,2026-06-19T08:24:51.425441+00:00,True,SRAGA-T6W3E5,,True,,Batch: 20rb batch 2 (19 Jun 2026 - B8G),,owner,global,,
a588a4ff-3e2e-40bb-ae79-f3e5ed556cef,Voucher Relaksasi,"{""tagline"":""Apresiasi untuk tubuhmu yang sudah lelah beraktivitas hari ini. Voucher Relaksasi Rp20.000 dari SerenaRaga."",""terms1"":""Berlaku untuk layanan Home Service Massage di wilayah Yogyakarta (free transport max 10km)."",""terms2"":""Wajib melakukan reservasi maksimal H-1 sebelum kedatangan."",""terms3"":""Voucher tidak dapat diuangkan atau digabungkan dengan promo lainnya.""}",manual,flat,20000,,,2026-09-01,1.0,0,True,2026-06-19T08:24:51.425441+00:00,True,SRAGA-W9E9K7,,True,,Batch: 20rb batch 2 (19 Jun 2026 - B8G),,owner,global,,
1f94b0cf-9fa7-4acf-b934-027a6d729a00,Voucher Relaksasi,"{""tagline"":""Apresiasi untuk tubuhmu yang sudah lelah beraktivitas hari ini. Voucher Relaksasi Rp20.000 dari SerenaRaga."",""terms1"":""Berlaku untuk layanan Home Service Massage di wilayah Yogyakarta (free transport max 10km)."",""terms2"":""Wajib melakukan reservasi maksimal H-1 sebelum kedatangan."",""terms3"":""Voucher tidak dapat diuangkan atau digabungkan dengan promo lainnya.""}",manual,flat,20000,,,2026-09-01,1.0,0,True,2026-06-19T08:24:51.425441+00:00,True,SRAGA-Z5C8L8,,True,,Batch: 20rb batch 2 (19 Jun 2026 - B8G),,owner,global,,
ee6ce7a5-5255-4ddd-bbf0-fdfa5553e53a,Voucher Relaksasi,"{""tagline"":""Apresiasi untuk tubuhmu yang sudah lelah beraktivitas hari ini. Voucher Relaksasi Rp20.000 dari SerenaRaga."",""terms1"":""Berlaku untuk layanan Home Service Massage di wilayah Yogyakarta (free transport max 10km)."",""terms2"":""Wajib melakukan reservasi maksimal H-1 sebelum kedatangan."",""terms3"":""Voucher tidak dapat diuangkan atau digabungkan dengan promo lainnya.""}",manual,flat,20000,,,2026-09-01,1.0,0,True,2026-06-19T08:24:51.425441+00:00,True,SRAGA-K6V7C6,,True,,Batch: 20rb batch 2 (19 Jun 2026 - B8G),,owner,global,,
5ced3520-8ffb-463f-9af3-4c9c3dc7e184,Voucher Relaksasi,"{""tagline"":""Apresiasi untuk tubuhmu yang sudah lelah beraktivitas hari ini. Voucher Relaksasi Rp20.000 dari SerenaRaga."",""terms1"":""Berlaku untuk layanan Home Service Massage di wilayah Yogyakarta (free transport max 10km)."",""terms2"":""Wajib melakukan reservasi maksimal H-1 sebelum kedatangan."",""terms3"":""Voucher tidak dapat diuangkan atau digabungkan dengan promo lainnya.""}",manual,flat,20000,,,2026-09-01,1.0,0,True,2026-06-19T08:24:51.425441+00:00,True,SRAGA-Y2F8E4,,True,,Batch: 20rb batch 2 (19 Jun 2026 - B8G),,owner,global,,
f69751b0-b594-43bb-b431-d33ae842b8bc,Voucher Relaksasi,"{""tagline"":""Apresiasi untuk tubuhmu yang sudah lelah beraktivitas hari ini. Voucher Relaksasi Rp20.000 dari SerenaRaga."",""terms1"":""Berlaku untuk layanan Home Service Massage di wilayah Yogyakarta (free transport max 10km)."",""terms2"":""Wajib melakukan reservasi maksimal H-1 sebelum kedatangan."",""terms3"":""Voucher tidak dapat diuangkan atau digabungkan dengan promo lainnya.""}",manual,flat,20000,,,2026-09-01,1.0,0,True,2026-06-19T08:24:51.425441+00:00,True,SRAGA-V7C3Z4,,True,,Batch: 20rb batch 2 (19 Jun 2026 - B8G),,owner,global,,
8ec741f0-faf6-49cf-af6d-b32b9f739d08,Voucher Relaksasi,"{""tagline"":""Apresiasi untuk tubuhmu yang sudah lelah beraktivitas hari ini. Voucher Relaksasi Rp20.000 dari SerenaRaga."",""terms1"":""Berlaku untuk layanan Home Service Massage di wilayah Yogyakarta (free transport max 10km)."",""terms2"":""Wajib melakukan reservasi maksimal H-1 sebelum kedatangan."",""terms3"":""Voucher tidak dapat diuangkan atau digabungkan dengan promo lainnya.""}",manual,flat,20000,,,2026-09-01,1.0,0,True,2026-06-19T08:24:51.425441+00:00,True,SRAGA-C8V5D7,,True,,Batch: 20rb batch 2 (19 Jun 2026 - B8G),,owner,global,,
a500ef50-99ee-4982-9b89-504e5b55b725,Voucher Relaksasi,"{""tagline"":""Apresiasi untuk tubuhmu yang sudah lelah beraktivitas hari ini. Voucher Relaksasi Rp20.000 dari SerenaRaga."",""terms1"":""Berlaku untuk layanan Home Service Massage di wilayah Yogyakarta (free transport max 10km)."",""terms2"":""Wajib melakukan reservasi maksimal H-1 sebelum kedatangan."",""terms3"":""Voucher tidak dapat diuangkan atau digabungkan dengan promo lainnya.""}",manual,flat,20000,,,2026-09-01,1.0,0,True,2026-06-19T08:24:51.425441+00:00,True,SRAGA-H4C4T7,,True,,Batch: 20rb batch 2 (19 Jun 2026 - B8G),,owner,global,,
ab543be7-1459-4bbb-b249-c0169d8ca9e3,Voucher Relaksasi,"{""tagline"":""Apresiasi untuk tubuhmu yang sudah lelah beraktivitas hari ini. Voucher Relaksasi Rp20.000 dari SerenaRaga."",""terms1"":""Berlaku untuk layanan Home Service Massage di wilayah Yogyakarta (free transport max 10km)."",""terms2"":""Wajib melakukan reservasi maksimal H-1 sebelum kedatangan."",""terms3"":""Voucher tidak dapat diuangkan atau digabungkan dengan promo lainnya.""}",manual,flat,20000,,,2026-09-01,1.0,0,True,2026-06-19T08:24:51.425441+00:00,True,SRAGA-G9H3M6,,True,,Batch: 20rb batch 2 (19 Jun 2026 - B8G),,owner,global,,
d46c2e28-0d59-442d-8ed7-bce03451b591,Voucher Relaksasi,"{""tagline"":""Apresiasi untuk tubuhmu yang sudah lelah beraktivitas hari ini. Voucher Relaksasi Rp20.000 dari SerenaRaga."",""terms1"":""Berlaku untuk layanan Home Service Massage di wilayah Yogyakarta (free transport max 10km)."",""terms2"":""Wajib melakukan reservasi maksimal H-1 sebelum kedatangan."",""terms3"":""Voucher tidak dapat diuangkan atau digabungkan dengan promo lainnya.""}",manual,flat,20000,,,2026-09-01,1.0,0,True,2026-06-19T08:24:51.425441+00:00,True,SRAGA-D2Q8Z6,,True,,Batch: 20rb batch 2 (19 Jun 2026 - B8G),,owner,global,,
f7b0d5f1-ee8d-4e1a-91c1-f6658f9692b0,Voucher Relaksasi,"{""tagline"":""Apresiasi untuk tubuhmu yang sudah lelah beraktivitas hari ini. Voucher Relaksasi Rp20.000 dari SerenaRaga."",""terms1"":""Berlaku untuk layanan Home Service Massage di wilayah Yogyakarta (free transport max 10km)."",""terms2"":""Wajib melakukan reservasi maksimal H-1 sebelum kedatangan."",""terms3"":""Voucher tidak dapat diuangkan atau digabungkan dengan promo lainnya.""}",manual,flat,20000,,,2026-09-01,1.0,0,True,2026-06-19T08:24:51.425441+00:00,True,SRAGA-N6Y7Q3,,True,,Batch: 20rb batch 2 (19 Jun 2026 - B8G),,owner,global,,
a701a910-f71c-4f51-8205-852bb650d64a,Voucher Relaksasi,"{""tagline"":""Apresiasi untuk tubuhmu yang sudah lelah beraktivitas hari ini. Voucher Relaksasi Rp20.000 dari SerenaRaga."",""terms1"":""Berlaku untuk layanan Home Service Massage di wilayah Yogyakarta (free transport max 10km)."",""terms2"":""Wajib melakukan reservasi maksimal H-1 sebelum kedatangan."",""terms3"":""Voucher tidak dapat diuangkan atau digabungkan dengan promo lainnya.""}",manual,flat,20000,,,2026-09-01,1.0,0,True,2026-06-19T08:24:51.425441+00:00,True,SRAGA-S8E2Y8,,True,,Batch: 20rb batch 2 (19 Jun 2026 - B8G),,owner,global,,
c9238dfe-2762-406e-b4c5-4ff1da4c5785,Voucher Relaksasi,"{""tagline"":""Apresiasi untuk tubuhmu yang sudah lelah beraktivitas hari ini. Voucher Relaksasi Rp20.000 dari SerenaRaga."",""terms1"":""Berlaku untuk layanan Home Service Massage di wilayah Yogyakarta (free transport max 10km)."",""terms2"":""Wajib melakukan reservasi maksimal H-1 sebelum kedatangan."",""terms3"":""Voucher tidak dapat diuangkan atau digabungkan dengan promo lainnya.""}",manual,flat,20000,,,2026-09-01,1.0,0,True,2026-06-19T08:24:51.425441+00:00,True,SRAGA-W4R5U3,,True,,Batch: 20rb batch 2 (19 Jun 2026 - B8G),,owner,global,,
db4527ef-8646-437e-9174-ec28160253ae,Voucher Relaksasi,"{""tagline"":""Apresiasi untuk tubuhmu yang sudah lelah beraktivitas hari ini. Voucher Relaksasi Rp20.000 dari SerenaRaga."",""terms1"":""Berlaku untuk layanan Home Service Massage di wilayah Yogyakarta (free transport max 10km)."",""terms2"":""Wajib melakukan reservasi maksimal H-1 sebelum kedatangan."",""terms3"":""Voucher tidak dapat diuangkan atau digabungkan dengan promo lainnya.""}",manual,flat,20000,,,2026-09-01,1.0,0,True,2026-06-19T08:24:51.425441+00:00,True,SRAGA-P4V4A4,,True,,Batch: 20rb batch 2 (19 Jun 2026 - B8G),,owner,global,,
55b18c8d-7d96-4464-ba25-3dad80fd055d,Voucher Relaksasi,"{""tagline"":""Apresiasi untuk tubuhmu yang sudah lelah beraktivitas hari ini. Voucher Relaksasi Rp20.000 dari SerenaRaga."",""terms1"":""Berlaku untuk layanan Home Service Massage di wilayah Yogyakarta (free transport max 10km)."",""terms2"":""Wajib melakukan reservasi maksimal H-1 sebelum kedatangan."",""terms3"":""Voucher tidak dapat diuangkan atau digabungkan dengan promo lainnya.""}",manual,flat,20000,,,2026-09-01,1.0,0,True,2026-06-19T08:24:51.425441+00:00,True,SRAGA-J8Q8V4,,True,,Batch: 20rb batch 2 (19 Jun 2026 - B8G),,owner,global,,
63d3ba2d-da25-4258-b988-55760a6e1c5a,Voucher Relaksasi,"{""tagline"":""Apresiasi untuk tubuhmu yang sudah lelah beraktivitas hari ini. Voucher Relaksasi Rp20.000 dari SerenaRaga."",""terms1"":""Berlaku untuk layanan Home Service Massage di wilayah Yogyakarta (free transport max 10km)."",""terms2"":""Wajib melakukan reservasi maksimal H-1 sebelum kedatangan."",""terms3"":""Voucher tidak dapat diuangkan atau digabungkan dengan promo lainnya.""}",manual,flat,20000,,,2026-09-01,1.0,0,True,2026-06-19T08:24:51.425441+00:00,True,SRAGA-H5Q8K2,,True,,Batch: 20rb batch 2 (19 Jun 2026 - B8G),,owner,global,,
d2c4b43a-2c09-4039-8e70-f95a0b9fbb8f,Voucher Relaksasi,"{""tagline"":""Apresiasi untuk tubuhmu yang sudah lelah beraktivitas hari ini. Voucher Relaksasi Rp20.000 dari SerenaRaga."",""terms1"":""Berlaku untuk layanan Home Service Massage di wilayah Yogyakarta (free transport max 10km)."",""terms2"":""Wajib melakukan reservasi maksimal H-1 sebelum kedatangan."",""terms3"":""Voucher tidak dapat diuangkan atau digabungkan dengan promo lainnya.""}",manual,flat,20000,,,2026-09-01,1.0,0,True,2026-06-19T08:24:51.425441+00:00,True,SRAGA-W5C6P2,,True,,Batch: 20rb batch 2 (19 Jun 2026 - B8G),,owner,global,,
9a029d62-0776-4865-a0af-9a74e5e15708,Voucher Relaksasi,"{""tagline"":""Apresiasi untuk tubuhmu yang sudah lelah beraktivitas hari ini. Voucher Relaksasi Rp20.000 dari SerenaRaga."",""terms1"":""Berlaku untuk layanan Home Service Massage di wilayah Yogyakarta (free transport max 10km)."",""terms2"":""Wajib melakukan reservasi maksimal H-1 sebelum kedatangan."",""terms3"":""Voucher tidak dapat diuangkan atau digabungkan dengan promo lainnya.""}",manual,flat,20000,,,2026-09-01,1.0,0,True,2026-06-19T08:24:51.425441+00:00,True,SRAGA-A3P5A4,,True,,Batch: 20rb batch 2 (19 Jun 2026 - B8G),,owner,global,,
916ca52c-fcc6-4f14-a7e0-829ce045213d,Voucher Relaksasi,"{""tagline"":""Apresiasi untuk tubuhmu yang sudah lelah beraktivitas hari ini. Voucher Relaksasi Rp20.000 dari SerenaRaga."",""terms1"":""Berlaku untuk layanan Home Service Massage di wilayah Yogyakarta (free transport max 10km)."",""terms2"":""Wajib melakukan reservasi maksimal H-1 sebelum kedatangan."",""terms3"":""Voucher tidak dapat diuangkan atau digabungkan dengan promo lainnya.""}",manual,flat,20000,,,2026-09-01,1.0,0,True,2026-06-19T08:24:51.425441+00:00,True,SRAGA-X4G5B3,,True,,Batch: 20rb batch 2 (19 Jun 2026 - B8G),,owner,global,,
f4a1879b-afe9-488e-94f2-7e9f7e7dfc6a,Voucher Relaksasi,"{""tagline"":""Apresiasi untuk tubuhmu yang sudah lelah beraktivitas hari ini. Voucher Relaksasi Rp20.000 dari SerenaRaga."",""terms1"":""Berlaku untuk layanan Home Service Massage di wilayah Yogyakarta (free transport max 10km)."",""terms2"":""Wajib melakukan reservasi maksimal H-1 sebelum kedatangan."",""terms3"":""Voucher tidak dapat diuangkan atau digabungkan dengan promo lainnya.""}",manual,flat,20000,,,2026-09-01,1.0,0,True,2026-06-19T08:24:51.425441+00:00,True,SRAGA-C4T3Q6,,True,,Batch: 20rb batch 2 (19 Jun 2026 - B8G),,owner,global,,
ff56afc9-6900-4dc2-849a-7479afbc67a8,Voucher Relaksasi,"{""tagline"":""Apresiasi untuk tubuhmu yang sudah lelah beraktivitas hari ini. Voucher Relaksasi Rp20.000 dari SerenaRaga."",""terms1"":""Berlaku untuk layanan Home Service Massage di wilayah Yogyakarta (free transport max 10km)."",""terms2"":""Wajib melakukan reservasi maksimal H-1 sebelum kedatangan."",""terms3"":""Voucher tidak dapat diuangkan atau digabungkan dengan promo lainnya.""}",manual,flat,20000,,,2026-09-01,1.0,0,True,2026-06-19T08:24:51.425441+00:00,True,SRAGA-N9T3C5,,True,,Batch: 20rb batch 2 (19 Jun 2026 - B8G),,owner,global,,
a2dcbd15-1d53-4a82-a148-b4bb44dd724b,Voucher Relaksasi,"{""tagline"":""Apresiasi untuk tubuhmu yang sudah lelah beraktivitas hari ini. Voucher Relaksasi Rp20.000 dari SerenaRaga."",""terms1"":""Berlaku untuk layanan Home Service Massage di wilayah Yogyakarta (free transport max 10km)."",""terms2"":""Wajib melakukan reservasi maksimal H-1 sebelum kedatangan."",""terms3"":""Voucher tidak dapat diuangkan atau digabungkan dengan promo lainnya.""}",manual,flat,20000,,,2026-09-01,1.0,0,True,2026-06-19T08:24:51.425441+00:00,True,SRAGA-J3F9B4,,True,,Batch: 20rb batch 2 (19 Jun 2026 - B8G),,owner,global,,
1b136cc7-e5a0-4f7e-af30-1ce2939d1bcb,Voucher Relaksasi,"{""tagline"":""Apresiasi untuk tubuhmu yang sudah lelah beraktivitas hari ini. Voucher Relaksasi Rp20.000 dari SerenaRaga."",""terms1"":""Berlaku untuk layanan Home Service Massage di wilayah Yogyakarta (free transport max 10km)."",""terms2"":""Wajib melakukan reservasi maksimal H-1 sebelum kedatangan."",""terms3"":""Voucher tidak dapat diuangkan atau digabungkan dengan promo lainnya.""}",manual,flat,20000,,,2026-09-01,1.0,0,True,2026-06-19T08:24:51.425441+00:00,True,SRAGA-L3D4T6,,True,,Batch: 20rb batch 2 (19 Jun 2026 - B8G),,owner,global,,
5108fd66-53ae-4ff1-9a4c-17d10b547a73,Voucher Relaksasi,"{""tagline"":""Apresiasi untuk tubuhmu yang sudah lelah beraktivitas hari ini. Voucher Relaksasi Rp20.000 dari SerenaRaga."",""terms1"":""Berlaku untuk layanan Home Service Massage di wilayah Yogyakarta (free transport max 10km)."",""terms2"":""Wajib melakukan reservasi maksimal H-1 sebelum kedatangan."",""terms3"":""Voucher tidak dapat diuangkan atau digabungkan dengan promo lainnya.""}",manual,flat,20000,,,2026-09-01,1.0,0,True,2026-06-19T08:24:51.425441+00:00,True,SRAGA-W4K5Q7,,True,,Batch: 20rb batch 2 (19 Jun 2026 - B8G),,owner,global,,
71982e80-530b-4052-b5b1-49901df94d83,Voucher Relaksasi,"{""tagline"":""Apresiasi untuk tubuhmu yang sudah lelah beraktivitas hari ini. Voucher Relaksasi Rp20.000 dari SerenaRaga."",""terms1"":""Berlaku untuk layanan Home Service Massage di wilayah Yogyakarta (free transport max 10km)."",""terms2"":""Wajib melakukan reservasi maksimal H-1 sebelum kedatangan."",""terms3"":""Voucher tidak dapat diuangkan atau digabungkan dengan promo lainnya.""}",manual,flat,20000,,,2026-09-01,1.0,0,True,2026-06-19T08:24:51.425441+00:00,True,SRAGA-M7S4U3,,True,,Batch: 20rb batch 2 (19 Jun 2026 - B8G),,owner,global,,
395455f7-e677-4857-a190-b76131106466,Voucher Relaksasi,"{""tagline"":""Apresiasi untuk tubuhmu yang sudah lelah beraktivitas hari ini. Voucher Relaksasi Rp20.000 dari SerenaRaga."",""terms1"":""Berlaku untuk layanan Home Service Massage di wilayah Yogyakarta (free transport max 10km)."",""terms2"":""Wajib melakukan reservasi maksimal H-1 sebelum kedatangan."",""terms3"":""Voucher tidak dapat diuangkan atau digabungkan dengan promo lainnya.""}",manual,flat,20000,,,2026-09-01,1.0,0,True,2026-06-19T08:24:51.425441+00:00,True,SRAGA-V4K7A2,,True,,Batch: 20rb batch 2 (19 Jun 2026 - B8G),,owner,global,,
37ac2920-330b-4369-8aba-e6e08db7ab60,Voucher Relaksasi,"{""tagline"":""Apresiasi untuk tubuhmu yang sudah lelah beraktivitas hari ini. Voucher Relaksasi Rp20.000 dari SerenaRaga."",""terms1"":""Berlaku untuk layanan Home Service Massage di wilayah Yogyakarta (free transport max 10km)."",""terms2"":""Wajib melakukan reservasi maksimal H-1 sebelum kedatangan."",""terms3"":""Voucher tidak dapat diuangkan atau digabungkan dengan promo lainnya.""}",manual,flat,20000,,,2026-09-01,1.0,0,True,2026-06-19T08:24:51.425441+00:00,True,SRAGA-C9F2B6,,True,,Batch: 20rb batch 2 (19 Jun 2026 - B8G),,owner,global,,
aa9373d2-a853-4ea6-a29c-f38507327665,Voucher Relaksasi,"{""tagline"":""Apresiasi untuk tubuhmu yang sudah lelah beraktivitas hari ini. Voucher Relaksasi Rp20.000 dari SerenaRaga."",""terms1"":""Berlaku untuk layanan Home Service Massage di wilayah Yogyakarta (free transport max 10km)."",""terms2"":""Wajib melakukan reservasi maksimal H-1 sebelum kedatangan."",""terms3"":""Voucher tidak dapat diuangkan atau digabungkan dengan promo lainnya.""}",manual,flat,20000,,,2026-09-01,1.0,0,True,2026-06-19T08:24:51.425441+00:00,True,SRAGA-K2H4Q8,,True,,Batch: 20rb batch 2 (19 Jun 2026 - B8G),,owner,global,,
91850333-3f2a-4957-b12a-19107667bd20,Voucher Relaksasi,"{""tagline"":""Apresiasi untuk tubuhmu yang sudah lelah beraktivitas hari ini. Voucher Relaksasi Rp20.000 dari SerenaRaga."",""terms1"":""Berlaku untuk layanan Home Service Massage di wilayah Yogyakarta (free transport max 10km)."",""terms2"":""Wajib melakukan reservasi maksimal H-1 sebelum kedatangan."",""terms3"":""Voucher tidak dapat diuangkan atau digabungkan dengan promo lainnya.""}",manual,flat,20000,,,2026-09-01,1.0,0,True,2026-06-19T08:24:51.425441+00:00,True,SRAGA-H8U8P4,,True,,Batch: 20rb batch 2 (19 Jun 2026 - B8G),,owner,global,,
672d7672-2945-4886-9c18-ccaf93ee8c88,Voucher Relaksasi,"{""tagline"":""Apresiasi untuk tubuhmu yang sudah lelah beraktivitas hari ini. Voucher Relaksasi Rp20.000 dari SerenaRaga."",""terms1"":""Berlaku untuk layanan Home Service Massage di wilayah Yogyakarta (free transport max 10km)."",""terms2"":""Wajib melakukan reservasi maksimal H-1 sebelum kedatangan."",""terms3"":""Voucher tidak dapat diuangkan atau digabungkan dengan promo lainnya.""}",manual,flat,20000,,,2026-09-01,1.0,0,True,2026-06-19T08:24:51.425441+00:00,True,SRAGA-U9V3C9,,True,,Batch: 20rb batch 2 (19 Jun 2026 - B8G),,owner,global,,
f2df15d9-7fcf-4a09-8ed8-04297d9d5376,Voucher Relaksasi,"{""tagline"":""Apresiasi untuk tubuhmu yang sudah lelah beraktivitas hari ini. Voucher Relaksasi Rp20.000 dari SerenaRaga."",""terms1"":""Berlaku untuk layanan Home Service Massage di wilayah Yogyakarta (free transport max 10km)."",""terms2"":""Wajib melakukan reservasi maksimal H-1 sebelum kedatangan."",""terms3"":""Voucher tidak dapat diuangkan atau digabungkan dengan promo lainnya.""}",manual,flat,20000,,,2026-09-01,1.0,0,True,2026-06-19T08:24:51.425441+00:00,True,SRAGA-Z9P9K5,,True,,Batch: 20rb batch 2 (19 Jun 2026 - B8G),,owner,global,,
59243dd6-35e7-48aa-afd1-49c68d309afc,Voucher Relaksasi,"{""tagline"":""Apresiasi untuk tubuhmu yang sudah lelah beraktivitas hari ini. Voucher Relaksasi Rp20.000 dari SerenaRaga."",""terms1"":""Berlaku untuk layanan Home Service Massage di wilayah Yogyakarta (free transport max 10km)."",""terms2"":""Wajib melakukan reservasi maksimal H-1 sebelum kedatangan."",""terms3"":""Voucher tidak dapat diuangkan atau digabungkan dengan promo lainnya.""}",manual,flat,20000,,,2026-09-01,1.0,0,True,2026-06-19T08:24:51.425441+00:00,True,SRAGA-E4Y6Q5,,True,,Batch: 20rb batch 2 (19 Jun 2026 - B8G),,owner,global,,
00ebdf65-d175-48d1-8767-049f48cf0ff7,Voucher Relaksasi,"{""tagline"":""Apresiasi untuk tubuhmu yang sudah lelah beraktivitas hari ini. Voucher Relaksasi Rp20.000 dari SerenaRaga."",""terms1"":""Berlaku untuk layanan Home Service Massage di wilayah Yogyakarta (free transport max 10km)."",""terms2"":""Wajib melakukan reservasi maksimal H-1 sebelum kedatangan."",""terms3"":""Voucher tidak dapat diuangkan atau digabungkan dengan promo lainnya.""}",manual,flat,20000,,,2026-09-01,1.0,0,True,2026-06-19T08:24:51.425441+00:00,True,SRAGA-A8N3G9,,True,,Batch: 20rb batch 2 (19 Jun 2026 - B8G),,owner,global,,
7c341a75-0a18-44ec-b905-02cd3137b8a5,Voucher Relaksasi,"{""tagline"":""Apresiasi untuk tubuhmu yang sudah lelah beraktivitas hari ini. Voucher Relaksasi Rp20.000 dari SerenaRaga."",""terms1"":""Berlaku untuk layanan Home Service Massage di wilayah Yogyakarta (free transport max 10km)."",""terms2"":""Wajib melakukan reservasi maksimal H-1 sebelum kedatangan."",""terms3"":""Voucher tidak dapat diuangkan atau digabungkan dengan promo lainnya.""}",manual,flat,20000,,,2026-09-01,1.0,0,True,2026-06-19T08:24:51.425441+00:00,True,SRAGA-N7W7V7,,True,,Batch: 20rb batch 2 (19 Jun 2026 - B8G),,owner,global,,
cd0a4d83-f46a-47b2-a86e-464fa2c80d74,Voucher Relaksasi,"{""tagline"":""Apresiasi untuk tubuhmu yang sudah lelah beraktivitas hari ini. Voucher Relaksasi Rp20.000 dari SerenaRaga."",""terms1"":""Berlaku untuk layanan Home Service Massage di wilayah Yogyakarta (free transport max 10km)."",""terms2"":""Wajib melakukan reservasi maksimal H-1 sebelum kedatangan."",""terms3"":""Voucher tidak dapat diuangkan atau digabungkan dengan promo lainnya.""}",manual,flat,20000,,,2026-09-01,1.0,0,True,2026-06-19T08:24:51.425441+00:00,True,SRAGA-R5B3S6,,True,,Batch: 20rb batch 2 (19 Jun 2026 - B8G),,owner,global,,
44ed7e04-0339-4ef5-858a-18abd55bb712,Voucher Relaksasi,"{""tagline"":""Apresiasi untuk tubuhmu yang sudah lelah beraktivitas hari ini. Voucher Relaksasi Rp20.000 dari SerenaRaga."",""terms1"":""Berlaku untuk layanan Home Service Massage di wilayah Yogyakarta (free transport max 10km)."",""terms2"":""Wajib melakukan reservasi maksimal H-1 sebelum kedatangan."",""terms3"":""Voucher tidak dapat diuangkan atau digabungkan dengan promo lainnya.""}",manual,flat,20000,,,2026-09-01,1.0,0,True,2026-06-19T08:24:51.425441+00:00,True,SRAGA-W9X4A5,,True,,Batch: 20rb batch 2 (19 Jun 2026 - B8G),,owner,global,,
c3831efe-7e2d-47e0-be2b-eff349fe9f86,Voucher Relaksasi,"{""tagline"":""Apresiasi untuk tubuhmu yang sudah lelah beraktivitas hari ini. Voucher Relaksasi Rp20.000 dari SerenaRaga."",""terms1"":""Berlaku untuk layanan Home Service Massage di wilayah Yogyakarta (free transport max 10km)."",""terms2"":""Wajib melakukan reservasi maksimal H-1 sebelum kedatangan."",""terms3"":""Voucher tidak dapat diuangkan atau digabungkan dengan promo lainnya.""}",manual,flat,20000,,,2026-09-01,1.0,0,True,2026-06-19T08:24:51.425441+00:00,True,SRAGA-Y8H8Q5,,True,,Batch: 20rb batch 2 (19 Jun 2026 - B8G),,owner,global,,
c9f557ae-9d3a-4582-a29b-8f0bbacc103c,Voucher Relaksasi,"{""tagline"":""Apresiasi untuk tubuhmu yang sudah lelah beraktivitas hari ini. Voucher Relaksasi Rp20.000 dari SerenaRaga."",""terms1"":""Berlaku untuk layanan Home Service Massage di wilayah Yogyakarta (free transport max 10km)."",""terms2"":""Wajib melakukan reservasi maksimal H-1 sebelum kedatangan."",""terms3"":""Voucher tidak dapat diuangkan atau digabungkan dengan promo lainnya.""}",manual,flat,20000,,,2026-09-01,1.0,0,True,2026-06-19T08:24:51.425441+00:00,True,SRAGA-X9Z9H2,,True,,Batch: 20rb batch 2 (19 Jun 2026 - B8G),,owner,global,,
da4f02c9-4d5f-4757-9eb4-452efe967617,Voucher Relaksasi,"{""tagline"":""Apresiasi untuk tubuhmu yang sudah lelah beraktivitas hari ini. Voucher Relaksasi Rp20.000 dari SerenaRaga."",""terms1"":""Berlaku untuk layanan Home Service Massage di wilayah Yogyakarta (free transport max 10km)."",""terms2"":""Wajib melakukan reservasi maksimal H-1 sebelum kedatangan."",""terms3"":""Voucher tidak dapat diuangkan atau digabungkan dengan promo lainnya.""}",manual,flat,20000,,,2026-09-01,1.0,0,True,2026-06-19T08:24:51.425441+00:00,True,SRAGA-P6U7Y2,,True,,Batch: 20rb batch 2 (19 Jun 2026 - B8G),,owner,global,,
cce81146-023a-4390-8f5c-7f8ad8630d62,Voucher Relaksasi,"{""tagline"":""Apresiasi untuk tubuhmu yang sudah lelah beraktivitas hari ini. Voucher Relaksasi Rp20.000 dari SerenaRaga."",""terms1"":""Berlaku untuk layanan Home Service Massage di wilayah Yogyakarta (free transport max 10km)."",""terms2"":""Wajib melakukan reservasi maksimal H-1 sebelum kedatangan."",""terms3"":""Voucher tidak dapat diuangkan atau digabungkan dengan promo lainnya.""}",manual,flat,20000,,,2026-09-01,1.0,0,True,2026-06-19T08:24:51.425441+00:00,True,SRAGA-U6X7B4,,True,,Batch: 20rb batch 2 (19 Jun 2026 - B8G),,owner,global,,
8da44dd1-da0d-446e-bd23-e894658a274a,Voucher Relaksasi,"{""tagline"":""Apresiasi untuk tubuhmu yang sudah lelah beraktivitas hari ini. Voucher Relaksasi Rp20.000 dari SerenaRaga."",""terms1"":""Berlaku untuk layanan Home Service Massage di wilayah Yogyakarta (free transport max 10km)."",""terms2"":""Wajib melakukan reservasi maksimal H-1 sebelum kedatangan."",""terms3"":""Voucher tidak dapat diuangkan atau digabungkan dengan promo lainnya.""}",manual,flat,20000,,,2026-09-01,1.0,0,True,2026-06-19T08:24:51.425441+00:00,True,SRAGA-Z2V5X3,,True,,Batch: 20rb batch 2 (19 Jun 2026 - B8G),,owner,global,,
bfbbd4f2-bb9f-4992-bd8c-63515874a7b5,Voucher Relaksasi,"{""tagline"":""Apresiasi untuk tubuhmu yang sudah lelah beraktivitas hari ini. Voucher Relaksasi Rp20.000 dari SerenaRaga."",""terms1"":""Berlaku untuk layanan Home Service Massage di wilayah Yogyakarta (free transport max 10km)."",""terms2"":""Wajib melakukan reservasi maksimal H-1 sebelum kedatangan."",""terms3"":""Voucher tidak dapat diuangkan atau digabungkan dengan promo lainnya.""}",manual,flat,20000,,,2026-09-01,1.0,0,True,2026-06-19T08:24:51.425441+00:00,True,SRAGA-W2D5A4,,True,,Batch: 20rb batch 2 (19 Jun 2026 - B8G),,owner,global,,
6391e118-fb58-46c6-b29b-d057d0ac5577,Voucher Relaksasi,"{""tagline"":""Apresiasi untuk tubuhmu yang sudah lelah beraktivitas hari ini. Voucher Relaksasi Rp20.000 dari SerenaRaga."",""terms1"":""Berlaku untuk layanan Home Service Massage di wilayah Yogyakarta (free transport max 10km)."",""terms2"":""Wajib melakukan reservasi maksimal H-1 sebelum kedatangan."",""terms3"":""Voucher tidak dapat diuangkan atau digabungkan dengan promo lainnya.""}",manual,flat,20000,,,2026-09-01,1.0,0,True,2026-06-19T08:24:51.425441+00:00,True,SRAGA-M3C3H5,,True,,Batch: 20rb batch 2 (19 Jun 2026 - B8G),,owner,global,,
b7915e57-78a9-46a9-97a9-7a1361f73270,Voucher Relaksasi,"{""tagline"":""Apresiasi untuk tubuhmu yang sudah lelah beraktivitas hari ini. Voucher Relaksasi Rp20.000 dari SerenaRaga."",""terms1"":""Berlaku untuk layanan Home Service Massage di wilayah Yogyakarta (free transport max 10km)."",""terms2"":""Wajib melakukan reservasi maksimal H-1 sebelum kedatangan."",""terms3"":""Voucher tidak dapat diuangkan atau digabungkan dengan promo lainnya.""}",manual,flat,20000,,,2026-09-01,1.0,0,True,2026-06-19T08:24:51.425441+00:00,True,SRAGA-K7Q5S4,,True,,Batch: 20rb batch 2 (19 Jun 2026 - B8G),,owner,global,,
7a4f5e99-bbd2-429f-b046-9a0d62e45d3f,Voucher Relaksasi,"{""tagline"":""Apresiasi untuk tubuhmu yang sudah lelah beraktivitas hari ini. Voucher Relaksasi Rp20.000 dari SerenaRaga."",""terms1"":""Berlaku untuk layanan Home Service Massage di wilayah Yogyakarta (free transport max 10km)."",""terms2"":""Wajib melakukan reservasi maksimal H-1 sebelum kedatangan."",""terms3"":""Voucher tidak dapat diuangkan atau digabungkan dengan promo lainnya.""}",manual,flat,20000,,,2026-09-01,1.0,0,True,2026-06-19T08:24:51.425441+00:00,True,SRAGA-N6C6C9,,True,,Batch: 20rb batch 2 (19 Jun 2026 - B8G),,owner,global,,
bc39f301-a4e3-47e4-ac9a-6cf0247da3f3,Voucher Relaksasi,"{""tagline"":""Apresiasi untuk tubuhmu yang sudah lelah beraktivitas hari ini. Voucher Relaksasi Rp20.000 dari SerenaRaga."",""terms1"":""Berlaku untuk layanan Home Service Massage di wilayah Yogyakarta (free transport max 10km)."",""terms2"":""Wajib melakukan reservasi maksimal H-1 sebelum kedatangan."",""terms3"":""Voucher tidak dapat diuangkan atau digabungkan dengan promo lainnya.""}",manual,flat,20000,,,2026-09-01,1.0,0,True,2026-06-19T08:24:51.425441+00:00,True,SRAGA-G7K9E3,,True,,Batch: 20rb batch 2 (19 Jun 2026 - B8G),,owner,global,,
79f56631-3796-4a4b-88b8-93445364bc74,Voucher Relaksasi,"{""tagline"":""Apresiasi untuk tubuhmu yang sudah lelah beraktivitas hari ini. Voucher Relaksasi Rp20.000 dari SerenaRaga."",""terms1"":""Berlaku untuk layanan Home Service Massage di wilayah Yogyakarta (free transport max 10km)."",""terms2"":""Wajib melakukan reservasi maksimal H-1 sebelum kedatangan."",""terms3"":""Voucher tidak dapat diuangkan atau digabungkan dengan promo lainnya.""}",manual,flat,20000,,,2026-09-01,1.0,0,True,2026-06-19T08:24:51.425441+00:00,True,SRAGA-Q2V8Q7,,True,,Batch: 20rb batch 2 (19 Jun 2026 - B8G),,owner,global,,
f9fc11c8-23bd-41de-b0c6-2dbd43865a3e,Voucher Relaksasi,"{""tagline"":""Apresiasi untuk tubuhmu yang sudah lelah beraktivitas hari ini. Voucher Relaksasi Rp20.000 dari SerenaRaga."",""terms1"":""Berlaku untuk layanan Home Service Massage di wilayah Yogyakarta (free transport max 10km)."",""terms2"":""Wajib melakukan reservasi maksimal H-1 sebelum kedatangan."",""terms3"":""Voucher tidak dapat diuangkan atau digabungkan dengan promo lainnya.""}",manual,flat,20000,,,2026-09-01,1.0,0,True,2026-06-19T08:24:51.425441+00:00,True,SRAGA-D2C3L8,,True,,Batch: 20rb batch 2 (19 Jun 2026 - B8G),,owner,global,,
b1123a15-b470-43c3-b883-d1c863a19714,Voucher Relaksasi,"{""tagline"":""Apresiasi untuk tubuhmu yang sudah lelah beraktivitas hari ini. Voucher Relaksasi Rp20.000 dari SerenaRaga."",""terms1"":""Berlaku untuk layanan Home Service Massage di wilayah Yogyakarta (free transport max 10km)."",""terms2"":""Wajib melakukan reservasi maksimal H-1 sebelum kedatangan."",""terms3"":""Voucher tidak dapat diuangkan atau digabungkan dengan promo lainnya.""}",manual,flat,20000,,,2026-09-01,1.0,0,True,2026-06-19T08:24:51.425441+00:00,True,SRAGA-J8E6B4,,True,,Batch: 20rb batch 2 (19 Jun 2026 - B8G),,owner,global,,
88338f24-eb3b-4e20-b669-753bc1ef9072,Voucher Relaksasi,"{""tagline"":""Apresiasi untuk tubuhmu yang sudah lelah beraktivitas hari ini. Voucher Relaksasi Rp20.000 dari SerenaRaga."",""terms1"":""Berlaku untuk layanan Home Service Massage di wilayah Yogyakarta (free transport max 10km)."",""terms2"":""Wajib melakukan reservasi maksimal H-1 sebelum kedatangan."",""terms3"":""Voucher tidak dapat diuangkan atau digabungkan dengan promo lainnya.""}",manual,flat,20000,,,2026-09-01,1.0,0,True,2026-06-19T08:24:51.425441+00:00,True,SRAGA-P3Z8H8,,True,,Batch: 20rb batch 2 (19 Jun 2026 - B8G),,owner,global,,
feb7c0de-acb1-43ba-8c21-9752cfb0b857,Voucher Relaksasi,"{""tagline"":""Apresiasi untuk tubuhmu yang sudah lelah beraktivitas hari ini. Voucher Relaksasi Rp20.000 dari SerenaRaga."",""terms1"":""Berlaku untuk layanan Home Service Massage di wilayah Yogyakarta (free transport max 10km)."",""terms2"":""Wajib melakukan reservasi maksimal H-1 sebelum kedatangan."",""terms3"":""Voucher tidak dapat diuangkan atau digabungkan dengan promo lainnya.""}",manual,flat,20000,,,2026-09-01,1.0,0,True,2026-06-19T08:24:51.425441+00:00,True,SRAGA-U3U3V2,,True,,Batch: 20rb batch 2 (19 Jun 2026 - B8G),,owner,global,,
152b6a42-b101-4b1f-9927-7280daa70682,Voucher Relaksasi,"{""tagline"":""Apresiasi untuk tubuhmu yang sudah lelah beraktivitas hari ini. Voucher Relaksasi Rp20.000 dari SerenaRaga."",""terms1"":""Berlaku untuk layanan Home Service Massage di wilayah Yogyakarta (free transport max 10km)."",""terms2"":""Wajib melakukan reservasi maksimal H-1 sebelum kedatangan."",""terms3"":""Voucher tidak dapat diuangkan atau digabungkan dengan promo lainnya.""}",manual,flat,20000,,,2026-09-01,1.0,0,True,2026-06-19T08:24:51.425441+00:00,True,SRAGA-T2Q4F7,,True,,Batch: 20rb batch 2 (19 Jun 2026 - B8G),,owner,global,,
3ea2217f-8d07-4def-9796-65c7efe2f88f,Voucher Relaksasi,"{""tagline"":""Apresiasi untuk tubuhmu yang sudah lelah beraktivitas hari ini. Voucher Relaksasi Rp20.000 dari SerenaRaga."",""terms1"":""Berlaku untuk layanan Home Service Massage di wilayah Yogyakarta (free transport max 10km)."",""terms2"":""Wajib melakukan reservasi maksimal H-1 sebelum kedatangan."",""terms3"":""Voucher tidak dapat diuangkan atau digabungkan dengan promo lainnya.""}",manual,flat,20000,,,2026-09-01,1.0,0,True,2026-06-19T08:24:51.425441+00:00,True,SRAGA-S5R6E7,,True,,Batch: 20rb batch 2 (19 Jun 2026 - B8G),,owner,global,,
b5766ce2-48e2-4517-bbd3-eb736add3acd,Voucher Relaksasi,"{""tagline"":""Apresiasi untuk tubuhmu yang sudah lelah beraktivitas hari ini. Voucher Relaksasi Rp20.000 dari SerenaRaga."",""terms1"":""Berlaku untuk layanan Home Service Massage di wilayah Yogyakarta (free transport max 10km)."",""terms2"":""Wajib melakukan reservasi maksimal H-1 sebelum kedatangan."",""terms3"":""Voucher tidak dapat diuangkan atau digabungkan dengan promo lainnya.""}",manual,flat,20000,,,2026-09-01,1.0,0,True,2026-06-19T08:24:51.425441+00:00,True,SRAGA-A8B3W2,,True,,Batch: 20rb batch 2 (19 Jun 2026 - B8G),,owner,global,,
7ff9a82a-d36b-4530-8d70-d3ae9a393b4f,Voucher Relaksasi,"{""tagline"":""Apresiasi untuk tubuhmu yang sudah lelah beraktivitas hari ini. Voucher Relaksasi Rp20.000 dari SerenaRaga."",""terms1"":""Berlaku untuk layanan Home Service Massage di wilayah Yogyakarta (free transport max 10km)."",""terms2"":""Wajib melakukan reservasi maksimal H-1 sebelum kedatangan."",""terms3"":""Voucher tidak dapat diuangkan atau digabungkan dengan promo lainnya.""}",manual,flat,20000,,,2026-09-01,1.0,0,True,2026-06-19T08:24:51.425441+00:00,True,SRAGA-V7P9P4,,True,,Batch: 20rb batch 2 (19 Jun 2026 - B8G),,owner,global,,
62795ca9-f6f7-4338-b5c1-47f1b4f1c2b3,Voucher Relaksasi,"{""tagline"":""Apresiasi untuk tubuhmu yang sudah lelah beraktivitas hari ini. Voucher Relaksasi Rp20.000 dari SerenaRaga."",""terms1"":""Berlaku untuk layanan Home Service Massage di wilayah Yogyakarta (free transport max 10km)."",""terms2"":""Wajib melakukan reservasi maksimal H-1 sebelum kedatangan."",""terms3"":""Voucher tidak dapat diuangkan atau digabungkan dengan promo lainnya.""}",manual,flat,20000,,,2026-09-01,1.0,0,True,2026-06-19T08:24:51.425441+00:00,True,SRAGA-R3H3U9,,True,,Batch: 20rb batch 2 (19 Jun 2026 - B8G),,owner,global,,
b02bdefd-ff22-4696-a972-50d86a995b85,Voucher Relaksasi,"{""tagline"":""Apresiasi untuk tubuhmu yang sudah lelah beraktivitas hari ini. Voucher Relaksasi Rp20.000 dari SerenaRaga."",""terms1"":""Berlaku untuk layanan Home Service Massage di wilayah Yogyakarta (free transport max 10km)."",""terms2"":""Wajib melakukan reservasi maksimal H-1 sebelum kedatangan."",""terms3"":""Voucher tidak dapat diuangkan atau digabungkan dengan promo lainnya.""}",manual,flat,20000,,,2026-09-01,1.0,0,True,2026-06-19T08:24:51.425441+00:00,True,SRAGA-U2E8T7,,True,,Batch: 20rb batch 2 (19 Jun 2026 - B8G),,owner,global,,
5a482b8e-4f43-4a2f-b2cd-b347561a8117,Voucher Relaksasi,"{""tagline"":""Apresiasi untuk tubuhmu yang sudah lelah beraktivitas hari ini. Voucher Relaksasi Rp20.000 dari SerenaRaga."",""terms1"":""Berlaku untuk layanan Home Service Massage di wilayah Yogyakarta (free transport max 10km)."",""terms2"":""Wajib melakukan reservasi maksimal H-1 sebelum kedatangan."",""terms3"":""Voucher tidak dapat diuangkan atau digabungkan dengan promo lainnya.""}",manual,flat,20000,,,2026-09-01,1.0,0,True,2026-06-19T08:24:51.425441+00:00,True,SRAGA-W6G3B8,,True,,Batch: 20rb batch 2 (19 Jun 2026 - B8G),,owner,global,,
26c06219-aa47-4649-9129-5099c34026c0,Voucher Relaksasi,"{""tagline"":""Apresiasi untuk tubuhmu yang sudah lelah beraktivitas hari ini. Voucher Relaksasi Rp20.000 dari SerenaRaga."",""terms1"":""Berlaku untuk layanan Home Service Massage di wilayah Yogyakarta (free transport max 10km)."",""terms2"":""Wajib melakukan reservasi maksimal H-1 sebelum kedatangan."",""terms3"":""Voucher tidak dapat diuangkan atau digabungkan dengan promo lainnya.""}",manual,flat,20000,,,2026-09-01,1.0,0,True,2026-06-19T08:24:51.425441+00:00,True,SRAGA-H7D7T2,,True,,Batch: 20rb batch 2 (19 Jun 2026 - B8G),,owner,global,,
e259b1fb-6efb-4e73-abe8-ae786b091477,Voucher Relaksasi,"{""tagline"":""Apresiasi untuk tubuhmu yang sudah lelah beraktivitas hari ini. Voucher Relaksasi Rp20.000 dari SerenaRaga."",""terms1"":""Berlaku untuk layanan Home Service Massage di wilayah Yogyakarta (free transport max 10km)."",""terms2"":""Wajib melakukan reservasi maksimal H-1 sebelum kedatangan."",""terms3"":""Voucher tidak dapat diuangkan atau digabungkan dengan promo lainnya.""}",manual,flat,20000,,,2026-09-01,1.0,0,True,2026-06-19T08:24:51.425441+00:00,True,SRAGA-X2Y7S6,,True,,Batch: 20rb batch 2 (19 Jun 2026 - B8G),,owner,global,,
9b8a1263-1708-449d-a27e-54035adb7c81,Voucher Relaksasi,"{""tagline"":""Apresiasi untuk tubuhmu yang sudah lelah beraktivitas hari ini. Voucher Relaksasi Rp20.000 dari SerenaRaga."",""terms1"":""Berlaku untuk layanan Home Service Massage di wilayah Yogyakarta (free transport max 10km)."",""terms2"":""Wajib melakukan reservasi maksimal H-1 sebelum kedatangan."",""terms3"":""Voucher tidak dapat diuangkan atau digabungkan dengan promo lainnya.""}",manual,flat,20000,,,2026-09-01,1.0,0,True,2026-06-19T08:24:51.425441+00:00,True,SRAGA-D6M6A9,,True,,Batch: 20rb batch 2 (19 Jun 2026 - B8G),,owner,global,,
424b243a-6d68-4539-875e-9c62f139b928,Voucher Relaksasi,"{""tagline"":""Apresiasi untuk tubuhmu yang sudah lelah beraktivitas hari ini. Voucher Relaksasi Rp20.000 dari SerenaRaga."",""terms1"":""Berlaku untuk layanan Home Service Massage di wilayah Yogyakarta (free transport max 10km)."",""terms2"":""Wajib melakukan reservasi maksimal H-1 sebelum kedatangan."",""terms3"":""Voucher tidak dapat diuangkan atau digabungkan dengan promo lainnya.""}",manual,flat,20000,,,2026-09-01,1.0,0,True,2026-06-19T08:24:51.425441+00:00,True,SRAGA-U3E3B4,,True,,Batch: 20rb batch 2 (19 Jun 2026 - B8G),,owner,global,,
452d2a7d-fbe7-4e47-8733-a24eace3869d,Voucher Relaksasi,"{""tagline"":""Apresiasi untuk tubuhmu yang sudah lelah beraktivitas hari ini. Voucher Relaksasi Rp20.000 dari SerenaRaga."",""terms1"":""Berlaku untuk layanan Home Service Massage di wilayah Yogyakarta (free transport max 10km)."",""terms2"":""Wajib melakukan reservasi maksimal H-1 sebelum kedatangan."",""terms3"":""Voucher tidak dapat diuangkan atau digabungkan dengan promo lainnya.""}",manual,flat,20000,,,2026-09-01,1.0,0,True,2026-06-19T08:24:51.425441+00:00,True,SRAGA-M7Z3F5,,True,,Batch: 20rb batch 2 (19 Jun 2026 - B8G),,owner,global,,
ccad0bb0-925a-49f4-9ff9-e7a226bb1270,Voucher Relaksasi,"{""tagline"":""Apresiasi untuk tubuhmu yang sudah lelah beraktivitas hari ini. Voucher Relaksasi Rp20.000 dari SerenaRaga."",""terms1"":""Berlaku untuk layanan Home Service Massage di wilayah Yogyakarta (free transport max 10km)."",""terms2"":""Wajib melakukan reservasi maksimal H-1 sebelum kedatangan."",""terms3"":""Voucher tidak dapat diuangkan atau digabungkan dengan promo lainnya.""}",manual,flat,20000,,,2026-09-01,1.0,0,True,2026-06-19T08:24:51.425441+00:00,True,SRAGA-Q2F5E5,,True,,Batch: 20rb batch 2 (19 Jun 2026 - B8G),,owner,global,,
886dc86a-43c8-4c43-b4ad-298f97822baf,Voucher Relaksasi,"{""tagline"":""Apresiasi untuk tubuhmu yang sudah lelah beraktivitas hari ini. Voucher Relaksasi Rp20.000 dari SerenaRaga."",""terms1"":""Berlaku untuk layanan Home Service Massage di wilayah Yogyakarta (free transport max 10km)."",""terms2"":""Wajib melakukan reservasi maksimal H-1 sebelum kedatangan."",""terms3"":""Voucher tidak dapat diuangkan atau digabungkan dengan promo lainnya.""}",manual,flat,20000,,,2026-09-01,1.0,0,True,2026-06-19T08:24:51.425441+00:00,True,SRAGA-K8X5D7,,True,,Batch: 20rb batch 2 (19 Jun 2026 - B8G),,owner,global,,
0c5b52a4-7b7b-4252-8020-19fe0b6a5729,Voucher Relaksasi,"{""tagline"":""Apresiasi untuk tubuhmu yang sudah lelah beraktivitas hari ini. Voucher Relaksasi Rp20.000 dari SerenaRaga."",""terms1"":""Berlaku untuk layanan Home Service Massage di wilayah Yogyakarta (free transport max 10km)."",""terms2"":""Wajib melakukan reservasi maksimal H-1 sebelum kedatangan."",""terms3"":""Voucher tidak dapat diuangkan atau digabungkan dengan promo lainnya.""}",manual,flat,20000,,,2026-09-01,1.0,0,True,2026-06-19T08:24:51.425441+00:00,True,SRAGA-P6A4E4,,True,,Batch: 20rb batch 2 (19 Jun 2026 - B8G),,owner,global,,
2f5bfeb4-50a2-4128-90ac-0f29c80a6bf3,Voucher Relaksasi,"{""tagline"":""Apresiasi untuk tubuhmu yang sudah lelah beraktivitas hari ini. Voucher Relaksasi Rp20.000 dari SerenaRaga."",""terms1"":""Berlaku untuk layanan Home Service Massage di wilayah Yogyakarta (free transport max 10km)."",""terms2"":""Wajib melakukan reservasi maksimal H-1 sebelum kedatangan."",""terms3"":""Voucher tidak dapat diuangkan atau digabungkan dengan promo lainnya.""}",manual,flat,20000,,,2026-09-01,1.0,0,True,2026-06-19T08:24:51.425441+00:00,True,SRAGA-A6M8P6,,True,,Batch: 20rb batch 2 (19 Jun 2026 - B8G),,owner,global,,
86a8f6a1-3950-47a6-9f1c-51a8810a2837,Voucher Relaksasi,"{""tagline"":""Apresiasi untuk tubuhmu yang sudah lelah beraktivitas hari ini. Voucher Relaksasi Rp20.000 dari SerenaRaga."",""terms1"":""Berlaku untuk layanan Home Service Massage di wilayah Yogyakarta (free transport max 10km)."",""terms2"":""Wajib melakukan reservasi maksimal H-1 sebelum kedatangan."",""terms3"":""Voucher tidak dapat diuangkan atau digabungkan dengan promo lainnya.""}",manual,flat,20000,,,2026-09-01,1.0,0,True,2026-06-19T08:24:51.425441+00:00,True,SRAGA-U4V5D2,,True,,Batch: 20rb batch 2 (19 Jun 2026 - B8G),,owner,global,,
0ae7018a-148e-4021-9fec-ebd5a936e8d3,Voucher Relaksasi,"{""tagline"":""Apresiasi untuk tubuhmu yang sudah lelah beraktivitas hari ini. Voucher Relaksasi Rp20.000 dari SerenaRaga."",""terms1"":""Berlaku untuk layanan Home Service Massage di wilayah Yogyakarta (free transport max 10km)."",""terms2"":""Wajib melakukan reservasi maksimal H-1 sebelum kedatangan."",""terms3"":""Voucher tidak dapat diuangkan atau digabungkan dengan promo lainnya.""}",manual,flat,20000,,,2026-09-01,1.0,0,True,2026-06-19T08:24:51.425441+00:00,True,SRAGA-C6J3W8,,True,,Batch: 20rb batch 2 (19 Jun 2026 - B8G),,owner,global,,
5dd6fdb8-e656-444a-8cce-7d692853c79f,Voucher Relaksasi,"{""tagline"":""Apresiasi untuk tubuhmu yang sudah lelah beraktivitas hari ini. Voucher Relaksasi Rp20.000 dari SerenaRaga."",""terms1"":""Berlaku untuk layanan Home Service Massage di wilayah Yogyakarta (free transport max 10km)."",""terms2"":""Wajib melakukan reservasi maksimal H-1 sebelum kedatangan."",""terms3"":""Voucher tidak dapat diuangkan atau digabungkan dengan promo lainnya.""}",manual,flat,20000,,,2026-09-01,1.0,0,True,2026-06-19T08:24:51.425441+00:00,True,SRAGA-J8Z6N4,,True,,Batch: 20rb batch 2 (19 Jun 2026 - B8G),,owner,global,,
6616e856-5555-4e7f-a012-5ce0f96633ac,Voucher Relaksasi,"{""tagline"":""Apresiasi untuk tubuhmu yang sudah lelah beraktivitas hari ini. Voucher Relaksasi Rp20.000 dari SerenaRaga."",""terms1"":""Berlaku untuk layanan Home Service Massage di wilayah Yogyakarta (free transport max 10km)."",""terms2"":""Wajib melakukan reservasi maksimal H-1 sebelum kedatangan."",""terms3"":""Voucher tidak dapat diuangkan atau digabungkan dengan promo lainnya.""}",manual,flat,20000,,,2026-09-01,1.0,0,True,2026-06-19T08:24:51.425441+00:00,True,SRAGA-V6K4W9,,True,,Batch: 20rb batch 2 (19 Jun 2026 - B8G),,owner,global,,
149bb34c-6589-4f0f-b476-813e2ae17cfa,Voucher Relaksasi,"{""tagline"":""Apresiasi untuk tubuhmu yang sudah lelah beraktivitas hari ini. Voucher Relaksasi Rp20.000 dari SerenaRaga."",""terms1"":""Berlaku untuk layanan Home Service Massage di wilayah Yogyakarta (free transport max 10km)."",""terms2"":""Wajib melakukan reservasi maksimal H-1 sebelum kedatangan."",""terms3"":""Voucher tidak dapat diuangkan atau digabungkan dengan promo lainnya.""}",manual,flat,20000,,,2026-09-01,1.0,0,True,2026-06-19T08:24:51.425441+00:00,True,SRAGA-S6S8R2,,True,,Batch: 20rb batch 2 (19 Jun 2026 - B8G),,owner,global,,
3d596217-a1f6-44a3-97c9-252a79e9eb20,Voucher Relaksasi,"{""tagline"":""Apresiasi untuk tubuhmu yang sudah lelah beraktivitas hari ini. Voucher Relaksasi Rp20.000 dari SerenaRaga."",""terms1"":""Berlaku untuk layanan Home Service Massage di wilayah Yogyakarta (free transport max 10km)."",""terms2"":""Wajib melakukan reservasi maksimal H-1 sebelum kedatangan."",""terms3"":""Voucher tidak dapat diuangkan atau digabungkan dengan promo lainnya.""}",manual,flat,20000,,,2026-09-01,1.0,0,True,2026-06-19T08:24:51.425441+00:00,True,SRAGA-H8E9H9,,True,,Batch: 20rb batch 2 (19 Jun 2026 - B8G),,owner,global,,
9666e9ce-d07b-4915-a290-842ec329b903,Voucher Relaksasi,"{""tagline"":""Apresiasi untuk tubuhmu yang sudah lelah beraktivitas hari ini. Voucher Relaksasi Rp20.000 dari SerenaRaga."",""terms1"":""Berlaku untuk layanan Home Service Massage di wilayah Yogyakarta (free transport max 10km)."",""terms2"":""Wajib melakukan reservasi maksimal H-1 sebelum kedatangan."",""terms3"":""Voucher tidak dapat diuangkan atau digabungkan dengan promo lainnya.""}",manual,flat,20000,,,2026-09-01,1.0,0,True,2026-06-19T08:24:51.425441+00:00,True,SRAGA-K4Z7D5,,True,,Batch: 20rb batch 2 (19 Jun 2026 - B8G),,owner,global,,
b43efe70-e507-4c8a-acf1-9fcbdd2b7d6c,Voucher Relaksasi,"{""tagline"":""Apresiasi untuk tubuhmu yang sudah lelah beraktivitas hari ini. Voucher Relaksasi Rp20.000 dari SerenaRaga."",""terms1"":""Berlaku untuk layanan Home Service Massage di wilayah Yogyakarta (free transport max 10km)."",""terms2"":""Wajib melakukan reservasi maksimal H-1 sebelum kedatangan."",""terms3"":""Voucher tidak dapat diuangkan atau digabungkan dengan promo lainnya.""}",manual,flat,20000,,,2026-09-01,1.0,0,True,2026-06-19T08:24:51.425441+00:00,True,SRAGA-F3D7W8,,True,,Batch: 20rb batch 2 (19 Jun 2026 - B8G),,owner,global,,
c5c0e85b-5f3a-4a3b-81d0-feb39cb672fd,Voucher Relaksasi,"{""tagline"":""Apresiasi untuk tubuhmu yang sudah lelah beraktivitas hari ini. Voucher Relaksasi Rp20.000 dari SerenaRaga."",""terms1"":""Berlaku untuk layanan Home Service Massage di wilayah Yogyakarta (free transport max 10km)."",""terms2"":""Wajib melakukan reservasi maksimal H-1 sebelum kedatangan."",""terms3"":""Voucher tidak dapat diuangkan atau digabungkan dengan promo lainnya.""}",manual,flat,20000,,,2026-09-01,1.0,0,True,2026-06-19T08:24:51.425441+00:00,True,SRAGA-H2W9R2,,True,,Batch: 20rb batch 2 (19 Jun 2026 - B8G),,owner,global,,
d1633ced-36da-432a-be61-17e5605f9686,Voucher Relaksasi,"{""tagline"":""Apresiasi untuk tubuhmu yang sudah lelah beraktivitas hari ini. Voucher Relaksasi Rp20.000 dari SerenaRaga."",""terms1"":""Berlaku untuk layanan Home Service Massage di wilayah Yogyakarta (free transport max 10km)."",""terms2"":""Wajib melakukan reservasi maksimal H-1 sebelum kedatangan."",""terms3"":""Voucher tidak dapat diuangkan atau digabungkan dengan promo lainnya.""}",manual,flat,20000,,,2026-09-01,1.0,0,True,2026-06-19T08:24:51.425441+00:00,True,SRAGA-H6V2E4,,True,,Batch: 20rb batch 2 (19 Jun 2026 - B8G),,owner,global,,
42d4fd74-1fc9-4211-8b45-7d59a8bc4b1a,Voucher Relaksasi,"{""tagline"":""Apresiasi untuk tubuhmu yang sudah lelah beraktivitas hari ini. Voucher Relaksasi Rp20.000 dari SerenaRaga."",""terms1"":""Berlaku untuk layanan Home Service Massage di wilayah Yogyakarta (free transport max 10km)."",""terms2"":""Wajib melakukan reservasi maksimal H-1 sebelum kedatangan."",""terms3"":""Voucher tidak dapat diuangkan atau digabungkan dengan promo lainnya.""}",manual,flat,20000,,,2026-09-01,1.0,0,True,2026-06-19T08:24:51.425441+00:00,True,SRAGA-U8U3L5,,True,,Batch: 20rb batch 2 (19 Jun 2026 - B8G),,owner,global,,
36be9833-efb6-4f8e-806f-9d0daa24f502,Voucher Relaksasi,"{""tagline"":""Apresiasi untuk tubuhmu yang sudah lelah beraktivitas hari ini. Voucher Relaksasi Rp20.000 dari SerenaRaga."",""terms1"":""Berlaku untuk layanan Home Service Massage di wilayah Yogyakarta (free transport max 10km)."",""terms2"":""Wajib melakukan reservasi maksimal H-1 sebelum kedatangan."",""terms3"":""Voucher tidak dapat diuangkan atau digabungkan dengan promo lainnya.""}",manual,flat,20000,,,2026-09-01,1.0,0,True,2026-06-19T08:24:51.425441+00:00,True,SRAGA-G4P8S3,,True,,Batch: 20rb batch 2 (19 Jun 2026 - B8G),,owner,global,,
69ba0fd5-675f-4959-a7bc-e4b295c64d29,Voucher Relaksasi,"{""tagline"":""Apresiasi untuk tubuhmu yang sudah lelah beraktivitas hari ini. Voucher Relaksasi Rp20.000 dari SerenaRaga."",""terms1"":""Berlaku untuk layanan Home Service Massage di wilayah Yogyakarta (free transport max 10km)."",""terms2"":""Wajib melakukan reservasi maksimal H-1 sebelum kedatangan."",""terms3"":""Voucher tidak dapat diuangkan atau digabungkan dengan promo lainnya.""}",manual,flat,20000,,,2026-09-01,1.0,0,True,2026-06-19T08:24:51.425441+00:00,True,SRAGA-P6N9W2,,True,,Batch: 20rb batch 2 (19 Jun 2026 - B8G),,owner,global,,
d820ad96-1ac7-4517-a10c-16223eabedcf,Voucher Relaksasi,"{""tagline"":""Apresiasi untuk tubuhmu yang sudah lelah beraktivitas hari ini. Voucher Relaksasi Rp20.000 dari SerenaRaga."",""terms1"":""Berlaku untuk layanan Home Service Massage di wilayah Yogyakarta (free transport max 10km)."",""terms2"":""Wajib melakukan reservasi maksimal H-1 sebelum kedatangan."",""terms3"":""Voucher tidak dapat diuangkan atau digabungkan dengan promo lainnya.""}",manual,flat,20000,,,2026-09-01,1.0,0,True,2026-06-19T08:24:51.425441+00:00,True,SRAGA-R7R7K8,,True,,Batch: 20rb batch 2 (19 Jun 2026 - B8G),,owner,global,,
227a6368-74d8-4861-9fd2-d8479a9389ad,Voucher Relaksasi,"{""tagline"":""Apresiasi untuk tubuhmu yang sudah lelah beraktivitas hari ini. Voucher Relaksasi Rp20.000 dari SerenaRaga."",""terms1"":""Berlaku untuk layanan Home Service Massage di wilayah Yogyakarta (free transport max 10km)."",""terms2"":""Wajib melakukan reservasi maksimal H-1 sebelum kedatangan."",""terms3"":""Voucher tidak dapat diuangkan atau digabungkan dengan promo lainnya.""}",manual,flat,20000,,,2026-09-01,1.0,0,True,2026-06-19T08:24:51.425441+00:00,True,SRAGA-C5H2K5,,True,,Batch: 20rb batch 2 (19 Jun 2026 - B8G),,owner,global,,
fcd73e47-c3a2-49cb-b9ff-ed0e54321af4,Voucher Relaksasi,"{""tagline"":""Apresiasi untuk tubuhmu yang sudah lelah beraktivitas hari ini. Voucher Relaksasi Rp20.000 dari SerenaRaga."",""terms1"":""Berlaku untuk layanan Home Service Massage di wilayah Yogyakarta (free transport max 10km)."",""terms2"":""Wajib melakukan reservasi maksimal H-1 sebelum kedatangan."",""terms3"":""Voucher tidak dapat diuangkan atau digabungkan dengan promo lainnya.""}",manual,flat,20000,,,2026-09-01,1.0,0,True,2026-06-19T08:24:51.425441+00:00,True,SRAGA-K5J9Q6,,True,,Batch: 20rb batch 2 (19 Jun 2026 - B8G),,owner,global,,
4359e372-c316-47b9-93d3-7de8d5799293,Voucher Relaksasi,"{""tagline"":""Apresiasi untuk tubuhmu yang sudah lelah beraktivitas hari ini. Voucher Relaksasi Rp20.000 dari SerenaRaga."",""terms1"":""Berlaku untuk layanan Home Service Massage di wilayah Yogyakarta (free transport max 10km)."",""terms2"":""Wajib melakukan reservasi maksimal H-1 sebelum kedatangan."",""terms3"":""Voucher tidak dapat diuangkan atau digabungkan dengan promo lainnya.""}",manual,flat,20000,,,2026-09-01,1.0,0,True,2026-06-19T08:24:51.425441+00:00,True,SRAGA-Y4P2B3,,True,,Batch: 20rb batch 2 (19 Jun 2026 - B8G),,owner,global,,
394ee74c-7273-4d20-9cbf-67884f081272,Voucher Relaksasi,"{""tagline"":""Apresiasi untuk tubuhmu yang sudah lelah beraktivitas hari ini. Voucher Relaksasi Rp20.000 dari SerenaRaga."",""terms1"":""Berlaku untuk layanan Home Service Massage di wilayah Yogyakarta (free transport max 10km)."",""terms2"":""Wajib melakukan reservasi maksimal H-1 sebelum kedatangan."",""terms3"":""Voucher tidak dapat diuangkan atau digabungkan dengan promo lainnya.""}",manual,flat,20000,,,2026-09-01,1.0,0,True,2026-06-19T08:24:51.425441+00:00,True,SRAGA-J9F3F8,,True,,Batch: 20rb batch 2 (19 Jun 2026 - B8G),,owner,global,,
600bed45-7242-408e-bfbf-69e0d6294a84,Voucher Relaksasi,"{""tagline"":""Apresiasi untuk tubuhmu yang sudah lelah beraktivitas hari ini. Voucher Relaksasi Rp20.000 dari SerenaRaga."",""terms1"":""Berlaku untuk layanan Home Service Massage di wilayah Yogyakarta (free transport max 10km)."",""terms2"":""Wajib melakukan reservasi maksimal H-1 sebelum kedatangan."",""terms3"":""Voucher tidak dapat diuangkan atau digabungkan dengan promo lainnya.""}",manual,flat,20000,,,2026-09-01,1.0,0,True,2026-06-19T08:24:51.425441+00:00,True,SRAGA-V8R7S3,,True,,Batch: 20rb batch 2 (19 Jun 2026 - B8G),,owner,global,,
a587144c-da6e-4752-937e-39c10c4248d6,Voucher Relaksasi,"{""tagline"":""Apresiasi untuk tubuhmu yang sudah lelah beraktivitas hari ini. Voucher Relaksasi Rp20.000 dari SerenaRaga."",""terms1"":""Berlaku untuk layanan Home Service Massage di wilayah Yogyakarta (free transport max 10km)."",""terms2"":""Wajib melakukan reservasi maksimal H-1 sebelum kedatangan."",""terms3"":""Voucher tidak dapat diuangkan atau digabungkan dengan promo lainnya.""}",manual,flat,20000,,,2026-09-01,1.0,0,True,2026-06-19T08:24:51.425441+00:00,True,SRAGA-Q7S4D9,,True,,Batch: 20rb batch 2 (19 Jun 2026 - B8G),,owner,global,,
6f4cfc88-9555-47a7-86e3-a7c96047f986,Voucher Relaksasi,"{""tagline"":""Apresiasi untuk tubuhmu yang sudah lelah beraktivitas hari ini. Voucher Relaksasi Rp20.000 dari SerenaRaga."",""terms1"":""Berlaku untuk layanan Home Service Massage di wilayah Yogyakarta (free transport max 10km)."",""terms2"":""Wajib melakukan reservasi maksimal H-1 sebelum kedatangan."",""terms3"":""Voucher tidak dapat diuangkan atau digabungkan dengan promo lainnya.""}",manual,flat,20000,,,2026-09-01,1.0,0,True,2026-06-19T08:24:51.425441+00:00,True,SRAGA-E9P3D3,,True,,Batch: 20rb batch 2 (19 Jun 2026 - B8G),,owner,global,,
9c8c3e72-3b5f-4cb5-99f4-a03a405b1c96,Voucher Relaksasi,"{""tagline"":""Apresiasi untuk tubuhmu yang sudah lelah beraktivitas hari ini. Voucher Relaksasi Rp20.000 dari SerenaRaga."",""terms1"":""Berlaku untuk layanan Home Service Massage di wilayah Yogyakarta (free transport max 10km)."",""terms2"":""Wajib melakukan reservasi maksimal H-1 sebelum kedatangan."",""terms3"":""Voucher tidak dapat diuangkan atau digabungkan dengan promo lainnya.""}",manual,flat,20000,,,2026-09-01,1.0,0,True,2026-06-19T08:24:51.425441+00:00,True,SRAGA-E6A4K7,,True,,Batch: 20rb batch 2 (19 Jun 2026 - B8G),,owner,global,,
2cd2eea4-3027-4da3-a00d-a5cf6f8544d7,Voucher Relaksasi,"{""tagline"":""Apresiasi untuk tubuhmu yang sudah lelah beraktivitas hari ini. Voucher relaksasi diskon 15% dari SerenaRaga."",""terms1"":""Berlaku untuk layanan Home Service Massage di wilayah Yogyakarta (free transport max 10km)."",""terms2"":""Wajib melakukan reservasi maksimal H-1 sebelum kedatangan."",""terms3"":""Voucher tidak dapat diuangkan atau digabungkan dengan promo lainnya."",""voucher_type"":""discount""}",manual,percentage,15,,,2026-10-01,1.0,0,True,2026-08-13T11:41:51.958504+00:00,True,SRAGA-M7V8N9,,True,,Batch: voucher 15% (13 Agu 2026 - Y8Y),,owner,global,,
d863b5d1-cdb8-4263-aa94-ac9c3271085a,Voucher Relaksasi,"{""tagline"":""Apresiasi untuk tubuhmu yang sudah lelah beraktivitas hari ini. Voucher relaksasi diskon 15% dari SerenaRaga."",""terms1"":""Berlaku untuk layanan Home Service Massage di wilayah Yogyakarta (free transport max 10km)."",""terms2"":""Wajib melakukan reservasi maksimal H-1 sebelum kedatangan."",""terms3"":""Voucher tidak dapat diuangkan atau digabungkan dengan promo lainnya."",""voucher_type"":""discount""}",manual,percentage,15,,,2026-10-01,1.0,0,True,2026-08-13T11:41:51.958504+00:00,True,SRAGA-N6V2J2,,True,,Batch: voucher 15% (13 Agu 2026 - Y8Y),,owner,global,,
03948353-1192-40e1-9230-27952854d642,Voucher Relaksasi,"{""tagline"":""Apresiasi untuk tubuhmu yang sudah beraktivitas hari ini. Voucher Relaksasi Rp20.000 dari SerenaRaga."",""terms1"":""Berlaku untuk layanan Home Service Massage di wilayah Yogyakarta (free transport max 10km)."",""terms2"":""Wajib melakukan reservasi maksimal H-1 sebelum kedatangan."",""terms3"":""Voucher tidak dapat diuangkan atau digabungkan dengan promo lainnya."",""voucher_type"":""discount""}",manual,flat,20000,,,2026-10-01,1.0,0,True,2026-08-15T05:09:13.239705+00:00,True,SRAGA-P7V8G2,,True,,Batch: voc 20rb tumbuh yoga space (15 Agu 2026 - W3H),,owner,global,,
36677020-6dd1-4bf1-85e6-b403c49c20b9,Voucher Relaksasi,"{""tagline"":""Apresiasi untuk tubuhmu yang sudah beraktivitas hari ini. Voucher Relaksasi Rp20.000 dari SerenaRaga."",""terms1"":""Berlaku untuk layanan Home Service Massage di wilayah Yogyakarta (free transport max 10km)."",""terms2"":""Wajib melakukan reservasi maksimal H-1 sebelum kedatangan."",""terms3"":""Voucher tidak dapat diuangkan atau digabungkan dengan promo lainnya."",""voucher_type"":""discount""}",manual,flat,20000,,,2026-10-01,1.0,0,True,2026-08-15T05:09:13.239705+00:00,True,SRAGA-L4J2H4,,True,,Batch: voc 20rb tumbuh yoga space (15 Agu 2026 - W3H),,owner,global,,
5afda22f-e85f-4498-ae5e-23a8804409b6,Voucher Relaksasi,"{""tagline"":""Apresiasi untuk tubuhmu yang sudah beraktivitas hari ini. Voucher Relaksasi Rp20.000 dari SerenaRaga."",""terms1"":""Berlaku untuk layanan Home Service Massage di wilayah Yogyakarta (free transport max 10km)."",""terms2"":""Wajib melakukan reservasi maksimal H-1 sebelum kedatangan."",""terms3"":""Voucher tidak dapat diuangkan atau digabungkan dengan promo lainnya."",""voucher_type"":""discount""}",manual,flat,20000,,,2026-10-01,1.0,0,True,2026-08-15T05:09:13.239705+00:00,True,SRAGA-D6E3R9,,True,,Batch: voc 20rb tumbuh yoga space (15 Agu 2026 - W3H),,owner,global,,
f50e4976-2d0e-4518-9041-2e1f150a7cc7,Voucher Relaksasi,"{""tagline"":""Apresiasi untuk tubuhmu yang sudah beraktivitas hari ini. Voucher Relaksasi Rp20.000 dari SerenaRaga."",""terms1"":""Berlaku untuk layanan Home Service Massage di wilayah Yogyakarta (free transport max 10km)."",""terms2"":""Wajib melakukan reservasi maksimal H-1 sebelum kedatangan."",""terms3"":""Voucher tidak dapat diuangkan atau digabungkan dengan promo lainnya."",""voucher_type"":""discount""}",manual,flat,20000,,,2026-10-01,1.0,0,True,2026-08-15T05:09:13.239705+00:00,True,SRAGA-M7J8R2,,True,,Batch: voc 20rb tumbuh yoga space (15 Agu 2026 - W3H),,owner,global,,
3d91c21a-b90c-4fd4-85cb-cf749378cfac,Voucher Relaksasi,"{""tagline"":""Apresiasi untuk tubuhmu yang sudah beraktivitas hari ini. Voucher Relaksasi Rp20.000 dari SerenaRaga."",""terms1"":""Berlaku untuk layanan Home Service Massage di wilayah Yogyakarta (free transport max 10km)."",""terms2"":""Wajib melakukan reservasi maksimal H-1 sebelum kedatangan."",""terms3"":""Voucher tidak dapat diuangkan atau digabungkan dengan promo lainnya."",""voucher_type"":""discount""}",manual,flat,20000,,,2026-10-01,1.0,0,True,2026-08-15T05:09:13.239705+00:00,True,SRAGA-R7N2U3,,True,,Batch: voc 20rb tumbuh yoga space (15 Agu 2026 - W3H),,owner,global,,
49252633-5f33-4ee0-91c6-422195b1a558,Voucher Relaksasi,"{""tagline"":""Apresiasi untuk tubuhmu yang sudah beraktivitas hari ini. Voucher Relaksasi Rp20.000 dari SerenaRaga."",""terms1"":""Berlaku untuk layanan Home Service Massage di wilayah Yogyakarta (free transport max 10km)."",""terms2"":""Wajib melakukan reservasi maksimal H-1 sebelum kedatangan."",""terms3"":""Voucher tidak dapat diuangkan atau digabungkan dengan promo lainnya."",""voucher_type"":""discount""}",manual,flat,20000,,,2026-10-01,1.0,0,True,2026-08-15T05:09:13.239705+00:00,True,SRAGA-T2B7B6,,True,,Batch: voc 20rb tumbuh yoga space (15 Agu 2026 - W3H),,owner,global,,
a4817993-d749-4562-a087-e94e6d874efa,Voucher Relaksasi,"{""tagline"":""Apresiasi untuk tubuhmu yang sudah beraktivitas hari ini. Voucher Relaksasi Rp20.000 dari SerenaRaga."",""terms1"":""Berlaku untuk layanan Home Service Massage di wilayah Yogyakarta (free transport max 10km)."",""terms2"":""Wajib melakukan reservasi maksimal H-1 sebelum kedatangan."",""terms3"":""Voucher tidak dapat diuangkan atau digabungkan dengan promo lainnya."",""voucher_type"":""discount""}",manual,flat,20000,,,2026-10-01,1.0,0,True,2026-08-15T05:09:13.239705+00:00,True,SRAGA-P6T4E8,,True,,Batch: voc 20rb tumbuh yoga space (15 Agu 2026 - W3H),,owner,global,,
7885d5b0-4def-49c5-8e6a-a5410e0df4e3,Voucher Relaksasi,"{""tagline"":""Apresiasi untuk tubuhmu yang sudah beraktivitas hari ini. Voucher Relaksasi Rp20.000 dari SerenaRaga."",""terms1"":""Berlaku untuk layanan Home Service Massage di wilayah Yogyakarta (free transport max 10km)."",""terms2"":""Wajib melakukan reservasi maksimal H-1 sebelum kedatangan."",""terms3"":""Voucher tidak dapat diuangkan atau digabungkan dengan promo lainnya."",""voucher_type"":""discount""}",manual,flat,20000,,,2026-10-01,1.0,0,True,2026-08-15T05:09:13.239705+00:00,True,SRAGA-K8B5V3,,True,,Batch: voc 20rb tumbuh yoga space (15 Agu 2026 - W3H),,owner,global,,
80b6351b-18f1-440b-b601-7b803e260fe9,Voucher Relaksasi,"{""tagline"":""Apresiasi untuk tubuhmu yang sudah beraktivitas hari ini. Voucher Relaksasi Rp20.000 dari SerenaRaga."",""terms1"":""Berlaku untuk layanan Home Service Massage di wilayah Yogyakarta (free transport max 10km)."",""terms2"":""Wajib melakukan reservasi maksimal H-1 sebelum kedatangan."",""terms3"":""Voucher tidak dapat diuangkan atau digabungkan dengan promo lainnya."",""voucher_type"":""discount""}",manual,flat,20000,,,2026-10-01,1.0,0,True,2026-08-15T05:09:13.239705+00:00,True,SRAGA-B7U9R9,,True,,Batch: voc 20rb tumbuh yoga space (15 Agu 2026 - W3H),,owner,global,,
674177d2-860f-4b21-a135-23340f4bcbed,Voucher Relaksasi,"{""tagline"":""Apresiasi untuk tubuhmu yang sudah beraktivitas hari ini. Voucher Relaksasi Rp20.000 dari SerenaRaga."",""terms1"":""Berlaku untuk layanan Home Service Massage di wilayah Yogyakarta (free transport max 10km)."",""terms2"":""Wajib melakukan reservasi maksimal H-1 sebelum kedatangan."",""terms3"":""Voucher tidak dapat diuangkan atau digabungkan dengan promo lainnya."",""voucher_type"":""discount""}",manual,flat,20000,,,2026-10-01,1.0,0,True,2026-08-15T05:09:13.239705+00:00,True,SRAGA-N7P6N4,,True,,Batch: voc 20rb tumbuh yoga space (15 Agu 2026 - W3H),,owner,global,,
6a04bc1a-9386-4f80-ba1b-703241aead72,Voucher Relaksasi,"{""tagline"":""Apresiasi untuk tubuhmu yang sudah beraktivitas hari ini. Voucher Relaksasi Rp20.000 dari SerenaRaga."",""terms1"":""Berlaku untuk layanan Home Service Massage di wilayah Yogyakarta (free transport max 10km)."",""terms2"":""Wajib melakukan reservasi maksimal H-1 sebelum kedatangan."",""terms3"":""Voucher tidak dapat diuangkan atau digabungkan dengan promo lainnya."",""voucher_type"":""discount""}",manual,flat,20000,,,2026-10-01,1.0,0,True,2026-08-15T05:09:13.239705+00:00,True,SRAGA-F4W3Y4,,True,,Batch: voc 20rb tumbuh yoga space (15 Agu 2026 - W3H),,owner,global,,
073f0dc6-9b10-41a5-ad77-149b621ee56a,Voucher Relaksasi,"{""tagline"":""Apresiasi untuk tubuhmu yang sudah beraktivitas hari ini. Voucher Relaksasi Rp20.000 dari SerenaRaga."",""terms1"":""Berlaku untuk layanan Home Service Massage di wilayah Yogyakarta (free transport max 10km)."",""terms2"":""Wajib melakukan reservasi maksimal H-1 sebelum kedatangan."",""terms3"":""Voucher tidak dapat diuangkan atau digabungkan dengan promo lainnya."",""voucher_type"":""discount""}",manual,flat,20000,,,2026-10-01,1.0,0,True,2026-08-15T05:09:13.239705+00:00,True,SRAGA-D8M6H3,,True,,Batch: voc 20rb tumbuh yoga space (15 Agu 2026 - W3H),,owner,global,,
0f4e743e-37b3-43eb-8938-e09766e54a8d,Voucher Relaksasi,"{""tagline"":""Apresiasi untuk tubuhmu yang sudah beraktivitas hari ini. Voucher Relaksasi Rp20.000 dari SerenaRaga."",""terms1"":""Berlaku untuk layanan Home Service Massage di wilayah Yogyakarta (free transport max 10km)."",""terms2"":""Wajib melakukan reservasi maksimal H-1 sebelum kedatangan."",""terms3"":""Voucher tidak dapat diuangkan atau digabungkan dengan promo lainnya."",""voucher_type"":""discount""}",manual,flat,20000,,,2026-10-01,1.0,0,True,2026-08-15T05:09:13.239705+00:00,True,SRAGA-M8C5A8,,True,,Batch: voc 20rb tumbuh yoga space (15 Agu 2026 - W3H),,owner,global,,
b7468865-b5c6-43f9-8b75-a210db6a5fd9,Voucher Relaksasi,"{""tagline"":""Apresiasi untuk tubuhmu yang sudah beraktivitas hari ini. Voucher Relaksasi Rp20.000 dari SerenaRaga."",""terms1"":""Berlaku untuk layanan Home Service Massage di wilayah Yogyakarta (free transport max 10km)."",""terms2"":""Wajib melakukan reservasi maksimal H-1 sebelum kedatangan."",""terms3"":""Voucher tidak dapat diuangkan atau digabungkan dengan promo lainnya."",""voucher_type"":""discount""}",manual,flat,20000,,,2026-10-01,1.0,0,True,2026-08-15T05:09:13.239705+00:00,True,SRAGA-P3B5D4,,True,,Batch: voc 20rb tumbuh yoga space (15 Agu 2026 - W3H),,owner,global,,
5b36cf86-8d76-4301-b136-4dfb007b9775,Voucher Relaksasi,"{""tagline"":""Apresiasi untuk tubuhmu yang sudah beraktivitas hari ini. Voucher Relaksasi Rp20.000 dari SerenaRaga."",""terms1"":""Berlaku untuk layanan Home Service Massage di wilayah Yogyakarta (free transport max 10km)."",""terms2"":""Wajib melakukan reservasi maksimal H-1 sebelum kedatangan."",""terms3"":""Voucher tidak dapat diuangkan atau digabungkan dengan promo lainnya."",""voucher_type"":""discount""}",manual,flat,20000,,,2026-10-01,1.0,0,True,2026-08-15T05:09:13.239705+00:00,True,SRAGA-Z7N4B3,,True,,Batch: voc 20rb tumbuh yoga space (15 Agu 2026 - W3H),,owner,global,,
a722db3a-a0e6-427b-a5ba-455083567500,Voucher Relaksasi,"{""tagline"":""Apresiasi untuk tubuhmu yang sudah beraktivitas hari ini. Voucher Relaksasi Rp20.000 dari SerenaRaga."",""terms1"":""Berlaku untuk layanan Home Service Massage di wilayah Yogyakarta (free transport max 10km)."",""terms2"":""Wajib melakukan reservasi maksimal H-1 sebelum kedatangan."",""terms3"":""Voucher tidak dapat diuangkan atau digabungkan dengan promo lainnya."",""voucher_type"":""discount""}",manual,flat,20000,,,2026-10-01,1.0,0,True,2026-08-15T05:09:13.239705+00:00,True,SRAGA-V9L7D9,,True,,Batch: voc 20rb tumbuh yoga space (15 Agu 2026 - W3H),,owner,global,,
743860df-f3f1-49b8-946a-f0d2890096a8,Voucher Relaksasi,"{""tagline"":""Apresiasi untuk tubuhmu yang sudah beraktivitas hari ini. Voucher Relaksasi Rp20.000 dari SerenaRaga."",""terms1"":""Berlaku untuk layanan Home Service Massage di wilayah Yogyakarta (free transport max 10km)."",""terms2"":""Wajib melakukan reservasi maksimal H-1 sebelum kedatangan."",""terms3"":""Voucher tidak dapat diuangkan atau digabungkan dengan promo lainnya."",""voucher_type"":""discount""}",manual,flat,20000,,,2026-10-01,1.0,0,True,2026-08-15T05:09:13.239705+00:00,True,SRAGA-X5D8X6,,True,,Batch: voc 20rb tumbuh yoga space (15 Agu 2026 - W3H),,owner,global,,
9a6e22fb-9b0b-48fc-a512-acc69751cb0e,Voucher Relaksasi,"{""tagline"":""Apresiasi untuk tubuhmu yang sudah beraktivitas hari ini. Voucher Relaksasi Rp20.000 dari SerenaRaga."",""terms1"":""Berlaku untuk layanan Home Service Massage di wilayah Yogyakarta (free transport max 10km)."",""terms2"":""Wajib melakukan reservasi maksimal H-1 sebelum kedatangan."",""terms3"":""Voucher tidak dapat diuangkan atau digabungkan dengan promo lainnya."",""voucher_type"":""discount""}",manual,flat,20000,,,2026-10-01,1.0,0,True,2026-08-15T05:09:13.239705+00:00,True,SRAGA-Y2C5T5,,True,,Batch: voc 20rb tumbuh yoga space (15 Agu 2026 - W3H),,owner,global,,
4805cdf5-0a8c-4351-b9a6-5b2795ec9f3b,Voucher Relaksasi,"{""tagline"":""Apresiasi untuk tubuhmu yang sudah beraktivitas hari ini. Voucher Relaksasi Rp20.000 dari SerenaRaga."",""terms1"":""Berlaku untuk layanan Home Service Massage di wilayah Yogyakarta (free transport max 10km)."",""terms2"":""Wajib melakukan reservasi maksimal H-1 sebelum kedatangan."",""terms3"":""Voucher tidak dapat diuangkan atau digabungkan dengan promo lainnya."",""voucher_type"":""discount""}",manual,flat,20000,,,2026-10-01,1.0,0,True,2026-08-15T05:09:13.239705+00:00,True,SRAGA-N7X6Y2,,True,,Batch: voc 20rb tumbuh yoga space (15 Agu 2026 - W3H),,owner,global,,
a3589e16-3cd6-495a-886f-47b436607cfc,Voucher Relaksasi,"{""tagline"":""Apresiasi untuk tubuhmu yang sudah beraktivitas hari ini. Voucher Relaksasi Rp20.000 dari SerenaRaga."",""terms1"":""Berlaku untuk layanan Home Service Massage di wilayah Yogyakarta (free transport max 10km)."",""terms2"":""Wajib melakukan reservasi maksimal H-1 sebelum kedatangan."",""terms3"":""Voucher tidak dapat diuangkan atau digabungkan dengan promo lainnya."",""voucher_type"":""discount""}",manual,flat,20000,,,2026-10-01,1.0,0,True,2026-08-15T05:09:13.239705+00:00,True,SRAGA-N2W2E4,,True,,Batch: voc 20rb tumbuh yoga space (15 Agu 2026 - W3H),,owner,global,,
ff7c7bfc-7476-4a84-94a7-66327feb993e,Voucher Relaksasi,"{""tagline"":""Apresiasi untuk tubuhmu yang sudah beraktivitas hari ini. Voucher Relaksasi Rp20.000 dari SerenaRaga."",""terms1"":""Berlaku untuk layanan Home Service Massage di wilayah Yogyakarta (free transport max 10km)."",""terms2"":""Wajib melakukan reservasi maksimal H-1 sebelum kedatangan."",""terms3"":""Voucher tidak dapat diuangkan atau digabungkan dengan promo lainnya."",""voucher_type"":""discount""}",manual,flat,20000,,,2026-10-01,1.0,0,True,2026-08-15T05:09:13.239705+00:00,True,SRAGA-B7B4M8,,True,,Batch: voc 20rb tumbuh yoga space (15 Agu 2026 - W3H),,owner,global,,
07cc9515-41c4-4a56-a99d-49c1c8fbd9ee,Voucher Relaksasi,"{""tagline"":""Apresiasi untuk tubuhmu yang sudah beraktivitas hari ini. Voucher Relaksasi Rp20.000 dari SerenaRaga."",""terms1"":""Berlaku untuk layanan Home Service Massage di wilayah Yogyakarta (free transport max 10km)."",""terms2"":""Wajib melakukan reservasi maksimal H-1 sebelum kedatangan."",""terms3"":""Voucher tidak dapat diuangkan atau digabungkan dengan promo lainnya."",""voucher_type"":""discount""}",manual,flat,20000,,,2026-10-01,1.0,0,True,2026-08-15T05:09:13.239705+00:00,True,SRAGA-V4S7P7,,True,,Batch: voc 20rb tumbuh yoga space (15 Agu 2026 - W3H),,owner,global,,
25fc46dc-7165-47d1-b5b3-e8a8e981ce9f,Voucher Relaksasi,"{""tagline"":""Apresiasi untuk tubuhmu yang sudah beraktivitas hari ini. Voucher Relaksasi Rp20.000 dari SerenaRaga."",""terms1"":""Berlaku untuk layanan Home Service Massage di wilayah Yogyakarta (free transport max 10km)."",""terms2"":""Wajib melakukan reservasi maksimal H-1 sebelum kedatangan."",""terms3"":""Voucher tidak dapat diuangkan atau digabungkan dengan promo lainnya."",""voucher_type"":""discount""}",manual,flat,20000,,,2026-10-01,1.0,0,True,2026-08-15T05:09:13.239705+00:00,True,SRAGA-R8V3X2,,True,,Batch: voc 20rb tumbuh yoga space (15 Agu 2026 - W3H),,owner,global,,
f7ca5498-d775-4e18-8301-c0339aaa6bb5,Voucher Relaksasi,"{""tagline"":""Apresiasi untuk tubuhmu yang sudah beraktivitas hari ini. Voucher Relaksasi Rp20.000 dari SerenaRaga."",""terms1"":""Berlaku untuk layanan Home Service Massage di wilayah Yogyakarta (free transport max 10km)."",""terms2"":""Wajib melakukan reservasi maksimal H-1 sebelum kedatangan."",""terms3"":""Voucher tidak dapat diuangkan atau digabungkan dengan promo lainnya."",""voucher_type"":""discount""}",manual,flat,20000,,,2026-10-01,1.0,0,True,2026-08-15T05:09:13.239705+00:00,True,SRAGA-V3B7D9,,True,,Batch: voc 20rb tumbuh yoga space (15 Agu 2026 - W3H),,owner,global,,
1edc49e7-05aa-4c33-8947-7ca0094d45a9,Voucher Relaksasi,"{""tagline"":""Apresiasi untuk tubuhmu yang sudah beraktivitas hari ini. Voucher Relaksasi Rp20.000 dari SerenaRaga."",""terms1"":""Berlaku untuk layanan Home Service Massage di wilayah Yogyakarta (free transport max 10km)."",""terms2"":""Wajib melakukan reservasi maksimal H-1 sebelum kedatangan."",""terms3"":""Voucher tidak dapat diuangkan atau digabungkan dengan promo lainnya."",""voucher_type"":""discount""}",manual,flat,20000,,,2026-10-01,1.0,0,True,2026-08-15T05:09:13.239705+00:00,True,SRAGA-Z4U4Y2,,True,,Batch: voc 20rb tumbuh yoga space (15 Agu 2026 - W3H),,owner,global,,
21d3498a-c1ce-4d5e-94a2-ec018990df28,Voucher Relaksasi,"{""tagline"":""Apresiasi untuk tubuhmu yang sudah beraktivitas hari ini. Voucher Relaksasi Rp20.000 dari SerenaRaga."",""terms1"":""Berlaku untuk layanan Home Service Massage di wilayah Yogyakarta (free transport max 10km)."",""terms2"":""Wajib melakukan reservasi maksimal H-1 sebelum kedatangan."",""terms3"":""Voucher tidak dapat diuangkan atau digabungkan dengan promo lainnya."",""voucher_type"":""discount""}",manual,flat,20000,,,2026-10-01,1.0,0,True,2026-08-15T05:09:13.239705+00:00,True,SRAGA-B7G2X9,,True,,Batch: voc 20rb tumbuh yoga space (15 Agu 2026 - W3H),,owner,global,,
c0653277-180e-454d-ac86-fe8fcf863915,Voucher Relaksasi,"{""tagline"":""Apresiasi untuk tubuhmu yang sudah lelah beraktivitas hari ini. Voucher Relaksasi Rp50.000 dari SerenaRaga."",""terms1"":""Berlaku untuk layanan Home Service Massage di wilayah Yogyakarta (free transport max 10km)."",""terms2"":""Wajib melakukan reservasi maksimal H-1 sebelum kedatangan."",""terms3"":""Voucher tidak dapat diuangkan atau digabungkan dengan promo lainnya."",""voucher_type"":""discount""}",manual,flat,50000,,,,1.0,0,True,2026-09-09T05:24:24.166282+00:00,True,SRAGA-N6T5Z6,,True,,Batch: voucher golf (9 Sep 2026 - S3Y),,owner,global,,
b469e224-1347-4768-98e4-7cf9eb340477,Voucher Relaksasi,"{""tagline"":""Apresiasi untuk tubuhmu yang sudah lelah beraktivitas hari ini. Voucher Relaksasi Rp50.000 dari SerenaRaga."",""terms1"":""Berlaku untuk layanan Home Service Massage di wilayah Yogyakarta (free transport max 10km)."",""terms2"":""Wajib melakukan reservasi maksimal H-1 sebelum kedatangan."",""terms3"":""Voucher tidak dapat diuangkan atau digabungkan dengan promo lainnya."",""voucher_type"":""discount""}",manual,flat,50000,,,,1.0,0,True,2026-09-09T05:24:24.166282+00:00,True,SRAGA-T9L2L5,,True,,Batch: voucher golf (9 Sep 2026 - S3Y),,owner,global,,
26345d1d-c640-4b4c-8311-5cfae0f5fe07,Voucher Relaksasi,"{""tagline"":""Apresiasi untuk tubuhmu yang sudah lelah beraktivitas hari ini. Voucher Relaksasi Rp50.000 dari SerenaRaga."",""terms1"":""Berlaku untuk layanan Home Service Massage di wilayah Yogyakarta (free transport max 10km)."",""terms2"":""Wajib melakukan reservasi maksimal H-1 sebelum kedatangan."",""terms3"":""Voucher tidak dapat diuangkan atau digabungkan dengan promo lainnya."",""voucher_type"":""discount""}",manual,flat,50000,,,,1.0,0,True,2026-09-09T05:24:24.166282+00:00,True,SRAGA-Q5B6M4,,True,,Batch: voucher golf (9 Sep 2026 - S3Y),,owner,global,,
e8ba75c1-41a5-4ad2-9a67-a22ff9a1b201,Voucher Relaksasi,"{""tagline"":""Apresiasi untuk tubuhmu yang sudah lelah beraktivitas hari ini. Voucher Relaksasi Rp50.000 dari SerenaRaga."",""terms1"":""Berlaku untuk layanan Home Service Massage di wilayah Yogyakarta (free transport max 10km)."",""terms2"":""Wajib melakukan reservasi maksimal H-1 sebelum kedatangan."",""terms3"":""Voucher tidak dapat diuangkan atau digabungkan dengan promo lainnya."",""voucher_type"":""discount""}",manual,flat,50000,,,,1.0,0,True,2026-09-09T05:24:24.166282+00:00,True,SRAGA-L8X6K9,,True,,Batch: voucher golf (9 Sep 2026 - S3Y),,owner,global,,
e64f44cc-8e71-4d32-bb03-109aad13c64f,Voucher Relaksasi,"{""tagline"":""Apresiasi untuk tubuhmu yang sudah lelah beraktivitas hari ini. Voucher Relaksasi Rp50.000 dari SerenaRaga."",""terms1"":""Berlaku untuk layanan Home Service Massage di wilayah Yogyakarta (free transport max 10km)."",""terms2"":""Wajib melakukan reservasi maksimal H-1 sebelum kedatangan."",""terms3"":""Voucher tidak dapat diuangkan atau digabungkan dengan promo lainnya."",""voucher_type"":""discount""}",manual,flat,50000,,,,1.0,0,True,2026-09-09T05:24:24.166282+00:00,True,SRAGA-W3B4X5,,True,,Batch: voucher golf (9 Sep 2026 - S3Y),,owner,global,,
44db37ee-9997-4e45-8989-b520c84bfd56,Voucher Relaksasi,"{""tagline"":""Apresiasi untuk tubuhmu yang sudah lelah beraktivitas hari ini. Voucher Relaksasi Rp50.000 dari SerenaRaga."",""terms1"":""Berlaku untuk layanan Home Service Massage di wilayah Yogyakarta (free transport max 10km)."",""terms2"":""Wajib melakukan reservasi maksimal H-1 sebelum kedatangan."",""terms3"":""Voucher tidak dapat diuangkan atau digabungkan dengan promo lainnya."",""voucher_type"":""discount""}",manual,flat,50000,,,,1.0,0,True,2026-09-09T05:24:24.166282+00:00,True,SRAGA-U6S6A2,,True,,Batch: voucher golf (9 Sep 2026 - S3Y),,owner,global,,
d675f92e-af0e-413c-80b4-0843aea0da4e,Voucher Relaksasi,"{""tagline"":""Apresiasi untuk tubuhmu yang sudah lelah beraktivitas hari ini. Voucher Relaksasi Rp50.000 dari SerenaRaga."",""terms1"":""Berlaku untuk layanan Home Service Massage di wilayah Yogyakarta (free transport max 10km)."",""terms2"":""Wajib melakukan reservasi maksimal H-1 sebelum kedatangan."",""terms3"":""Voucher tidak dapat diuangkan atau digabungkan dengan promo lainnya."",""voucher_type"":""discount""}",manual,flat,50000,,,,1.0,0,True,2026-09-09T05:24:24.166282+00:00,True,SRAGA-F4N8Z5,,True,,Batch: voucher golf (9 Sep 2026 - S3Y),,owner,global,,
9ae20a88-b0ab-42aa-a28f-dae7c8776403,Voucher Relaksasi,"{""tagline"":""Apresiasi untuk tubuhmu yang sudah lelah beraktivitas hari ini. Voucher Relaksasi Rp50.000 dari SerenaRaga."",""terms1"":""Berlaku untuk layanan Home Service Massage di wilayah Yogyakarta (free transport max 10km)."",""terms2"":""Wajib melakukan reservasi maksimal H-1 sebelum kedatangan."",""terms3"":""Voucher tidak dapat diuangkan atau digabungkan dengan promo lainnya."",""voucher_type"":""discount""}",manual,flat,50000,,,,1.0,0,True,2026-09-09T05:24:24.166282+00:00,True,SRAGA-T7G3E2,,True,,Batch: voucher golf (9 Sep 2026 - S3Y),,owner,global,,
a4817b71-aa29-42f9-b4c5-e7144070f6c6,Voucher Relaksasi,"{""tagline"":""Apresiasi untuk tubuhmu yang sudah lelah beraktivitas hari ini. Voucher Relaksasi Rp50.000 dari SerenaRaga."",""terms1"":""Berlaku untuk layanan Home Service Massage di wilayah Yogyakarta (free transport max 10km)."",""terms2"":""Wajib melakukan reservasi maksimal H-1 sebelum kedatangan."",""terms3"":""Voucher tidak dapat diuangkan atau digabungkan dengan promo lainnya."",""voucher_type"":""discount""}",manual,flat,50000,,,,1.0,0,True,2026-09-09T05:24:24.166282+00:00,True,SRAGA-K7G5N4,,True,,Batch: voucher golf (9 Sep 2026 - S3Y),,owner,global,,
21ac44e7-75e7-4e39-a71e-24b63b73616a,Voucher Relaksasi,"{""tagline"":""Apresiasi untuk tubuhmu yang sudah lelah beraktivitas hari ini. Voucher Relaksasi Rp50.000 dari SerenaRaga."",""terms1"":""Berlaku untuk layanan Home Service Massage di wilayah Yogyakarta (free transport max 10km)."",""terms2"":""Wajib melakukan reservasi maksimal H-1 sebelum kedatangan."",""terms3"":""Voucher tidak dapat diuangkan atau digabungkan dengan promo lainnya."",""voucher_type"":""discount""}",manual,flat,50000,,,,1.0,0,True,2026-09-09T05:24:24.166282+00:00,True,SRAGA-U4D6B2,,True,,Batch: voucher golf (9 Sep 2026 - S3Y),,owner,global,,
a584cde9-d4f0-467d-9bfb-c8da3e60d6a1,Voucher Relaksasi,"{""tagline"":""Apresiasi untuk tubuhmu yang sudah lelah beraktivitas hari ini. Voucher Relaksasi Rp50.000 dari SerenaRaga."",""terms1"":""Berlaku untuk layanan Home Service Massage di wilayah Yogyakarta (free transport max 10km)."",""terms2"":""Wajib melakukan reservasi maksimal H-1 sebelum kedatangan."",""terms3"":""Voucher tidak dapat diuangkan atau digabungkan dengan promo lainnya."",""voucher_type"":""discount""}",manual,flat,50000,,,,1.0,0,True,2026-09-09T05:24:24.166282+00:00,True,SRAGA-Q3Q2T2,,True,,Batch: voucher golf (9 Sep 2026 - S3Y),,owner,global,,
bf839b3c-36ba-4687-aadc-e8cde4725352,Voucher Relaksasi,"{""tagline"":""Apresiasi untuk tubuhmu yang sudah lelah beraktivitas hari ini. Voucher Relaksasi Rp50.000 dari SerenaRaga."",""terms1"":""Berlaku untuk layanan Home Service Massage di wilayah Yogyakarta (free transport max 10km)."",""terms2"":""Wajib melakukan reservasi maksimal H-1 sebelum kedatangan."",""terms3"":""Voucher tidak dapat diuangkan atau digabungkan dengan promo lainnya."",""voucher_type"":""discount""}",manual,flat,50000,,,,1.0,0,True,2026-09-09T05:24:24.166282+00:00,True,SRAGA-F4W4P8,,True,,Batch: voucher golf (9 Sep 2026 - S3Y),,owner,global,,
eff083b2-3d25-40a5-baf3-441c8b488800,Voucher Relaksasi,"{""tagline"":""Apresiasi untuk tubuhmu yang sudah lelah beraktivitas hari ini. Voucher Relaksasi Rp50.000 dari SerenaRaga."",""terms1"":""Berlaku untuk layanan Home Service Massage di wilayah Yogyakarta (free transport max 10km)."",""terms2"":""Wajib melakukan reservasi maksimal H-1 sebelum kedatangan."",""terms3"":""Voucher tidak dapat diuangkan atau digabungkan dengan promo lainnya."",""voucher_type"":""discount""}",manual,flat,50000,,,,1.0,0,True,2026-09-09T05:24:24.166282+00:00,True,SRAGA-Q7R2T9,,True,,Batch: voucher golf (9 Sep 2026 - S3Y),,owner,global,,
8f6f7879-6055-41c2-90a8-a8d543b95c1a,Voucher Relaksasi,"{""tagline"":""Apresiasi untuk tubuhmu yang sudah lelah beraktivitas hari ini. Voucher Relaksasi Rp50.000 dari SerenaRaga."",""terms1"":""Berlaku untuk layanan Home Service Massage di wilayah Yogyakarta (free transport max 10km)."",""terms2"":""Wajib melakukan reservasi maksimal H-1 sebelum kedatangan."",""terms3"":""Voucher tidak dapat diuangkan atau digabungkan dengan promo lainnya."",""voucher_type"":""discount""}",manual,flat,50000,,,,1.0,0,True,2026-09-09T05:24:24.166282+00:00,True,SRAGA-Z3W9D9,,True,,Batch: voucher golf (9 Sep 2026 - S3Y),,owner,global,,
abc26747-18dc-47e5-9dd3-98d0a1b42391,Voucher Relaksasi,"{""tagline"":""Apresiasi untuk tubuhmu yang sudah lelah beraktivitas hari ini. Voucher Relaksasi Rp50.000 dari SerenaRaga."",""terms1"":""Berlaku untuk layanan Home Service Massage di wilayah Yogyakarta (free transport max 10km)."",""terms2"":""Wajib melakukan reservasi maksimal H-1 sebelum kedatangan."",""terms3"":""Voucher tidak dapat diuangkan atau digabungkan dengan promo lainnya."",""voucher_type"":""discount""}",manual,flat,50000,,,,1.0,0,True,2026-09-09T05:24:24.166282+00:00,True,SRAGA-D6H5J4,,True,,Batch: voucher golf (9 Sep 2026 - S3Y),,owner,global,,
37198802-4e25-4081-b3ea-ceb1adb1a1a6,Voucher Relaksasi,"{""tagline"":""Apresiasi untuk tubuhmu yang sudah lelah beraktivitas hari ini. Voucher Relaksasi Rp50.000 dari SerenaRaga."",""terms1"":""Berlaku untuk layanan Home Service Massage di wilayah Yogyakarta (free transport max 10km)."",""terms2"":""Wajib melakukan reservasi maksimal H-1 sebelum kedatangan."",""terms3"":""Voucher tidak dapat diuangkan atau digabungkan dengan promo lainnya."",""voucher_type"":""discount""}",manual,flat,50000,,,,1.0,0,True,2026-09-09T05:24:24.166282+00:00,True,SRAGA-A7P7K4,,True,,Batch: voucher golf (9 Sep 2026 - S3Y),,owner,global,,
a7ce8ef7-38a0-445c-89d0-ea234d4a94eb,Voucher Relaksasi,"{""tagline"":""Apresiasi untuk tubuhmu yang sudah lelah beraktivitas hari ini. Voucher Relaksasi Rp50.000 dari SerenaRaga."",""terms1"":""Berlaku untuk layanan Home Service Massage di wilayah Yogyakarta (free transport max 10km)."",""terms2"":""Wajib melakukan reservasi maksimal H-1 sebelum kedatangan."",""terms3"":""Voucher tidak dapat diuangkan atau digabungkan dengan promo lainnya."",""voucher_type"":""discount""}",manual,flat,50000,,,,1.0,0,True,2026-09-09T05:24:24.166282+00:00,True,SRAGA-Y7S7T9,,True,,Batch: voucher golf (9 Sep 2026 - S3Y),,owner,global,,
28db6326-fa02-40d7-9631-1ce5bc9d3292,Voucher Relaksasi,"{""tagline"":""Apresiasi untuk tubuhmu yang sudah lelah beraktivitas hari ini. Voucher Relaksasi Rp50.000 dari SerenaRaga."",""terms1"":""Berlaku untuk layanan Home Service Massage di wilayah Yogyakarta (free transport max 10km)."",""terms2"":""Wajib melakukan reservasi maksimal H-1 sebelum kedatangan."",""terms3"":""Voucher tidak dapat diuangkan atau digabungkan dengan promo lainnya."",""voucher_type"":""discount""}",manual,flat,50000,,,,1.0,0,True,2026-09-09T05:24:24.166282+00:00,True,SRAGA-L4A8M5,,True,,Batch: voucher golf (9 Sep 2026 - S3Y),,owner,global,,
fecf0c31-c29b-4563-b39c-d7d321a2a808,Voucher Relaksasi,"{""tagline"":""Apresiasi untuk tubuhmu yang sudah lelah beraktivitas hari ini. Voucher Relaksasi Rp50.000 dari SerenaRaga."",""terms1"":""Berlaku untuk layanan Home Service Massage di wilayah Yogyakarta (free transport max 10km)."",""terms2"":""Wajib melakukan reservasi maksimal H-1 sebelum kedatangan."",""terms3"":""Voucher tidak dapat diuangkan atau digabungkan dengan promo lainnya."",""voucher_type"":""discount""}",manual,flat,50000,,,,1.0,0,True,2026-09-09T05:24:24.166282+00:00,True,SRAGA-C2Q5C3,,True,,Batch: voucher golf (9 Sep 2026 - S3Y),,owner,global,,
fe5b3c00-7f60-452d-a747-bbb4f811ed81,Voucher Relaksasi,"{""tagline"":""Apresiasi untuk tubuhmu yang sudah lelah beraktivitas hari ini. Voucher Relaksasi Rp50.000 dari SerenaRaga."",""terms1"":""Berlaku untuk layanan Home Service Massage di wilayah Yogyakarta (free transport max 10km)."",""terms2"":""Wajib melakukan reservasi maksimal H-1 sebelum kedatangan."",""terms3"":""Voucher tidak dapat diuangkan atau digabungkan dengan promo lainnya."",""voucher_type"":""discount""}",manual,flat,50000,,,,1.0,0,True,2026-09-09T05:24:24.166282+00:00,True,SRAGA-N9N6J5,,True,,Batch: voucher golf (9 Sep 2026 - S3Y),,owner,global,,
44bd80bf-d952-4705-ad5c-37f3357ad09a,Voucher Relaksasi,"{""tagline"":""Apresiasi untuk tubuhmu yang sudah lelah beraktivitas hari ini. Voucher Relaksasi Rp50.000 dari SerenaRaga."",""terms1"":""Berlaku untuk layanan Home Service Massage di wilayah Yogyakarta (free transport max 10km)."",""terms2"":""Wajib melakukan reservasi maksimal H-1 sebelum kedatangan."",""terms3"":""Voucher tidak dapat diuangkan atau digabungkan dengan promo lainnya."",""voucher_type"":""discount""}",manual,flat,50000,,,,1.0,0,True,2026-09-09T05:24:24.166282+00:00,True,SRAGA-L3W5L6,,True,,Batch: voucher golf (9 Sep 2026 - S3Y),,owner,global,,
1b597699-cad5-482e-b201-5dc4b1dd46ac,Voucher Relaksasi,"{""tagline"":""Apresiasi untuk tubuhmu yang sudah lelah beraktivitas hari ini. Voucher Relaksasi Rp50.000 dari SerenaRaga."",""terms1"":""Berlaku untuk layanan Home Service Massage di wilayah Yogyakarta (free transport max 10km)."",""terms2"":""Wajib melakukan reservasi maksimal H-1 sebelum kedatangan."",""terms3"":""Voucher tidak dapat diuangkan atau digabungkan dengan promo lainnya."",""voucher_type"":""discount""}",manual,flat,50000,,,,1.0,0,True,2026-09-09T05:24:24.166282+00:00,True,SRAGA-C9D6E2,,True,,Batch: voucher golf (9 Sep 2026 - S3Y),,owner,global,,
c0bceee8-2315-4a86-a3bf-69f09d9d4aad,Voucher Relaksasi,"{""tagline"":""Apresiasi untuk tubuhmu yang sudah lelah beraktivitas hari ini. Voucher Relaksasi Rp50.000 dari SerenaRaga."",""terms1"":""Berlaku untuk layanan Home Service Massage di wilayah Yogyakarta (free transport max 10km)."",""terms2"":""Wajib melakukan reservasi maksimal H-1 sebelum kedatangan."",""terms3"":""Voucher tidak dapat diuangkan atau digabungkan dengan promo lainnya."",""voucher_type"":""discount""}",manual,flat,50000,,,,1.0,0,True,2026-09-09T05:24:24.166282+00:00,True,SRAGA-H4D4G4,,True,,Batch: voucher golf (9 Sep 2026 - S3Y),,owner,global,,
6a0e862f-4e73-4726-9241-5374d2434811,Voucher Relaksasi,"{""tagline"":""Apresiasi untuk tubuhmu yang sudah lelah beraktivitas hari ini. Voucher Relaksasi Rp50.000 dari SerenaRaga."",""terms1"":""Berlaku untuk layanan Home Service Massage di wilayah Yogyakarta (free transport max 10km)."",""terms2"":""Wajib melakukan reservasi maksimal H-1 sebelum kedatangan."",""terms3"":""Voucher tidak dapat diuangkan atau digabungkan dengan promo lainnya."",""voucher_type"":""discount""}",manual,flat,50000,,,,1.0,0,True,2026-09-09T05:24:24.166282+00:00,True,SRAGA-W6P5X8,,True,,Batch: voucher golf (9 Sep 2026 - S3Y),,owner,global,,
ffc2e295-68ee-430c-ab67-ea585a7ad6a1,Voucher Relaksasi,"{""tagline"":""Apresiasi untuk tubuhmu yang sudah lelah beraktivitas hari ini. Voucher Relaksasi Rp50.000 dari SerenaRaga."",""terms1"":""Berlaku untuk layanan Home Service Massage di wilayah Yogyakarta (free transport max 10km)."",""terms2"":""Wajib melakukan reservasi maksimal H-1 sebelum kedatangan."",""terms3"":""Voucher tidak dapat diuangkan atau digabungkan dengan promo lainnya."",""voucher_type"":""discount""}",manual,flat,50000,,,,1.0,0,True,2026-09-09T05:24:24.166282+00:00,True,SRAGA-A4C5U7,,True,,Batch: voucher golf (9 Sep 2026 - S3Y),,owner,global,,
aa65cb84-5390-4b7a-a11c-b17986954b59,Voucher Relaksasi,"{""tagline"":""Apresiasi untuk tubuhmu yang sudah lelah beraktivitas hari ini. Voucher Relaksasi Rp50.000 dari SerenaRaga."",""terms1"":""Berlaku untuk layanan Home Service Massage di wilayah Yogyakarta (free transport max 10km)."",""terms2"":""Wajib melakukan reservasi maksimal H-1 sebelum kedatangan."",""terms3"":""Voucher tidak dapat diuangkan atau digabungkan dengan promo lainnya."",""voucher_type"":""discount""}",manual,flat,50000,,,,1.0,0,True,2026-09-09T05:24:24.166282+00:00,True,SRAGA-T4E8W4,,True,,Batch: voucher golf (9 Sep 2026 - S3Y),,owner,global,,
4fd66f03-2edf-47ef-bd77-b673388f4b7e,Voucher Relaksasi,"{""tagline"":""Apresiasi untuk tubuhmu yang sudah lelah beraktivitas hari ini. Voucher Relaksasi Rp50.000 dari SerenaRaga."",""terms1"":""Berlaku untuk layanan Home Service Massage di wilayah Yogyakarta (free transport max 10km)."",""terms2"":""Wajib melakukan reservasi maksimal H-1 sebelum kedatangan."",""terms3"":""Voucher tidak dapat diuangkan atau digabungkan dengan promo lainnya."",""voucher_type"":""discount""}",manual,flat,50000,,,,1.0,0,True,2026-09-09T05:24:24.166282+00:00,True,SRAGA-W6Z9H6,,True,,Batch: voucher golf (9 Sep 2026 - S3Y),,owner,global,,
5e05044c-19b7-4f89-9f8f-8e74ecca5a92,Voucher Relaksasi,"{""tagline"":""Apresiasi untuk tubuhmu yang sudah lelah beraktivitas hari ini. Voucher Relaksasi Rp50.000 dari SerenaRaga."",""terms1"":""Berlaku untuk layanan Home Service Massage di wilayah Yogyakarta (free transport max 10km)."",""terms2"":""Wajib melakukan reservasi maksimal H-1 sebelum kedatangan."",""terms3"":""Voucher tidak dapat diuangkan atau digabungkan dengan promo lainnya."",""voucher_type"":""discount""}",manual,flat,50000,,,,1.0,0,True,2026-09-09T05:24:24.166282+00:00,True,SRAGA-G4L6K8,,True,,Batch: voucher golf (9 Sep 2026 - S3Y),,owner,global,,
f8d4a8a6-bcff-4820-b608-048088c06c7d,Voucher Relaksasi,"{""tagline"":""Apresiasi untuk tubuhmu yang sudah lelah beraktivitas hari ini. Voucher Relaksasi Rp50.000 dari SerenaRaga."",""terms1"":""Berlaku untuk layanan Home Service Massage di wilayah Yogyakarta (free transport max 10km)."",""terms2"":""Wajib melakukan reservasi maksimal H-1 sebelum kedatangan."",""terms3"":""Voucher tidak dapat diuangkan atau digabungkan dengan promo lainnya."",""voucher_type"":""discount""}",manual,flat,50000,,,,1.0,0,True,2026-09-09T05:24:24.166282+00:00,True,SRAGA-P9G7F4,,True,,Batch: voucher golf (9 Sep 2026 - S3Y),,owner,global,,
dcdb4d7f-2a99-406f-a7e8-1c59c36e6981,Voucher Relaksasi,"{""tagline"":""Apresiasi untuk tubuhmu yang sudah lelah beraktivitas hari ini. Voucher Relaksasi Rp50.000 dari SerenaRaga."",""terms1"":""Berlaku untuk layanan Home Service Massage di wilayah Yogyakarta (free transport max 10km)."",""terms2"":""Wajib melakukan reservasi maksimal H-1 sebelum kedatangan."",""terms3"":""Voucher tidak dapat diuangkan atau digabungkan dengan promo lainnya."",""voucher_type"":""discount""}",manual,flat,50000,,,,1.0,0,True,2026-09-09T05:24:24.166282+00:00,True,SRAGA-Y8H4W9,,True,,Batch: voucher golf (9 Sep 2026 - S3Y),,owner,global,,
649c7be0-22fc-44a4-af9d-ebfc2ee0a99b,Voucher Relaksasi,"{""tagline"":""Apresiasi untuk tubuhmu yang sudah lelah beraktivitas hari ini. Voucher Relaksasi Rp50.000 dari SerenaRaga."",""terms1"":""Berlaku untuk layanan Home Service Massage di wilayah Yogyakarta (free transport max 10km)."",""terms2"":""Wajib melakukan reservasi maksimal H-1 sebelum kedatangan."",""terms3"":""Voucher tidak dapat diuangkan atau digabungkan dengan promo lainnya."",""voucher_type"":""discount""}",manual,flat,50000,,,,1.0,0,True,2026-09-09T05:24:24.166282+00:00,True,SRAGA-F9P5X7,,True,,Batch: voucher golf (9 Sep 2026 - S3Y),,owner,global,,
8195c83c-5f2c-4a3c-ad0d-fca47d1d85d5,Voucher Relaksasi,"{""tagline"":""Apresiasi untuk tubuhmu yang sudah lelah beraktivitas hari ini. Voucher Relaksasi Rp50.000 dari SerenaRaga."",""terms1"":""Berlaku untuk layanan Home Service Massage di wilayah Yogyakarta (free transport max 10km)."",""terms2"":""Wajib melakukan reservasi maksimal H-1 sebelum kedatangan."",""terms3"":""Voucher tidak dapat diuangkan atau digabungkan dengan promo lainnya."",""voucher_type"":""discount""}",manual,flat,50000,,,,1.0,0,True,2026-09-09T05:24:24.166282+00:00,True,SRAGA-V6M9V7,,True,,Batch: voucher golf (9 Sep 2026 - S3Y),,owner,global,,
795f941d-e462-470a-9248-d4a38fd1ff0e,Voucher Relaksasi,"{""tagline"":""Apresiasi untuk tubuhmu yang sudah lelah beraktivitas hari ini. Voucher Relaksasi Rp50.000 dari SerenaRaga."",""terms1"":""Berlaku untuk layanan Home Service Massage di wilayah Yogyakarta (free transport max 10km)."",""terms2"":""Wajib melakukan reservasi maksimal H-1 sebelum kedatangan."",""terms3"":""Voucher tidak dapat diuangkan atau digabungkan dengan promo lainnya."",""voucher_type"":""discount""}",manual,flat,50000,,,,1.0,0,True,2026-09-09T05:24:24.166282+00:00,True,SRAGA-R8K3Y9,,True,,Batch: voucher golf (9 Sep 2026 - S3Y),,owner,global,,
e7ef8d2f-ebed-4a34-879a-4eddff130759,Voucher Relaksasi,"{""tagline"":""Apresiasi untuk tubuhmu yang sudah lelah beraktivitas hari ini. Voucher Relaksasi Rp50.000 dari SerenaRaga."",""terms1"":""Berlaku untuk layanan Home Service Massage di wilayah Yogyakarta (free transport max 10km)."",""terms2"":""Wajib melakukan reservasi maksimal H-1 sebelum kedatangan."",""terms3"":""Voucher tidak dapat diuangkan atau digabungkan dengan promo lainnya."",""voucher_type"":""discount""}",manual,flat,50000,,,,1.0,0,True,2026-09-09T05:24:24.166282+00:00,True,SRAGA-F2E3A2,,True,,Batch: voucher golf (9 Sep 2026 - S3Y),,owner,global,,
b4ac3b0d-fc06-4ae7-b3cc-e31cd2b27c9c,Voucher Relaksasi,"{""tagline"":""Apresiasi untuk tubuhmu yang sudah lelah beraktivitas hari ini. Voucher Relaksasi Rp50.000 dari SerenaRaga."",""terms1"":""Berlaku untuk layanan Home Service Massage di wilayah Yogyakarta (free transport max 10km)."",""terms2"":""Wajib melakukan reservasi maksimal H-1 sebelum kedatangan."",""terms3"":""Voucher tidak dapat diuangkan atau digabungkan dengan promo lainnya."",""voucher_type"":""discount""}",manual,flat,50000,,,,1.0,0,True,2026-09-09T05:24:24.166282+00:00,True,SRAGA-D6B7X6,,True,,Batch: voucher golf (9 Sep 2026 - S3Y),,owner,global,,
2fd94065-feac-41ab-a0ab-6af0ec83540a,Voucher Relaksasi,"{""tagline"":""Apresiasi untuk tubuhmu yang sudah lelah beraktivitas hari ini. Voucher Relaksasi Rp50.000 dari SerenaRaga."",""terms1"":""Berlaku untuk layanan Home Service Massage di wilayah Yogyakarta (free transport max 10km)."",""terms2"":""Wajib melakukan reservasi maksimal H-1 sebelum kedatangan."",""terms3"":""Voucher tidak dapat diuangkan atau digabungkan dengan promo lainnya."",""voucher_type"":""discount""}",manual,flat,50000,,,,1.0,0,True,2026-09-09T05:24:24.166282+00:00,True,SRAGA-C5E6V8,,True,,Batch: voucher golf (9 Sep 2026 - S3Y),,owner,global,,
0e4015f7-ae33-4a54-a1e1-4671ea0a5861,Voucher Relaksasi,"{""tagline"":""Apresiasi untuk tubuhmu yang sudah lelah beraktivitas hari ini. Voucher Relaksasi 50.000 dari SerenaRaga.\n\n*minimal order 150.000"",""terms1"":""Berlaku untuk layanan Home Service Massage di wilayah Yogyakarta (free transport max 10km)."",""terms2"":""Wajib melakukan reservasi maksimal H-1 sebelum kedatangan."",""terms3"":""Voucher tidak dapat diuangkan atau digabungkan dengan promo lainnya."",""voucher_type"":""discount""}",manual,flat,50000,,,,1.0,0,True,2026-09-09T06:02:17.510417+00:00,True,SRAGA-Y8A5H6,,True,,Batch: vocer golf (9 Sep 2026 - Q5X),,owner,global,,
cb3d4aba-fe15-4ae3-b9fb-5bebfeffcf05,Voucher Relaksasi,"{""tagline"":""Apresiasi untuk tubuhmu yang sudah lelah beraktivitas hari ini. Voucher Relaksasi 50.000 dari SerenaRaga.\n\n*minimal order 150.000"",""terms1"":""Berlaku untuk layanan Home Service Massage di wilayah Yogyakarta (free transport max 10km)."",""terms2"":""Wajib melakukan reservasi maksimal H-1 sebelum kedatangan."",""terms3"":""Voucher tidak dapat diuangkan atau digabungkan dengan promo lainnya."",""voucher_type"":""discount""}",manual,flat,50000,,,,1.0,0,True,2026-09-09T06:02:17.510417+00:00,True,SRAGA-U4N8U2,,True,,Batch: vocer golf (9 Sep 2026 - Q5X),,owner,global,,
cf7023a5-20ea-4656-87d4-6b9b2c1ae82e,Voucher Relaksasi,"{""tagline"":""Apresiasi untuk tubuhmu yang sudah lelah beraktivitas hari ini. Voucher Relaksasi 50.000 dari SerenaRaga.\n\n*minimal order 150.000"",""terms1"":""Berlaku untuk layanan Home Service Massage di wilayah Yogyakarta (free transport max 10km)."",""terms2"":""Wajib melakukan reservasi maksimal H-1 sebelum kedatangan."",""terms3"":""Voucher tidak dapat diuangkan atau digabungkan dengan promo lainnya."",""voucher_type"":""discount""}",manual,flat,50000,,,,1.0,0,True,2026-09-09T06:02:17.510417+00:00,True,SRAGA-D5D6A5,,True,,Batch: vocer golf (9 Sep 2026 - Q5X),,owner,global,,
ee59516b-9505-486c-a791-e27d39539e3f,Voucher Relaksasi,"{""tagline"":""Apresiasi untuk tubuhmu yang sudah lelah beraktivitas hari ini. Voucher Relaksasi 50.000 dari SerenaRaga.\n\n*minimal order 150.000"",""terms1"":""Berlaku untuk layanan Home Service Massage di wilayah Yogyakarta (free transport max 10km)."",""terms2"":""Wajib melakukan reservasi maksimal H-1 sebelum kedatangan."",""terms3"":""Voucher tidak dapat diuangkan atau digabungkan dengan promo lainnya."",""voucher_type"":""discount""}",manual,flat,50000,,,,1.0,0,True,2026-09-09T06:02:17.510417+00:00,True,SRAGA-D8V9D8,,True,,Batch: vocer golf (9 Sep 2026 - Q5X),,owner,global,,
d76d61f7-aa01-4158-89f6-8029c8c91ad6,Voucher Relaksasi,"{""tagline"":""Apresiasi untuk tubuhmu yang sudah lelah beraktivitas hari ini. Voucher Relaksasi 50.000 dari SerenaRaga.\n\n*minimal order 150.000"",""terms1"":""Berlaku untuk layanan Home Service Massage di wilayah Yogyakarta (free transport max 10km)."",""terms2"":""Wajib melakukan reservasi maksimal H-1 sebelum kedatangan."",""terms3"":""Voucher tidak dapat diuangkan atau digabungkan dengan promo lainnya."",""voucher_type"":""discount""}",manual,flat,50000,,,,1.0,0,True,2026-09-09T06:02:17.510417+00:00,True,SRAGA-W6K9X2,,True,,Batch: vocer golf (9 Sep 2026 - Q5X),,owner,global,,
3d64311f-2122-4940-9cdf-91dd98feff05,Voucher Relaksasi,"{""tagline"":""Apresiasi untuk tubuhmu yang sudah lelah beraktivitas hari ini. Voucher Relaksasi 50.000 dari SerenaRaga.\n\n*minimal order 150.000"",""terms1"":""Berlaku untuk layanan Home Service Massage di wilayah Yogyakarta (free transport max 10km)."",""terms2"":""Wajib melakukan reservasi maksimal H-1 sebelum kedatangan."",""terms3"":""Voucher tidak dapat diuangkan atau digabungkan dengan promo lainnya."",""voucher_type"":""discount""}",manual,flat,50000,,,,1.0,0,True,2026-09-09T06:02:17.510417+00:00,True,SRAGA-S6J6Q8,,True,,Batch: vocer golf (9 Sep 2026 - Q5X),,owner,global,,
12f2b0f3-eacb-45c0-af5d-66da339f3690,Voucher Relaksasi,"{""tagline"":""Apresiasi untuk tubuhmu yang sudah lelah beraktivitas hari ini. Voucher Relaksasi 50.000 dari SerenaRaga.\n\n*minimal order 150.000"",""terms1"":""Berlaku untuk layanan Home Service Massage di wilayah Yogyakarta (free transport max 10km)."",""terms2"":""Wajib melakukan reservasi maksimal H-1 sebelum kedatangan."",""terms3"":""Voucher tidak dapat diuangkan atau digabungkan dengan promo lainnya."",""voucher_type"":""discount""}",manual,flat,50000,,,,1.0,0,True,2026-09-09T06:02:17.510417+00:00,True,SRAGA-T9F8Y2,,True,,Batch: vocer golf (9 Sep 2026 - Q5X),,owner,global,,
7200a31d-bc2e-4f17-9f23-a0a6ca467251,Voucher Relaksasi,"{""tagline"":""Apresiasi untuk tubuhmu yang sudah lelah beraktivitas hari ini. Voucher Relaksasi 50.000 dari SerenaRaga.\n\n*minimal order 150.000"",""terms1"":""Berlaku untuk layanan Home Service Massage di wilayah Yogyakarta (free transport max 10km)."",""terms2"":""Wajib melakukan reservasi maksimal H-1 sebelum kedatangan."",""terms3"":""Voucher tidak dapat diuangkan atau digabungkan dengan promo lainnya."",""voucher_type"":""discount""}",manual,flat,50000,,,,1.0,0,True,2026-09-09T06:02:17.510417+00:00,True,SRAGA-F8Y5V6,,True,,Batch: vocer golf (9 Sep 2026 - Q5X),,owner,global,,
77a5fc02-a2be-45ec-9bdc-01a2ab0686f1,Voucher Relaksasi,"{""tagline"":""Apresiasi untuk tubuhmu yang sudah lelah beraktivitas hari ini. Voucher Relaksasi 50.000 dari SerenaRaga.\n\n*minimal order 150.000"",""terms1"":""Berlaku untuk layanan Home Service Massage di wilayah Yogyakarta (free transport max 10km)."",""terms2"":""Wajib melakukan reservasi maksimal H-1 sebelum kedatangan."",""terms3"":""Voucher tidak dapat diuangkan atau digabungkan dengan promo lainnya."",""voucher_type"":""discount""}",manual,flat,50000,,,,1.0,0,True,2026-09-09T06:02:17.510417+00:00,True,SRAGA-E2J4B2,,True,,Batch: vocer golf (9 Sep 2026 - Q5X),,owner,global,,
6bb829c1-e926-4d33-8479-5b196dcf4f6f,Voucher Relaksasi,"{""tagline"":""Apresiasi untuk tubuhmu yang sudah lelah beraktivitas hari ini. Voucher Relaksasi 50.000 dari SerenaRaga.\n\n*minimal order 150.000"",""terms1"":""Berlaku untuk layanan Home Service Massage di wilayah Yogyakarta (free transport max 10km)."",""terms2"":""Wajib melakukan reservasi maksimal H-1 sebelum kedatangan."",""terms3"":""Voucher tidak dapat diuangkan atau digabungkan dengan promo lainnya."",""voucher_type"":""discount""}",manual,flat,50000,,,,1.0,0,True,2026-09-09T06:02:17.510417+00:00,True,SRAGA-L8T9P3,,True,,Batch: vocer golf (9 Sep 2026 - Q5X),,owner,global,,
b846a4bb-d044-437d-906b-1855d9aced45,Voucher Relaksasi,"{""tagline"":""Apresiasi untuk tubuhmu yang sudah lelah beraktivitas hari ini. Voucher Relaksasi 50.000 dari SerenaRaga.\n\n*minimal order 150.000"",""terms1"":""Berlaku untuk layanan Home Service Massage di wilayah Yogyakarta (free transport max 10km)."",""terms2"":""Wajib melakukan reservasi maksimal H-1 sebelum kedatangan."",""terms3"":""Voucher tidak dapat diuangkan atau digabungkan dengan promo lainnya."",""voucher_type"":""discount""}",manual,flat,50000,,,,1.0,0,True,2026-09-09T06:02:17.510417+00:00,True,SRAGA-H8Y2Q8,,True,,Batch: vocer golf (9 Sep 2026 - Q5X),,owner,global,,
e920d41c-8206-4248-b9fa-3b4055ea3fd2,Voucher Relaksasi,"{""tagline"":""Apresiasi untuk tubuhmu yang sudah lelah beraktivitas hari ini. Voucher Relaksasi 50.000 dari SerenaRaga.\n\n*minimal order 150.000"",""terms1"":""Berlaku untuk layanan Home Service Massage di wilayah Yogyakarta (free transport max 10km)."",""terms2"":""Wajib melakukan reservasi maksimal H-1 sebelum kedatangan."",""terms3"":""Voucher tidak dapat diuangkan atau digabungkan dengan promo lainnya."",""voucher_type"":""discount""}",manual,flat,50000,,,,1.0,0,True,2026-09-09T06:02:17.510417+00:00,True,SRAGA-F4U9E5,,True,,Batch: vocer golf (9 Sep 2026 - Q5X),,owner,global,,
c1316ac5-e060-452d-af84-b0247042a2b3,Voucher Relaksasi,"{""tagline"":""Apresiasi untuk tubuhmu yang sudah lelah beraktivitas hari ini. Voucher Relaksasi 50.000 dari SerenaRaga.\n\n*minimal order 150.000"",""terms1"":""Berlaku untuk layanan Home Service Massage di wilayah Yogyakarta (free transport max 10km)."",""terms2"":""Wajib melakukan reservasi maksimal H-1 sebelum kedatangan."",""terms3"":""Voucher tidak dapat diuangkan atau digabungkan dengan promo lainnya."",""voucher_type"":""discount""}",manual,flat,50000,,,,1.0,0,True,2026-09-09T06:02:17.510417+00:00,True,SRAGA-X7B4N9,,True,,Batch: vocer golf (9 Sep 2026 - Q5X),,owner,global,,
2ecb218d-bdc6-4a95-a075-9ab940ba5432,Voucher Relaksasi,"{""tagline"":""Apresiasi untuk tubuhmu yang sudah lelah beraktivitas hari ini. Voucher Relaksasi 50.000 dari SerenaRaga.\n\n*minimal order 150.000"",""terms1"":""Berlaku untuk layanan Home Service Massage di wilayah Yogyakarta (free transport max 10km)."",""terms2"":""Wajib melakukan reservasi maksimal H-1 sebelum kedatangan."",""terms3"":""Voucher tidak dapat diuangkan atau digabungkan dengan promo lainnya."",""voucher_type"":""discount""}",manual,flat,50000,,,,1.0,0,True,2026-09-09T06:02:17.510417+00:00,True,SRAGA-N3Y6U5,,True,,Batch: vocer golf (9 Sep 2026 - Q5X),,owner,global,,
a4b867ad-a1ce-4746-93ff-65374f581f3e,Voucher Relaksasi,"{""tagline"":""Apresiasi untuk tubuhmu yang sudah lelah beraktivitas hari ini. Voucher Relaksasi 50.000 dari SerenaRaga.\n\n*minimal order 150.000"",""terms1"":""Berlaku untuk layanan Home Service Massage di wilayah Yogyakarta (free transport max 10km)."",""terms2"":""Wajib melakukan reservasi maksimal H-1 sebelum kedatangan."",""terms3"":""Voucher tidak dapat diuangkan atau digabungkan dengan promo lainnya."",""voucher_type"":""discount""}",manual,flat,50000,,,,1.0,0,True,2026-09-09T06:02:17.510417+00:00,True,SRAGA-Q9H5Q4,,True,,Batch: vocer golf (9 Sep 2026 - Q5X),,owner,global,,
971fe26d-f63a-4cc7-9ea5-2ee3da4a6645,Voucher Relaksasi,"{""tagline"":""Apresiasi untuk tubuhmu yang sudah lelah beraktivitas hari ini. Voucher Relaksasi 50.000 dari SerenaRaga.\n\n*minimal order 150.000"",""terms1"":""Berlaku untuk layanan Home Service Massage di wilayah Yogyakarta (free transport max 10km)."",""terms2"":""Wajib melakukan reservasi maksimal H-1 sebelum kedatangan."",""terms3"":""Voucher tidak dapat diuangkan atau digabungkan dengan promo lainnya."",""voucher_type"":""discount""}",manual,flat,50000,,,,1.0,0,True,2026-09-09T06:02:17.510417+00:00,True,SRAGA-R8M8J8,,True,,Batch: vocer golf (9 Sep 2026 - Q5X),,owner,global,,
94e34b2a-15f1-4db3-8314-bc2dd3c5c6df,Voucher Relaksasi,"{""tagline"":""Apresiasi untuk tubuhmu yang sudah lelah beraktivitas hari ini. Voucher Relaksasi 50.000 dari SerenaRaga.\n\n*minimal order 150.000"",""terms1"":""Berlaku untuk layanan Home Service Massage di wilayah Yogyakarta (free transport max 10km)."",""terms2"":""Wajib melakukan reservasi maksimal H-1 sebelum kedatangan."",""terms3"":""Voucher tidak dapat diuangkan atau digabungkan dengan promo lainnya."",""voucher_type"":""discount""}",manual,flat,50000,,,,1.0,0,True,2026-09-09T06:02:17.510417+00:00,True,SRAGA-X2E8Q9,,True,,Batch: vocer golf (9 Sep 2026 - Q5X),,owner,global,,
1230cd6e-9db4-48ca-b8de-51f47e81f45c,Voucher Relaksasi,"{""tagline"":""Apresiasi untuk tubuhmu yang sudah lelah beraktivitas hari ini. Voucher Relaksasi 50.000 dari SerenaRaga.\n\n*minimal order 150.000"",""terms1"":""Berlaku untuk layanan Home Service Massage di wilayah Yogyakarta (free transport max 10km)."",""terms2"":""Wajib melakukan reservasi maksimal H-1 sebelum kedatangan."",""terms3"":""Voucher tidak dapat diuangkan atau digabungkan dengan promo lainnya."",""voucher_type"":""discount""}",manual,flat,50000,,,,1.0,0,True,2026-09-09T06:02:17.510417+00:00,True,SRAGA-U7W6C6,,True,,Batch: vocer golf (9 Sep 2026 - Q5X),,owner,global,,
946fb1a1-7997-4bff-94a6-f2c27c409e57,Voucher Relaksasi,"{""tagline"":""Apresiasi untuk tubuhmu yang sudah lelah beraktivitas hari ini. Voucher Relaksasi 50.000 dari SerenaRaga.\n\n*minimal order 150.000"",""terms1"":""Berlaku untuk layanan Home Service Massage di wilayah Yogyakarta (free transport max 10km)."",""terms2"":""Wajib melakukan reservasi maksimal H-1 sebelum kedatangan."",""terms3"":""Voucher tidak dapat diuangkan atau digabungkan dengan promo lainnya."",""voucher_type"":""discount""}",manual,flat,50000,,,,1.0,0,True,2026-09-09T06:02:17.510417+00:00,True,SRAGA-M2T2L4,,True,,Batch: vocer golf (9 Sep 2026 - Q5X),,owner,global,,
6425a417-8c28-4c03-b263-46267d1115e4,Voucher Relaksasi,"{""tagline"":""Apresiasi untuk tubuhmu yang sudah lelah beraktivitas hari ini. Voucher Relaksasi 50.000 dari SerenaRaga.\n\n*minimal order 150.000"",""terms1"":""Berlaku untuk layanan Home Service Massage di wilayah Yogyakarta (free transport max 10km)."",""terms2"":""Wajib melakukan reservasi maksimal H-1 sebelum kedatangan."",""terms3"":""Voucher tidak dapat diuangkan atau digabungkan dengan promo lainnya."",""voucher_type"":""discount""}",manual,flat,50000,,,,1.0,0,True,2026-09-09T06:02:17.510417+00:00,True,SRAGA-F9T9A3,,True,,Batch: vocer golf (9 Sep 2026 - Q5X),,owner,global,,
836ddd90-fdcb-41bc-8c00-eec4c5df7c00,Voucher Relaksasi,"{""tagline"":""Apresiasi untuk tubuhmu yang sudah lelah beraktivitas hari ini. Voucher Relaksasi 50.000 dari SerenaRaga.\n\n*minimal order 150.000"",""terms1"":""Berlaku untuk layanan Home Service Massage di wilayah Yogyakarta (free transport max 10km)."",""terms2"":""Wajib melakukan reservasi maksimal H-1 sebelum kedatangan."",""terms3"":""Voucher tidak dapat diuangkan atau digabungkan dengan promo lainnya."",""voucher_type"":""discount""}",manual,flat,50000,,,,1.0,0,True,2026-09-09T06:02:17.510417+00:00,True,SRAGA-F2R2J4,,True,,Batch: vocer golf (9 Sep 2026 - Q5X),,owner,global,,
d0910a64-dc6b-4fb0-97a0-c613f7399916,Voucher Relaksasi,"{""tagline"":""Apresiasi untuk tubuhmu yang sudah lelah beraktivitas hari ini. Voucher Relaksasi 50.000 dari SerenaRaga.\n\n*minimal order 150.000"",""terms1"":""Berlaku untuk layanan Home Service Massage di wilayah Yogyakarta (free transport max 10km)."",""terms2"":""Wajib melakukan reservasi maksimal H-1 sebelum kedatangan."",""terms3"":""Voucher tidak dapat diuangkan atau digabungkan dengan promo lainnya."",""voucher_type"":""discount""}",manual,flat,50000,,,,1.0,0,True,2026-09-09T06:02:17.510417+00:00,True,SRAGA-R7J8M8,,True,,Batch: vocer golf (9 Sep 2026 - Q5X),,owner,global,,
d9fb9c0d-58d7-4939-a1a4-3cb22637f1cc,Voucher Relaksasi,"{""tagline"":""Apresiasi untuk tubuhmu yang sudah lelah beraktivitas hari ini. Voucher Relaksasi 50.000 dari SerenaRaga.\n\n*minimal order 150.000"",""terms1"":""Berlaku untuk layanan Home Service Massage di wilayah Yogyakarta (free transport max 10km)."",""terms2"":""Wajib melakukan reservasi maksimal H-1 sebelum kedatangan."",""terms3"":""Voucher tidak dapat diuangkan atau digabungkan dengan promo lainnya."",""voucher_type"":""discount""}",manual,flat,50000,,,,1.0,0,True,2026-09-09T06:02:17.510417+00:00,True,SRAGA-J2G6Y6,,True,,Batch: vocer golf (9 Sep 2026 - Q5X),,owner,global,,
b11d4ee9-6bc0-4a5a-9541-d3173b24878d,Voucher Relaksasi,"{""tagline"":""Apresiasi untuk tubuhmu yang sudah lelah beraktivitas hari ini. Voucher Relaksasi 50.000 dari SerenaRaga.\n\n*minimal order 150.000"",""terms1"":""Berlaku untuk layanan Home Service Massage di wilayah Yogyakarta (free transport max 10km)."",""terms2"":""Wajib melakukan reservasi maksimal H-1 sebelum kedatangan."",""terms3"":""Voucher tidak dapat diuangkan atau digabungkan dengan promo lainnya."",""voucher_type"":""discount""}",manual,flat,50000,,,,1.0,0,True,2026-09-09T06:02:17.510417+00:00,True,SRAGA-V4L5A7,,True,,Batch: vocer golf (9 Sep 2026 - Q5X),,owner,global,,
c525f387-d990-428e-b8f6-5cbc6c5c7f1f,Voucher Relaksasi,"{""tagline"":""Apresiasi untuk tubuhmu yang sudah lelah beraktivitas hari ini. Voucher Relaksasi 50.000 dari SerenaRaga.\n\n*minimal order 150.000"",""terms1"":""Berlaku untuk layanan Home Service Massage di wilayah Yogyakarta (free transport max 10km)."",""terms2"":""Wajib melakukan reservasi maksimal H-1 sebelum kedatangan."",""terms3"":""Voucher tidak dapat diuangkan atau digabungkan dengan promo lainnya."",""voucher_type"":""discount""}",manual,flat,50000,,,,1.0,0,True,2026-09-09T06:02:17.510417+00:00,True,SRAGA-Q9M8E6,,True,,Batch: vocer golf (9 Sep 2026 - Q5X),,owner,global,,
f0abdaa7-7ceb-43c5-ac42-428805598adc,Voucher Relaksasi,"{""tagline"":""Apresiasi untuk tubuhmu yang sudah lelah beraktivitas hari ini. Voucher Relaksasi 50.000 dari SerenaRaga.\n\n*minimal order 150.000"",""terms1"":""Berlaku untuk layanan Home Service Massage di wilayah Yogyakarta (free transport max 10km)."",""terms2"":""Wajib melakukan reservasi maksimal H-1 sebelum kedatangan."",""terms3"":""Voucher tidak dapat diuangkan atau digabungkan dengan promo lainnya."",""voucher_type"":""discount""}",manual,flat,50000,,,,1.0,0,True,2026-09-09T06:02:17.510417+00:00,True,SRAGA-H5Y6P2,,True,,Batch: vocer golf (9 Sep 2026 - Q5X),,owner,global,,
1fa4b4d1-d01a-46a6-bcfd-e7a74830ee74,Voucher Relaksasi,"{""tagline"":""Apresiasi untuk tubuhmu yang sudah lelah beraktivitas hari ini. Voucher Relaksasi 50.000 dari SerenaRaga.\n\n*minimal order 150.000"",""terms1"":""Berlaku untuk layanan Home Service Massage di wilayah Yogyakarta (free transport max 10km)."",""terms2"":""Wajib melakukan reservasi maksimal H-1 sebelum kedatangan."",""terms3"":""Voucher tidak dapat diuangkan atau digabungkan dengan promo lainnya."",""voucher_type"":""discount""}",manual,flat,50000,,,,1.0,0,True,2026-09-09T06:02:17.510417+00:00,True,SRAGA-D2P7T4,,True,,Batch: vocer golf (9 Sep 2026 - Q5X),,owner,global,,
bf55e629-2e0b-4a5f-a824-ce7e6f3fd6ac,Voucher Relaksasi,"{""tagline"":""Apresiasi untuk tubuhmu yang sudah lelah beraktivitas hari ini. Voucher Relaksasi 50.000 dari SerenaRaga.\n\n*minimal order 150.000"",""terms1"":""Berlaku untuk layanan Home Service Massage di wilayah Yogyakarta (free transport max 10km)."",""terms2"":""Wajib melakukan reservasi maksimal H-1 sebelum kedatangan."",""terms3"":""Voucher tidak dapat diuangkan atau digabungkan dengan promo lainnya."",""voucher_type"":""discount""}",manual,flat,50000,,,,1.0,0,True,2026-09-09T06:02:17.510417+00:00,True,SRAGA-W8J4A7,,True,,Batch: vocer golf (9 Sep 2026 - Q5X),,owner,global,,
2ddcabf4-96c7-4037-a6ff-d7685928d464,Voucher Relaksasi,"{""tagline"":""Apresiasi untuk tubuhmu yang sudah lelah beraktivitas hari ini. Voucher Relaksasi 50.000 dari SerenaRaga.\n\n*minimal order 150.000"",""terms1"":""Berlaku untuk layanan Home Service Massage di wilayah Yogyakarta (free transport max 10km)."",""terms2"":""Wajib melakukan reservasi maksimal H-1 sebelum kedatangan."",""terms3"":""Voucher tidak dapat diuangkan atau digabungkan dengan promo lainnya."",""voucher_type"":""discount""}",manual,flat,50000,,,,1.0,0,True,2026-09-09T06:02:17.510417+00:00,True,SRAGA-H9T7D7,,True,,Batch: vocer golf (9 Sep 2026 - Q5X),,owner,global,,
8d1992d0-3539-4457-bbc9-905959cb5a65,Voucher Relaksasi,"{""tagline"":""Apresiasi untuk tubuhmu yang sudah lelah beraktivitas hari ini. Voucher Relaksasi 50.000 dari SerenaRaga.\n\n*minimal order 150.000"",""terms1"":""Berlaku untuk layanan Home Service Massage di wilayah Yogyakarta (free transport max 10km)."",""terms2"":""Wajib melakukan reservasi maksimal H-1 sebelum kedatangan."",""terms3"":""Voucher tidak dapat diuangkan atau digabungkan dengan promo lainnya."",""voucher_type"":""discount""}",manual,flat,50000,,,,1.0,0,True,2026-09-09T06:02:17.510417+00:00,True,SRAGA-K6W6T4,,True,,Batch: vocer golf (9 Sep 2026 - Q5X),,owner,global,,
de295164-22c3-4d5b-b40b-a444c0f85aa6,Voucher Relaksasi,"{""tagline"":""Apresiasi untuk tubuhmu yang sudah lelah beraktivitas hari ini. Voucher Relaksasi 50.000 dari SerenaRaga.\n\n*minimal order 150.000"",""terms1"":""Berlaku untuk layanan Home Service Massage di wilayah Yogyakarta (free transport max 10km)."",""terms2"":""Wajib melakukan reservasi maksimal H-1 sebelum kedatangan."",""terms3"":""Voucher tidak dapat diuangkan atau digabungkan dengan promo lainnya."",""voucher_type"":""discount""}",manual,flat,50000,,,,1.0,0,True,2026-09-09T06:02:17.510417+00:00,True,SRAGA-L2H2L6,,True,,Batch: vocer golf (9 Sep 2026 - Q5X),,owner,global,,
0a2a7499-0545-471c-a67c-8991534a842e,Voucher Relaksasi,"{""tagline"":""Apresiasi untuk tubuhmu yang sudah lelah beraktivitas hari ini. Voucher Relaksasi 50.000 dari SerenaRaga.\n\n*minimal order 150.000"",""terms1"":""Berlaku untuk layanan Home Service Massage di wilayah Yogyakarta (free transport max 10km)."",""terms2"":""Wajib melakukan reservasi maksimal H-1 sebelum kedatangan."",""terms3"":""Voucher tidak dapat diuangkan atau digabungkan dengan promo lainnya."",""voucher_type"":""discount""}",manual,flat,50000,,,,1.0,0,True,2026-09-09T06:02:17.510417+00:00,True,SRAGA-G3J5U6,,True,,Batch: vocer golf (9 Sep 2026 - Q5X),,owner,global,,
7d3fc313-bf04-4af2-ae10-025c46470cc5,Voucher Relaksasi,"{""tagline"":""Apresiasi untuk tubuhmu yang sudah lelah beraktivitas hari ini. Voucher Relaksasi 50.000 dari SerenaRaga.\n\n*minimal order 150.000"",""terms1"":""Berlaku untuk layanan Home Service Massage di wilayah Yogyakarta (free transport max 10km)."",""terms2"":""Wajib melakukan reservasi maksimal H-1 sebelum kedatangan."",""terms3"":""Voucher tidak dapat diuangkan atau digabungkan dengan promo lainnya."",""voucher_type"":""discount""}",manual,flat,50000,,,,1.0,0,True,2026-09-09T06:02:17.510417+00:00,True,SRAGA-F3P3Y4,,True,,Batch: vocer golf (9 Sep 2026 - Q5X),,owner,global,,
8c648c91-1154-47ba-bf42-3b494a23e7fb,Voucher Relaksasi,"{""tagline"":""Apresiasi untuk tubuhmu yang sudah lelah beraktivitas hari ini. Voucher Relaksasi 50.000 dari SerenaRaga.\n\n*minimal order 150.000"",""terms1"":""Berlaku untuk layanan Home Service Massage di wilayah Yogyakarta (free transport max 10km)."",""terms2"":""Wajib melakukan reservasi maksimal H-1 sebelum kedatangan."",""terms3"":""Voucher tidak dapat diuangkan atau digabungkan dengan promo lainnya."",""voucher_type"":""discount""}",manual,flat,50000,,,,1.0,0,True,2026-09-09T06:02:17.510417+00:00,True,SRAGA-W8F9V4,,True,,Batch: vocer golf (9 Sep 2026 - Q5X),,owner,global,,
972dbebc-f098-4c5a-96a7-48c5b1d3cd42,Voucher Relaksasi,"{""tagline"":""Apresiasi untuk tubuhmu yang sudah lelah beraktivitas hari ini. Voucher Relaksasi 50.000 dari SerenaRaga.\n\n*minimal order 150.000"",""terms1"":""Berlaku untuk layanan Home Service Massage di wilayah Yogyakarta (free transport max 10km)."",""terms2"":""Wajib melakukan reservasi maksimal H-1 sebelum kedatangan."",""terms3"":""Voucher tidak dapat diuangkan atau digabungkan dengan promo lainnya."",""voucher_type"":""discount""}",manual,flat,50000,,,,1.0,0,True,2026-09-09T06:02:17.510417+00:00,True,SRAGA-Y4F3L5,,True,,Batch: vocer golf (9 Sep 2026 - Q5X),,owner,global,,
1319187e-838e-4236-895b-82623c6bc4ef,Voucher Relaksasi,"{""tagline"":""Apresiasi untuk tubuhmu yang sudah lelah beraktivitas hari ini. Voucher Relaksasi 50.000 dari SerenaRaga.\n\n*minimal order 150.000"",""terms1"":""Berlaku untuk layanan Home Service Massage di wilayah Yogyakarta (free transport max 10km)."",""terms2"":""Wajib melakukan reservasi maksimal H-1 sebelum kedatangan."",""terms3"":""Voucher tidak dapat diuangkan atau digabungkan dengan promo lainnya."",""voucher_type"":""discount""}",manual,flat,50000,,,,1.0,0,True,2026-09-09T06:02:17.510417+00:00,True,SRAGA-P3S8L5,,True,,Batch: vocer golf (9 Sep 2026 - Q5X),,owner,global,,
f9679c06-156e-46ba-949e-e448101ca5c4,Voucher Relaksasi,"{""tagline"":""Apresiasi untuk tubuhmu yang sudah lelah beraktivitas hari ini. Voucher Relaksasi discount 15% dari SerenaRaga."",""terms1"":""Berlaku untuk layanan Home Service Massage di wilayah Yogyakarta (free transport max 10km)."",""terms2"":""Wajib melakukan reservasi maksimal H-1 sebelum kedatangan."",""terms3"":""Voucher tidak dapat diuangkan atau digabungkan dengan promo lainnya."",""voucher_type"":""discount""}",manual,percentage,15,,,,1.0,0,True,2026-09-11T09:36:55.622202+00:00,True,SRAGA-D5U5R7,,True,,Batch: Vocer yoga wandere (11 Sep 2026 - U2T),,owner,global,,
ba070058-5b99-4496-ab16-8f34c2ebeece,Voucher Relaksasi,"{""tagline"":""Apresiasi untuk tubuhmu yang sudah lelah beraktivitas hari ini. Voucher Relaksasi discount 15% dari SerenaRaga."",""terms1"":""Berlaku untuk layanan Home Service Massage di wilayah Yogyakarta (free transport max 10km)."",""terms2"":""Wajib melakukan reservasi maksimal H-1 sebelum kedatangan."",""terms3"":""Voucher tidak dapat diuangkan atau digabungkan dengan promo lainnya."",""voucher_type"":""discount""}",manual,percentage,15,,,,1.0,0,True,2026-09-11T09:36:55.622202+00:00,True,SRAGA-G3J6G5,,True,,Batch: Vocer yoga wandere (11 Sep 2026 - U2T),,owner,global,,
f78b895f-7784-4ecf-9229-fc0955d03c93,Voucher Relaksasi,"{""tagline"":""Apresiasi untuk tubuhmu yang sudah lelah beraktivitas hari ini. Voucher Relaksasi discount 15% dari SerenaRaga."",""terms1"":""Berlaku untuk layanan Home Service Massage di wilayah Yogyakarta (free transport max 10km)."",""terms2"":""Wajib melakukan reservasi maksimal H-1 sebelum kedatangan."",""terms3"":""Voucher tidak dapat diuangkan atau digabungkan dengan promo lainnya."",""voucher_type"":""discount""}",manual,percentage,15,,,,1.0,0,True,2026-09-11T09:36:55.622202+00:00,True,SRAGA-M8Q6V9,,True,,Batch: Vocer yoga wandere (11 Sep 2026 - U2T),,owner,global,,
9fcabcbe-6e3b-42b3-acc3-f038a472de46,Voucher Relaksasi,"{""tagline"":""Apresiasi untuk tubuhmu yang sudah lelah beraktivitas hari ini. Voucher Relaksasi discount 15% dari SerenaRaga."",""terms1"":""Berlaku untuk layanan Home Service Massage di wilayah Yogyakarta (free transport max 10km)."",""terms2"":""Wajib melakukan reservasi maksimal H-1 sebelum kedatangan."",""terms3"":""Voucher tidak dapat diuangkan atau digabungkan dengan promo lainnya."",""voucher_type"":""discount""}",manual,percentage,15,,,,1.0,0,True,2026-09-11T09:36:55.622202+00:00,True,SRAGA-V5U9U4,,True,,Batch: Vocer yoga wandere (11 Sep 2026 - U2T),,owner,global,,
421b5124-b750-485a-bf45-74ed905e7b90,Voucher Relaksasi,"{""tagline"":""Apresiasi untuk tubuhmu yang sudah lelah beraktivitas hari ini. Voucher Relaksasi discount 15% dari SerenaRaga."",""terms1"":""Berlaku untuk layanan Home Service Massage di wilayah Yogyakarta (free transport max 10km)."",""terms2"":""Wajib melakukan reservasi maksimal H-1 sebelum kedatangan."",""terms3"":""Voucher tidak dapat diuangkan atau digabungkan dengan promo lainnya."",""voucher_type"":""discount""}",manual,percentage,15,,,,1.0,0,True,2026-09-11T09:36:55.622202+00:00,True,SRAGA-K5K6U4,,True,,Batch: Vocer yoga wandere (11 Sep 2026 - U2T),,owner,global,,
bcd4af41-3c50-4717-a7a5-9e936593f429,Voucher Relaksasi,"{""tagline"":""Apresiasi untuk tubuhmu yang sudah lelah beraktivitas hari ini. Voucher Relaksasi discount 15% dari SerenaRaga."",""terms1"":""Berlaku untuk layanan Home Service Massage di wilayah Yogyakarta (free transport max 10km)."",""terms2"":""Wajib melakukan reservasi maksimal H-1 sebelum kedatangan."",""terms3"":""Voucher tidak dapat diuangkan atau digabungkan dengan promo lainnya."",""voucher_type"":""discount""}",manual,percentage,15,,,,1.0,0,True,2026-09-11T09:36:55.622202+00:00,True,SRAGA-W3B2T4,,True,,Batch: Vocer yoga wandere (11 Sep 2026 - U2T),,owner,global,,
844e1b76-ffec-4c28-b8be-35592e65a949,Voucher Relaksasi,"{""tagline"":""Apresiasi untuk tubuhmu yang sudah lelah beraktivitas hari ini. Voucher Relaksasi discount 15% dari SerenaRaga."",""terms1"":""Berlaku untuk layanan Home Service Massage di wilayah Yogyakarta (free transport max 10km)."",""terms2"":""Wajib melakukan reservasi maksimal H-1 sebelum kedatangan."",""terms3"":""Voucher tidak dapat diuangkan atau digabungkan dengan promo lainnya."",""voucher_type"":""discount""}",manual,percentage,15,,,,1.0,0,True,2026-09-11T09:36:55.622202+00:00,True,SRAGA-Z6W9V3,,True,,Batch: Vocer yoga wandere (11 Sep 2026 - U2T),,owner,global,,
945f9428-51f6-4582-a5b4-4ec97f4101b8,Voucher Relaksasi,"{""tagline"":""Apresiasi untuk tubuhmu yang sudah lelah beraktivitas hari ini. Voucher Relaksasi discount 15% dari SerenaRaga."",""terms1"":""Berlaku untuk layanan Home Service Massage di wilayah Yogyakarta (free transport max 10km)."",""terms2"":""Wajib melakukan reservasi maksimal H-1 sebelum kedatangan."",""terms3"":""Voucher tidak dapat diuangkan atau digabungkan dengan promo lainnya."",""voucher_type"":""discount""}",manual,percentage,15,,,,1.0,0,True,2026-09-11T09:36:55.622202+00:00,True,SRAGA-C6P8A2,,True,,Batch: Vocer yoga wandere (11 Sep 2026 - U2T),,owner,global,,
a4f20598-52da-459f-99ce-be86a864b8c1,Voucher Relaksasi,"{""tagline"":""Apresiasi untuk tubuhmu yang sudah lelah beraktivitas hari ini. Voucher Relaksasi discount 15% dari SerenaRaga."",""terms1"":""Berlaku untuk layanan Home Service Massage di wilayah Yogyakarta (free transport max 10km)."",""terms2"":""Wajib melakukan reservasi maksimal H-1 sebelum kedatangan."",""terms3"":""Voucher tidak dapat diuangkan atau digabungkan dengan promo lainnya."",""voucher_type"":""discount""}",manual,percentage,15,,,,1.0,0,True,2026-09-11T09:36:55.622202+00:00,True,SRAGA-H9Q3Y9,,True,,Batch: Vocer yoga wandere (11 Sep 2026 - U2T),,owner,global,,
12abd7e0-18e1-4d4d-a828-31c5f15bf47c,Voucher Relaksasi,"{""tagline"":""Apresiasi untuk tubuhmu yang sudah lelah beraktivitas hari ini. Voucher Relaksasi discount 15% dari SerenaRaga."",""terms1"":""Berlaku untuk layanan Home Service Massage di wilayah Yogyakarta (free transport max 10km)."",""terms2"":""Wajib melakukan reservasi maksimal H-1 sebelum kedatangan."",""terms3"":""Voucher tidak dapat diuangkan atau digabungkan dengan promo lainnya."",""voucher_type"":""discount""}",manual,percentage,15,,,,1.0,0,True,2026-09-11T09:36:55.622202+00:00,True,SRAGA-B9M8Y7,,True,,Batch: Vocer yoga wandere (11 Sep 2026 - U2T),,owner,global,,
aa4c1448-b1a9-4643-b669-adb11e7d4479,Voucher Relaksasi,"{""tagline"":""Apresiasi untuk tubuhmu yang sudah lelah beraktivitas hari ini. Voucher Relaksasi discount 15% dari SerenaRaga."",""terms1"":""Berlaku untuk layanan Home Service Massage di wilayah Yogyakarta (free transport max 10km)."",""terms2"":""Wajib melakukan reservasi maksimal H-1 sebelum kedatangan."",""terms3"":""Voucher tidak dapat diuangkan atau digabungkan dengan promo lainnya."",""voucher_type"":""discount""}",manual,percentage,15,,,,1.0,0,True,2026-09-11T09:36:55.622202+00:00,True,SRAGA-X3Q5F9,,True,,Batch: Vocer yoga wandere (11 Sep 2026 - U2T),,owner,global,,
e77a1b72-75bb-4876-99b0-ffc8836f5bca,Voucher Relaksasi,"{""tagline"":""Apresiasi untuk tubuhmu yang sudah lelah beraktivitas hari ini. Voucher Relaksasi discount 15% dari SerenaRaga."",""terms1"":""Berlaku untuk layanan Home Service Massage di wilayah Yogyakarta (free transport max 10km)."",""terms2"":""Wajib melakukan reservasi maksimal H-1 sebelum kedatangan."",""terms3"":""Voucher tidak dapat diuangkan atau digabungkan dengan promo lainnya."",""voucher_type"":""discount""}",manual,percentage,15,,,,1.0,0,True,2026-09-11T09:36:55.622202+00:00,True,SRAGA-V9L4R5,,True,,Batch: Vocer yoga wandere (11 Sep 2026 - U2T),,owner,global,,
bcdda805-cb4f-45cc-b70a-7d14ef7e4029,Voucher Relaksasi,"{""tagline"":""Apresiasi untuk tubuhmu yang sudah lelah beraktivitas hari ini. Voucher Relaksasi discount 15% dari SerenaRaga."",""terms1"":""Berlaku untuk layanan Home Service Massage di wilayah Yogyakarta (free transport max 10km)."",""terms2"":""Wajib melakukan reservasi maksimal H-1 sebelum kedatangan."",""terms3"":""Voucher tidak dapat diuangkan atau digabungkan dengan promo lainnya."",""voucher_type"":""discount""}",manual,percentage,15,,,,1.0,0,True,2026-09-11T09:36:55.622202+00:00,True,SRAGA-M5V3Z2,,True,,Batch: Vocer yoga wandere (11 Sep 2026 - U2T),,owner,global,,
6f28398a-7e29-4080-97bf-c1e36b25cf50,Voucher Relaksasi,"{""tagline"":""Apresiasi untuk tubuhmu yang sudah lelah beraktivitas hari ini. Voucher Relaksasi discount 15% dari SerenaRaga."",""terms1"":""Berlaku untuk layanan Home Service Massage di wilayah Yogyakarta (free transport max 10km)."",""terms2"":""Wajib melakukan reservasi maksimal H-1 sebelum kedatangan."",""terms3"":""Voucher tidak dapat diuangkan atau digabungkan dengan promo lainnya."",""voucher_type"":""discount""}",manual,percentage,15,,,,1.0,0,True,2026-09-11T09:36:55.622202+00:00,True,SRAGA-P5Z5F7,,True,,Batch: Vocer yoga wandere (11 Sep 2026 - U2T),,owner,global,,
751e8b30-1bdd-4dee-bca0-b5a4b801f2ae,Voucher Relaksasi,"{""tagline"":""Apresiasi untuk tubuhmu yang sudah lelah beraktivitas hari ini. Voucher Relaksasi discount 15% dari SerenaRaga."",""terms1"":""Berlaku untuk layanan Home Service Massage di wilayah Yogyakarta (free transport max 10km)."",""terms2"":""Wajib melakukan reservasi maksimal H-1 sebelum kedatangan."",""terms3"":""Voucher tidak dapat diuangkan atau digabungkan dengan promo lainnya."",""voucher_type"":""discount""}",manual,percentage,15,,,,1.0,0,True,2026-09-11T09:36:55.622202+00:00,True,SRAGA-X3B3L7,,True,,Batch: Vocer yoga wandere (11 Sep 2026 - U2T),,owner,global,,
8c4f5c8f-4353-43c2-b615-2084136f0eb4,Voucher Relaksasi,"{""tagline"":""Apresiasi untuk tubuhmu yang sudah lelah beraktivitas hari ini. Voucher Relaksasi discount 15% dari SerenaRaga."",""terms1"":""Berlaku untuk layanan Home Service Massage di wilayah Yogyakarta (free transport max 10km)."",""terms2"":""Wajib melakukan reservasi maksimal H-1 sebelum kedatangan."",""terms3"":""Voucher tidak dapat diuangkan atau digabungkan dengan promo lainnya."",""voucher_type"":""discount""}",manual,percentage,15,,,,1.0,0,True,2026-09-11T09:36:55.622202+00:00,True,SRAGA-A2X8S7,,True,,Batch: Vocer yoga wandere (11 Sep 2026 - U2T),,owner,global,,
b4bca64f-ef3e-4d2c-93af-7003141d802c,Voucher Relaksasi,"{""tagline"":""Apresiasi untuk tubuhmu yang sudah lelah beraktivitas hari ini. Voucher Relaksasi discount 15% dari SerenaRaga."",""terms1"":""Berlaku untuk layanan Home Service Massage di wilayah Yogyakarta (free transport max 10km)."",""terms2"":""Wajib melakukan reservasi maksimal H-1 sebelum kedatangan."",""terms3"":""Voucher tidak dapat diuangkan atau digabungkan dengan promo lainnya."",""voucher_type"":""discount""}",manual,percentage,15,,,,1.0,0,True,2026-09-11T09:36:55.622202+00:00,True,SRAGA-V9J3Z6,,True,,Batch: Vocer yoga wandere (11 Sep 2026 - U2T),,owner,global,,
183543fc-b209-4214-9321-e7a47ad4f04c,Voucher Relaksasi,"{""tagline"":""Apresiasi untuk tubuhmu yang sudah lelah beraktivitas hari ini. Voucher Relaksasi discount 15% dari SerenaRaga."",""terms1"":""Berlaku untuk layanan Home Service Massage di wilayah Yogyakarta (free transport max 10km)."",""terms2"":""Wajib melakukan reservasi maksimal H-1 sebelum kedatangan."",""terms3"":""Voucher tidak dapat diuangkan atau digabungkan dengan promo lainnya."",""voucher_type"":""discount""}",manual,percentage,15,,,,1.0,0,True,2026-09-11T09:36:55.622202+00:00,True,SRAGA-W8G4E8,,True,,Batch: Vocer yoga wandere (11 Sep 2026 - U2T),,owner,global,,
dd60c838-e434-47e2-b839-73003285bee1,Voucher Relaksasi,"{""tagline"":""Apresiasi untuk tubuhmu yang sudah lelah beraktivitas hari ini. Voucher Relaksasi discount 15% dari SerenaRaga."",""terms1"":""Berlaku untuk layanan Home Service Massage di wilayah Yogyakarta (free transport max 10km)."",""terms2"":""Wajib melakukan reservasi maksimal H-1 sebelum kedatangan."",""terms3"":""Voucher tidak dapat diuangkan atau digabungkan dengan promo lainnya."",""voucher_type"":""discount""}",manual,percentage,15,,,,1.0,0,True,2026-09-11T09:36:55.622202+00:00,True,SRAGA-N3G9T4,,True,,Batch: Vocer yoga wandere (11 Sep 2026 - U2T),,owner,global,,
03e94c17-07e7-4fab-8839-fb26b4bc0443,Voucher Relaksasi,"{""tagline"":""Apresiasi untuk tubuhmu yang sudah lelah beraktivitas hari ini. Voucher Relaksasi discount 15% dari SerenaRaga."",""terms1"":""Berlaku untuk layanan Home Service Massage di wilayah Yogyakarta (free transport max 10km)."",""terms2"":""Wajib melakukan reservasi maksimal H-1 sebelum kedatangan."",""terms3"":""Voucher tidak dapat diuangkan atau digabungkan dengan promo lainnya."",""voucher_type"":""discount""}",manual,percentage,15,,,,1.0,0,True,2026-09-11T09:36:55.622202+00:00,True,SRAGA-A6H3T5,,True,,Batch: Vocer yoga wandere (11 Sep 2026 - U2T),,owner,global,,
91da29b3-8cf7-48af-b1ad-a23d10831dc6,Voucher Relaksasi,"{""tagline"":""Apresiasi untuk tubuhmu yang sudah lelah beraktivitas hari ini. Voucher Relaksasi discount 15% dari SerenaRaga."",""terms1"":""Berlaku untuk layanan Home Service Massage di wilayah Yogyakarta (free transport max 10km)."",""terms2"":""Wajib melakukan reservasi maksimal H-1 sebelum kedatangan."",""terms3"":""Voucher tidak dapat diuangkan atau digabungkan dengan promo lainnya."",""voucher_type"":""discount""}",manual,percentage,15,,,,1.0,0,True,2026-09-11T09:36:55.622202+00:00,True,SRAGA-C2Y9A9,,True,,Batch: Vocer yoga wandere (11 Sep 2026 - U2T),,owner,global,,
a7b3f403-6bbd-4e3e-bc4c-a6b56fd23042,Voucher Relaksasi,"{""tagline"":""Apresiasi untuk tubuhmu yang sudah lelah beraktivitas hari ini. Voucher Relaksasi discount 15% dari SerenaRaga."",""terms1"":""Berlaku untuk layanan Home Service Massage di wilayah Yogyakarta (free transport max 10km)."",""terms2"":""Wajib melakukan reservasi maksimal H-1 sebelum kedatangan."",""terms3"":""Voucher tidak dapat diuangkan atau digabungkan dengan promo lainnya."",""voucher_type"":""discount""}",manual,percentage,15,,,,1.0,0,True,2026-09-11T09:36:55.622202+00:00,True,SRAGA-U9B2R2,,True,,Batch: Vocer yoga wandere (11 Sep 2026 - U2T),,owner,global,,
babbe675-2de9-4add-a701-c4107eaac2f2,Voucher Relaksasi,"{""tagline"":""Apresiasi untuk tubuhmu yang sudah lelah beraktivitas hari ini. Voucher Relaksasi discount 15% dari SerenaRaga."",""terms1"":""Berlaku untuk layanan Home Service Massage di wilayah Yogyakarta (free transport max 10km)."",""terms2"":""Wajib melakukan reservasi maksimal H-1 sebelum kedatangan."",""terms3"":""Voucher tidak dapat diuangkan atau digabungkan dengan promo lainnya."",""voucher_type"":""discount""}",manual,percentage,15,,,,1.0,0,True,2026-09-11T09:36:55.622202+00:00,True,SRAGA-R9W7S4,,True,,Batch: Vocer yoga wandere (11 Sep 2026 - U2T),,owner,global,,
d2e42863-6144-420a-a7bc-1aefc05ca325,Voucher Relaksasi,"{""tagline"":""Apresiasi untuk tubuhmu yang sudah lelah beraktivitas hari ini. Voucher Relaksasi discount 15% dari SerenaRaga."",""terms1"":""Berlaku untuk layanan Home Service Massage di wilayah Yogyakarta (free transport max 10km)."",""terms2"":""Wajib melakukan reservasi maksimal H-1 sebelum kedatangan."",""terms3"":""Voucher tidak dapat diuangkan atau digabungkan dengan promo lainnya."",""voucher_type"":""discount""}",manual,percentage,15,,,,1.0,0,True,2026-09-11T09:36:55.622202+00:00,True,SRAGA-W6A7Z8,,True,,Batch: Vocer yoga wandere (11 Sep 2026 - U2T),,owner,global,,
ec1ada7e-d383-4bbb-b465-ca9b38f8736d,Voucher Relaksasi,"{""tagline"":""Apresiasi untuk tubuhmu yang sudah lelah beraktivitas hari ini. Voucher Relaksasi discount 15% dari SerenaRaga."",""terms1"":""Berlaku untuk layanan Home Service Massage di wilayah Yogyakarta (free transport max 10km)."",""terms2"":""Wajib melakukan reservasi maksimal H-1 sebelum kedatangan."",""terms3"":""Voucher tidak dapat diuangkan atau digabungkan dengan promo lainnya."",""voucher_type"":""discount""}",manual,percentage,15,,,,1.0,0,True,2026-09-11T09:36:55.622202+00:00,True,SRAGA-U9G3B9,,True,,Batch: Vocer yoga wandere (11 Sep 2026 - U2T),,owner,global,,
919b902a-8537-437c-b7b6-dd8dde1d2209,Voucher Relaksasi,"{""tagline"":""Apresiasi untuk tubuhmu yang sudah lelah beraktivitas hari ini. Voucher Relaksasi discount 15% dari SerenaRaga."",""terms1"":""Berlaku untuk layanan Home Service Massage di wilayah Yogyakarta (free transport max 10km)."",""terms2"":""Wajib melakukan reservasi maksimal H-1 sebelum kedatangan."",""terms3"":""Voucher tidak dapat diuangkan atau digabungkan dengan promo lainnya."",""voucher_type"":""discount""}",manual,percentage,15,,,,1.0,0,True,2026-09-11T09:36:55.622202+00:00,True,SRAGA-Z9E5J7,,True,,Batch: Vocer yoga wandere (11 Sep 2026 - U2T),,owner,global,,
a72074b9-b2e1-4f2f-b049-b670f8de7c9a,Voucher Relaksasi,"{""tagline"":""Apresiasi untuk tubuhmu yang sudah lelah beraktivitas hari ini. Voucher Relaksasi discount 15% dari SerenaRaga."",""terms1"":""Berlaku untuk layanan Home Service Massage di wilayah Yogyakarta (free transport max 10km)."",""terms2"":""Wajib melakukan reservasi maksimal H-1 sebelum kedatangan."",""terms3"":""Voucher tidak dapat diuangkan atau digabungkan dengan promo lainnya."",""voucher_type"":""discount""}",manual,percentage,15,,,,1.0,0,True,2026-09-11T09:36:55.622202+00:00,True,SRAGA-W6F6K8,,True,,Batch: Vocer yoga wandere (11 Sep 2026 - U2T),,owner,global,,
988d3c7a-fa33-40be-be6f-99ae2da3f006,Voucher Relaksasi,"{""tagline"":""Apresiasi untuk tubuhmu yang sudah lelah beraktivitas hari ini. Voucher Relaksasi discount 15% dari SerenaRaga."",""terms1"":""Berlaku untuk layanan Home Service Massage di wilayah Yogyakarta (free transport max 10km)."",""terms2"":""Wajib melakukan reservasi maksimal H-1 sebelum kedatangan."",""terms3"":""Voucher tidak dapat diuangkan atau digabungkan dengan promo lainnya."",""voucher_type"":""discount""}",manual,percentage,15,,,,1.0,0,True,2026-09-11T09:36:55.622202+00:00,True,SRAGA-H4F6V7,,True,,Batch: Vocer yoga wandere (11 Sep 2026 - U2T),,owner,global,,
6f6ca1d1-3114-4458-affc-2d8b160ff5e1,Voucher Relaksasi,"{""tagline"":""Apresiasi untuk tubuhmu yang sudah lelah beraktivitas hari ini. Voucher Relaksasi discount 15% dari SerenaRaga."",""terms1"":""Berlaku untuk layanan Home Service Massage di wilayah Yogyakarta (free transport max 10km)."",""terms2"":""Wajib melakukan reservasi maksimal H-1 sebelum kedatangan."",""terms3"":""Voucher tidak dapat diuangkan atau digabungkan dengan promo lainnya."",""voucher_type"":""discount""}",manual,percentage,15,,,,1.0,0,True,2026-09-11T09:36:55.622202+00:00,True,SRAGA-U8G2A9,,True,,Batch: Vocer yoga wandere (11 Sep 2026 - U2T),,owner,global,,
365cfb81-2a09-4c52-8527-488fa70a7133,Voucher Relaksasi,"{""tagline"":""Apresiasi untuk tubuhmu yang sudah lelah beraktivitas hari ini. Voucher Relaksasi discount 15% dari SerenaRaga."",""terms1"":""Berlaku untuk layanan Home Service Massage di wilayah Yogyakarta (free transport max 10km)."",""terms2"":""Wajib melakukan reservasi maksimal H-1 sebelum kedatangan."",""terms3"":""Voucher tidak dapat diuangkan atau digabungkan dengan promo lainnya."",""voucher_type"":""discount""}",manual,percentage,15,,,,1.0,0,True,2026-09-11T09:36:55.622202+00:00,True,SRAGA-V6J9A8,,True,,Batch: Vocer yoga wandere (11 Sep 2026 - U2T),,owner,global,,
c2d1a328-cb9f-4a5b-b288-d9406f8b7345,Voucher Relaksasi,"{""tagline"":""Apresiasi untuk tubuhmu yang sudah lelah beraktivitas hari ini. Voucher Relaksasi discount 15% dari SerenaRaga."",""terms1"":""Berlaku untuk layanan Home Service Massage di wilayah Yogyakarta (free transport max 10km)."",""terms2"":""Wajib melakukan reservasi maksimal H-1 sebelum kedatangan."",""terms3"":""Voucher tidak dapat diuangkan atau digabungkan dengan promo lainnya."",""voucher_type"":""discount""}",manual,percentage,15,,,,1.0,0,True,2026-09-11T09:36:55.622202+00:00,True,SRAGA-U4H9D3,,True,,Batch: Vocer yoga wandere (11 Sep 2026 - U2T),,owner,global,,
2b8efa29-ec63-4731-8d31-d578a2eadb02,Voucher Relaksasi,"{""tagline"":""Apresiasi untuk tubuhmu yang sudah lelah beraktivitas hari ini. Voucher Relaksasi discount 15% dari SerenaRaga."",""terms1"":""Berlaku untuk layanan Home Service Massage di wilayah Yogyakarta (free transport max 10km)."",""terms2"":""Wajib melakukan reservasi maksimal H-1 sebelum kedatangan."",""terms3"":""Voucher tidak dapat diuangkan atau digabungkan dengan promo lainnya."",""voucher_type"":""discount""}",manual,percentage,15,,,,1.0,0,True,2026-09-11T09:36:55.622202+00:00,True,SRAGA-L2T9Y7,,True,,Batch: Vocer yoga wandere (11 Sep 2026 - U2T),,owner,global,,
33f32a12-fd46-4c48-bfb7-a10f9ee2194b,Voucher Relaksasi,"{""tagline"":""Apresiasi untuk tubuhmu yang sudah lelah beraktivitas hari ini. Voucher Relaksasi discount 15% dari SerenaRaga."",""terms1"":""Berlaku untuk layanan Home Service Massage di wilayah Yogyakarta (free transport max 10km)."",""terms2"":""Wajib melakukan reservasi maksimal H-1 sebelum kedatangan."",""terms3"":""Voucher tidak dapat diuangkan atau digabungkan dengan promo lainnya."",""voucher_type"":""discount""}",manual,percentage,15,,,,1.0,0,True,2026-09-11T09:36:55.622202+00:00,True,SRAGA-Z9G7S3,,True,,Batch: Vocer yoga wandere (11 Sep 2026 - U2T),,owner,global,,
26d44575-83d5-4274-ace2-17c4cf7fd9b7,Voucher Relaksasi,"{""tagline"":""Apresiasi untuk tubuhmu yang sudah lelah beraktivitas hari ini. Voucher Relaksasi discount 15% dari SerenaRaga."",""terms1"":""Berlaku untuk layanan Home Service Massage di wilayah Yogyakarta (free transport max 10km)."",""terms2"":""Wajib melakukan reservasi maksimal H-1 sebelum kedatangan."",""terms3"":""Voucher tidak dapat diuangkan atau digabungkan dengan promo lainnya."",""voucher_type"":""discount""}",manual,percentage,15,,,,1.0,0,True,2026-09-11T09:36:55.622202+00:00,True,SRAGA-Q8U7B7,,True,,Batch: Vocer yoga wandere (11 Sep 2026 - U2T),,owner,global,,
913fee8a-9ab3-487d-8fe6-70db57bfe384,Voucher Relaksasi,"{""tagline"":""Apresiasi untuk tubuhmu yang sudah lelah beraktivitas hari ini. Voucher Relaksasi discount 15% dari SerenaRaga."",""terms1"":""Berlaku untuk layanan Home Service Massage di wilayah Yogyakarta (free transport max 10km)."",""terms2"":""Wajib melakukan reservasi maksimal H-1 sebelum kedatangan."",""terms3"":""Voucher tidak dapat diuangkan atau digabungkan dengan promo lainnya."",""voucher_type"":""discount""}",manual,percentage,15,,,,1.0,0,True,2026-09-11T09:36:55.622202+00:00,True,SRAGA-Y7T8L9,,True,,Batch: Vocer yoga wandere (11 Sep 2026 - U2T),,owner,global,,
01919838-a711-4a5b-8781-f1798cf2c5bf,Voucher Relaksasi,"{""tagline"":""Apresiasi untuk tubuhmu yang sudah lelah beraktivitas hari ini. Voucher Relaksasi discount 15% dari SerenaRaga."",""terms1"":""Berlaku untuk layanan Home Service Massage di wilayah Yogyakarta (free transport max 10km)."",""terms2"":""Wajib melakukan reservasi maksimal H-1 sebelum kedatangan."",""terms3"":""Voucher tidak dapat diuangkan atau digabungkan dengan promo lainnya."",""voucher_type"":""discount""}",manual,percentage,15,,,,1.0,0,True,2026-09-11T09:36:55.622202+00:00,True,SRAGA-C7N5R5,,True,,Batch: Vocer yoga wandere (11 Sep 2026 - U2T),,owner,global,,
6ed4e06d-9228-447f-9e36-eed379cc8dd7,Voucher Relaksasi,"{""tagline"":""Apresiasi untuk tubuhmu yang sudah lelah beraktivitas hari ini. Voucher Relaksasi discount 15% dari SerenaRaga."",""terms1"":""Berlaku untuk layanan Home Service Massage di wilayah Yogyakarta (free transport max 10km)."",""terms2"":""Wajib melakukan reservasi maksimal H-1 sebelum kedatangan."",""terms3"":""Voucher tidak dapat diuangkan atau digabungkan dengan promo lainnya."",""voucher_type"":""discount""}",manual,percentage,15,,,,1.0,0,True,2026-09-11T09:36:55.622202+00:00,True,SRAGA-F8C8S6,,True,,Batch: Vocer yoga wandere (11 Sep 2026 - U2T),,owner,global,,
2c3ac314-8fea-41b1-a7d7-437ea8a1a7da,Voucher Relaksasi,"{""tagline"":""Apresiasi untuk tubuhmu yang sudah lelah beraktivitas hari ini. Voucher Relaksasi discount 15% dari SerenaRaga."",""terms1"":""Berlaku untuk layanan Home Service Massage di wilayah Yogyakarta (free transport max 10km)."",""terms2"":""Wajib melakukan reservasi maksimal H-1 sebelum kedatangan."",""terms3"":""Voucher tidak dapat diuangkan atau digabungkan dengan promo lainnya."",""voucher_type"":""discount""}",manual,percentage,15,,,,1.0,0,True,2026-09-11T09:36:55.622202+00:00,True,SRAGA-Z2M8L7,,True,,Batch: Vocer yoga wandere (11 Sep 2026 - U2T),,owner,global,,
01bf11f7-f7bb-4998-8be3-53739de0c13c,Voucher Relaksasi,"{""tagline"":""Apresiasi untuk tubuhmu yang sudah lelah beraktivitas hari ini. Voucher Relaksasi discount 15% dari SerenaRaga."",""terms1"":""Berlaku untuk layanan Home Service Massage di wilayah Yogyakarta (free transport max 10km)."",""terms2"":""Wajib melakukan reservasi maksimal H-1 sebelum kedatangan."",""terms3"":""Voucher tidak dapat diuangkan atau digabungkan dengan promo lainnya."",""voucher_type"":""discount""}",manual,percentage,15,,,,1.0,0,True,2026-09-11T09:36:55.622202+00:00,True,SRAGA-L4U2H8,,True,,Batch: Vocer yoga wandere (11 Sep 2026 - U2T),,owner,global,,
8887572a-58e4-4455-8e9e-402beb877e2b,Voucher Relaksasi,"{""tagline"":""Apresiasi untuk tubuhmu yang sudah lelah beraktivitas hari ini. Voucher Relaksasi discount 15% dari SerenaRaga."",""terms1"":""Berlaku untuk layanan Home Service Massage di wilayah Yogyakarta (free transport max 10km)."",""terms2"":""Wajib melakukan reservasi maksimal H-1 sebelum kedatangan."",""terms3"":""Voucher tidak dapat diuangkan atau digabungkan dengan promo lainnya."",""voucher_type"":""discount""}",manual,percentage,15,,,,1.0,0,True,2026-09-11T09:36:55.622202+00:00,True,SRAGA-C2T8G6,,True,,Batch: Vocer yoga wandere (11 Sep 2026 - U2T),,owner,global,,
bfb15b7a-846a-4a86-9427-fd14662a93d2,Voucher Relaksasi,"{""tagline"":""Apresiasi untuk tubuhmu yang sudah lelah beraktivitas hari ini. Voucher Relaksasi discount 15% dari SerenaRaga."",""terms1"":""Berlaku untuk layanan Home Service Massage di wilayah Yogyakarta (free transport max 10km)."",""terms2"":""Wajib melakukan reservasi maksimal H-1 sebelum kedatangan."",""terms3"":""Voucher tidak dapat diuangkan atau digabungkan dengan promo lainnya."",""voucher_type"":""discount""}",manual,percentage,15,,,,1.0,0,True,2026-09-11T09:36:55.622202+00:00,True,SRAGA-F5X5F8,,True,,Batch: Vocer yoga wandere (11 Sep 2026 - U2T),,owner,global,,
9acc7c21-4640-40d3-b415-c4c1ab2da9b7,Voucher Relaksasi,"{""tagline"":""Apresiasi untuk tubuhmu yang sudah lelah beraktivitas hari ini. Voucher Relaksasi discount 15% dari SerenaRaga."",""terms1"":""Berlaku untuk layanan Home Service Massage di wilayah Yogyakarta (free transport max 10km)."",""terms2"":""Wajib melakukan reservasi maksimal H-1 sebelum kedatangan."",""terms3"":""Voucher tidak dapat diuangkan atau digabungkan dengan promo lainnya."",""voucher_type"":""discount""}",manual,percentage,15,,,,1.0,0,True,2026-09-11T09:36:55.622202+00:00,True,SRAGA-Q7D8A2,,True,,Batch: Vocer yoga wandere (11 Sep 2026 - U2T),,owner,global,,
7fd01cbe-9860-4d70-9bd4-ab6b5a0a913c,Voucher Relaksasi,"{""tagline"":""Apresiasi untuk tubuhmu yang sudah lelah beraktivitas hari ini. Voucher Relaksasi discount 15% dari SerenaRaga."",""terms1"":""Berlaku untuk layanan Home Service Massage di wilayah Yogyakarta (free transport max 10km)."",""terms2"":""Wajib melakukan reservasi maksimal H-1 sebelum kedatangan."",""terms3"":""Voucher tidak dapat diuangkan atau digabungkan dengan promo lainnya."",""voucher_type"":""discount""}",manual,percentage,15,,,,1.0,0,True,2026-09-11T09:36:55.622202+00:00,True,SRAGA-S4E2T5,,True,,Batch: Vocer yoga wandere (11 Sep 2026 - U2T),,owner,global,,
79d5f54c-acde-47ea-88de-e92e0b20563d,Voucher Relaksasi,"{""tagline"":""Apresiasi untuk tubuhmu yang sudah lelah beraktivitas hari ini. Voucher Relaksasi discount 15% dari SerenaRaga."",""terms1"":""Berlaku untuk layanan Home Service Massage di wilayah Yogyakarta (free transport max 10km)."",""terms2"":""Wajib melakukan reservasi maksimal H-1 sebelum kedatangan."",""terms3"":""Voucher tidak dapat diuangkan atau digabungkan dengan promo lainnya."",""voucher_type"":""discount""}",manual,percentage,15,,,,1.0,0,True,2026-09-11T09:36:55.622202+00:00,True,SRAGA-N2T3P8,,True,,Batch: Vocer yoga wandere (11 Sep 2026 - U2T),,owner,global,,
fd3197f3-849a-4437-bd25-5242fb3d2938,Voucher Relaksasi,"{""tagline"":""Apresiasi untuk tubuhmu yang sudah lelah beraktivitas hari ini. Voucher Relaksasi discount 15% dari SerenaRaga."",""terms1"":""Berlaku untuk layanan Home Service Massage di wilayah Yogyakarta (free transport max 10km)."",""terms2"":""Wajib melakukan reservasi maksimal H-1 sebelum kedatangan."",""terms3"":""Voucher tidak dapat diuangkan atau digabungkan dengan promo lainnya."",""voucher_type"":""discount""}",manual,percentage,15,,,,1.0,0,True,2026-09-11T09:36:55.622202+00:00,True,SRAGA-B7C3M6,,True,,Batch: Vocer yoga wandere (11 Sep 2026 - U2T),,owner,global,,
82f6bb54-1a3a-4076-8d3f-f4e4c3965945,Voucher Relaksasi,"{""tagline"":""Apresiasi untuk tubuhmu yang sudah lelah beraktivitas hari ini. Voucher Relaksasi discount 15% dari SerenaRaga."",""terms1"":""Berlaku untuk layanan Home Service Massage di wilayah Yogyakarta (free transport max 10km)."",""terms2"":""Wajib melakukan reservasi maksimal H-1 sebelum kedatangan."",""terms3"":""Voucher tidak dapat diuangkan atau digabungkan dengan promo lainnya."",""voucher_type"":""discount""}",manual,percentage,15,,,,1.0,0,True,2026-09-11T09:36:55.622202+00:00,True,SRAGA-B3K3Y2,,True,,Batch: Vocer yoga wandere (11 Sep 2026 - U2T),,owner,global,,
12556bbc-e236-49aa-b0ab-ef1c1556ca4c,Voucher Relaksasi,"{""tagline"":""Apresiasi untuk tubuhmu yang sudah lelah beraktivitas hari ini. Voucher Relaksasi discount 15% dari SerenaRaga."",""terms1"":""Berlaku untuk layanan Home Service Massage di wilayah Yogyakarta (free transport max 10km)."",""terms2"":""Wajib melakukan reservasi maksimal H-1 sebelum kedatangan."",""terms3"":""Voucher tidak dapat diuangkan atau digabungkan dengan promo lainnya."",""voucher_type"":""discount""}",manual,percentage,15,,,,1.0,1,True,2026-09-11T09:36:55.622202+00:00,True,SRAGA-S8J9Y6,,True,,Batch: Vocer yoga wandere (11 Sep 2026 - U2T),,owner,global,,
8b881e2c-20ac-49da-ae1e-f1ca9669ddf4,Voucher Relaksasi,"{""tagline"":""Apresiasi untuk tubuhmu yang sudah lelah beraktivitas hari ini. Voucher Relaksasi discount 15% dari SerenaRaga."",""terms1"":""Berlaku untuk layanan Home Service Massage di wilayah Yogyakarta (free transport max 10km)."",""terms2"":""Wajib melakukan reservasi maksimal H-1 sebelum kedatangan."",""terms3"":""Voucher tidak dapat diuangkan atau digabungkan dengan promo lainnya."",""voucher_type"":""discount""}",manual,percentage,15,,,,1.0,1,True,2026-09-11T09:36:55.622202+00:00,True,SRAGA-J6J3P8,,True,,Batch: Vocer yoga wandere (11 Sep 2026 - U2T),,owner,global,,
f15309f7-63d2-449e-a2f9-2695af51f28a,Voucher Relaksasi,"{""tagline"":""Apresiasi untuk tubuhmu yang sudah lelah beraktivitas hari ini. Voucher Relaksasi Rp20.000 dari SerenaRaga."",""terms1"":""Berlaku untuk layanan Home Service Massage di wilayah Yogyakarta (free transport max 10km). Minimal order Rp150.000"",""terms2"":""Wajib melakukan reservasi maksimal H-1 sebelum kedatangan."",""terms3"":""Voucher tidak dapat diuangkan atau digabungkan dengan promo lainnya."",""voucher_type"":""discount""}",manual,flat,20000,,,,1.0,0,True,2026-09-18T10:15:55.765366+00:00,True,SRAGA-Z7J7W2,,True,,Batch: ruanasa wellness (18 Sep 2026 - Q6R),,owner,global,,
170a6b05-a3ed-4cac-b5e7-784054268ae2,Voucher Relaksasi,"{""tagline"":""Apresiasi untuk tubuhmu yang sudah lelah beraktivitas hari ini. Voucher Relaksasi Rp20.000 dari SerenaRaga."",""terms1"":""Berlaku untuk layanan Home Service Massage di wilayah Yogyakarta (free transport max 10km). Minimal order Rp150.000"",""terms2"":""Wajib melakukan reservasi maksimal H-1 sebelum kedatangan."",""terms3"":""Voucher tidak dapat diuangkan atau digabungkan dengan promo lainnya."",""voucher_type"":""discount""}",manual,flat,20000,,,,1.0,0,True,2026-09-18T10:15:55.765366+00:00,True,SRAGA-S3W4T6,,True,,Batch: ruanasa wellness (18 Sep 2026 - Q6R),,owner,global,,
c7d6e288-343d-4f25-a0ee-120f798d6515,Voucher Relaksasi,"{""tagline"":""Apresiasi untuk tubuhmu yang sudah lelah beraktivitas hari ini. Voucher Relaksasi Rp20.000 dari SerenaRaga."",""terms1"":""Berlaku untuk layanan Home Service Massage di wilayah Yogyakarta (free transport max 10km). Minimal order Rp150.000"",""terms2"":""Wajib melakukan reservasi maksimal H-1 sebelum kedatangan."",""terms3"":""Voucher tidak dapat diuangkan atau digabungkan dengan promo lainnya."",""voucher_type"":""discount""}",manual,flat,20000,,,,1.0,0,True,2026-09-18T10:15:55.765366+00:00,True,SRAGA-K7B2U3,,True,,Batch: ruanasa wellness (18 Sep 2026 - Q6R),,owner,global,,
3f095a81-cb85-4653-b4f5-9854e8c3c580,Voucher Relaksasi,"{""tagline"":""Apresiasi untuk tubuhmu yang sudah lelah beraktivitas hari ini. Voucher Relaksasi Rp20.000 dari SerenaRaga."",""terms1"":""Berlaku untuk layanan Home Service Massage di wilayah Yogyakarta (free transport max 10km). Minimal order Rp150.000"",""terms2"":""Wajib melakukan reservasi maksimal H-1 sebelum kedatangan."",""terms3"":""Voucher tidak dapat diuangkan atau digabungkan dengan promo lainnya."",""voucher_type"":""discount""}",manual,flat,20000,,,,1.0,0,True,2026-09-18T10:15:55.765366+00:00,True,SRAGA-Y9T9M6,,True,,Batch: ruanasa wellness (18 Sep 2026 - Q6R),,owner,global,,
22f11a28-7744-456a-8877-58352a81f289,Voucher Relaksasi,"{""tagline"":""Apresiasi untuk tubuhmu yang sudah lelah beraktivitas hari ini. Voucher Relaksasi Rp20.000 dari SerenaRaga."",""terms1"":""Berlaku untuk layanan Home Service Massage di wilayah Yogyakarta (free transport max 10km). Minimal order Rp150.000"",""terms2"":""Wajib melakukan reservasi maksimal H-1 sebelum kedatangan."",""terms3"":""Voucher tidak dapat diuangkan atau digabungkan dengan promo lainnya."",""voucher_type"":""discount""}",manual,flat,20000,,,,1.0,0,True,2026-09-18T10:15:55.765366+00:00,True,SRAGA-Z3X7S2,,True,,Batch: ruanasa wellness (18 Sep 2026 - Q6R),,owner,global,,
629f3de0-d6df-4101-a2cb-9a7ce67cd57a,Voucher Relaksasi,"{""tagline"":""Apresiasi untuk tubuhmu yang sudah lelah beraktivitas hari ini. Voucher Relaksasi Rp20.000 dari SerenaRaga."",""terms1"":""Berlaku untuk layanan Home Service Massage di wilayah Yogyakarta (free transport max 10km). Minimal order Rp150.000"",""terms2"":""Wajib melakukan reservasi maksimal H-1 sebelum kedatangan."",""terms3"":""Voucher tidak dapat diuangkan atau digabungkan dengan promo lainnya."",""voucher_type"":""discount""}",manual,flat,20000,,,,1.0,0,True,2026-09-18T10:15:55.765366+00:00,True,SRAGA-B4W6Z5,,True,,Batch: ruanasa wellness (18 Sep 2026 - Q6R),,owner,global,,
61ee9826-6ad3-461f-881a-1e0f5508186e,Voucher Relaksasi,"{""tagline"":""Apresiasi untuk tubuhmu yang sudah lelah beraktivitas hari ini. Voucher Relaksasi Rp20.000 dari SerenaRaga."",""terms1"":""Berlaku untuk layanan Home Service Massage di wilayah Yogyakarta (free transport max 10km). Minimal order Rp150.000"",""terms2"":""Wajib melakukan reservasi maksimal H-1 sebelum kedatangan."",""terms3"":""Voucher tidak dapat diuangkan atau digabungkan dengan promo lainnya."",""voucher_type"":""discount""}",manual,flat,20000,,,,1.0,0,True,2026-09-18T10:15:55.765366+00:00,True,SRAGA-J6E6Y5,,True,,Batch: ruanasa wellness (18 Sep 2026 - Q6R),,owner,global,,
362c8994-f33c-4196-a3b7-6fd1c617e4c3,Voucher Relaksasi,"{""tagline"":""Apresiasi untuk tubuhmu yang sudah lelah beraktivitas hari ini. Voucher Relaksasi Rp20.000 dari SerenaRaga."",""terms1"":""Berlaku untuk layanan Home Service Massage di wilayah Yogyakarta (free transport max 10km). Minimal order Rp150.000"",""terms2"":""Wajib melakukan reservasi maksimal H-1 sebelum kedatangan."",""terms3"":""Voucher tidak dapat diuangkan atau digabungkan dengan promo lainnya."",""voucher_type"":""discount""}",manual,flat,20000,,,,1.0,0,True,2026-09-18T10:15:55.765366+00:00,True,SRAGA-P6M5J5,,True,,Batch: ruanasa wellness (18 Sep 2026 - Q6R),,owner,global,,
985d2d49-4a76-4301-ad5d-418c38b37d7f,Voucher Relaksasi,"{""tagline"":""Apresiasi untuk tubuhmu yang sudah lelah beraktivitas hari ini. Voucher Relaksasi Rp20.000 dari SerenaRaga."",""terms1"":""Berlaku untuk layanan Home Service Massage di wilayah Yogyakarta (free transport max 10km). Minimal order Rp150.000"",""terms2"":""Wajib melakukan reservasi maksimal H-1 sebelum kedatangan."",""terms3"":""Voucher tidak dapat diuangkan atau digabungkan dengan promo lainnya."",""voucher_type"":""discount""}",manual,flat,20000,,,,1.0,0,True,2026-09-18T10:15:55.765366+00:00,True,SRAGA-Y9Y3E7,,True,,Batch: ruanasa wellness (18 Sep 2026 - Q6R),,owner,global,,
fb4d292f-ba85-459b-8279-bf2c85f33b41,Voucher Relaksasi,"{""tagline"":""Apresiasi untuk tubuhmu yang sudah lelah beraktivitas hari ini. Voucher Relaksasi Rp20.000 dari SerenaRaga."",""terms1"":""Berlaku untuk layanan Home Service Massage di wilayah Yogyakarta (free transport max 10km). Minimal order Rp150.000"",""terms2"":""Wajib melakukan reservasi maksimal H-1 sebelum kedatangan."",""terms3"":""Voucher tidak dapat diuangkan atau digabungkan dengan promo lainnya."",""voucher_type"":""discount""}",manual,flat,20000,,,,1.0,0,True,2026-09-18T10:15:55.765366+00:00,True,SRAGA-T5H9W8,,True,,Batch: ruanasa wellness (18 Sep 2026 - Q6R),,owner,global,,
30d0ebb7-1914-4179-add1-c3b3fe811666,Voucher Relaksasi,"{""tagline"":""Apresiasi untuk tubuhmu yang sudah lelah beraktivitas hari ini. Voucher Relaksasi Rp20.000 dari SerenaRaga."",""terms1"":""Berlaku untuk layanan Home Service Massage di wilayah Yogyakarta (free transport max 10km). Minimal order Rp150.000"",""terms2"":""Wajib melakukan reservasi maksimal H-1 sebelum kedatangan."",""terms3"":""Voucher tidak dapat diuangkan atau digabungkan dengan promo lainnya."",""voucher_type"":""discount""}",manual,flat,20000,,,,1.0,0,True,2026-09-18T10:15:55.765366+00:00,True,SRAGA-M7P7T3,,True,,Batch: ruanasa wellness (18 Sep 2026 - Q6R),,owner,global,,
2ad89c5d-e944-4f27-ba99-7b1985785c73,Voucher Relaksasi,"{""tagline"":""Apresiasi untuk tubuhmu yang sudah lelah beraktivitas hari ini. Voucher Relaksasi Rp20.000 dari SerenaRaga."",""terms1"":""Berlaku untuk layanan Home Service Massage di wilayah Yogyakarta (free transport max 10km). Minimal order Rp150.000"",""terms2"":""Wajib melakukan reservasi maksimal H-1 sebelum kedatangan."",""terms3"":""Voucher tidak dapat diuangkan atau digabungkan dengan promo lainnya."",""voucher_type"":""discount""}",manual,flat,20000,,,,1.0,0,True,2026-09-18T10:15:55.765366+00:00,True,SRAGA-X9C2E3,,True,,Batch: ruanasa wellness (18 Sep 2026 - Q6R),,owner,global,,
15572ea8-0e38-40d9-b54d-fcfb5871719f,Voucher Relaksasi,"{""tagline"":""Apresiasi untuk tubuhmu yang sudah lelah beraktivitas hari ini. Voucher Relaksasi Rp20.000 dari SerenaRaga."",""terms1"":""Berlaku untuk layanan Home Service Massage di wilayah Yogyakarta (free transport max 10km). Minimal order Rp150.000"",""terms2"":""Wajib melakukan reservasi maksimal H-1 sebelum kedatangan."",""terms3"":""Voucher tidak dapat diuangkan atau digabungkan dengan promo lainnya."",""voucher_type"":""discount""}",manual,flat,20000,,,,1.0,0,True,2026-09-18T10:15:55.765366+00:00,True,SRAGA-T2H3K7,,True,,Batch: ruanasa wellness (18 Sep 2026 - Q6R),,owner,global,,
1d4227b4-ab01-40a6-b3b0-024e84c9b085,Voucher Relaksasi,"{""tagline"":""Apresiasi untuk tubuhmu yang sudah lelah beraktivitas hari ini. Voucher Relaksasi Rp20.000 dari SerenaRaga."",""terms1"":""Berlaku untuk layanan Home Service Massage di wilayah Yogyakarta (free transport max 10km). Minimal order Rp150.000"",""terms2"":""Wajib melakukan reservasi maksimal H-1 sebelum kedatangan."",""terms3"":""Voucher tidak dapat diuangkan atau digabungkan dengan promo lainnya."",""voucher_type"":""discount""}",manual,flat,20000,,,,1.0,0,True,2026-09-18T10:15:55.765366+00:00,True,SRAGA-T4N3M7,,True,,Batch: ruanasa wellness (18 Sep 2026 - Q6R),,owner,global,,
58cdace0-5f00-4d2e-9d48-8ad4c2d39d54,Voucher Relaksasi,"{""tagline"":""Apresiasi untuk tubuhmu yang sudah lelah beraktivitas hari ini. Voucher Relaksasi Rp20.000 dari SerenaRaga."",""terms1"":""Berlaku untuk layanan Home Service Massage di wilayah Yogyakarta (free transport max 10km). Minimal order Rp150.000"",""terms2"":""Wajib melakukan reservasi maksimal H-1 sebelum kedatangan."",""terms3"":""Voucher tidak dapat diuangkan atau digabungkan dengan promo lainnya."",""voucher_type"":""discount""}",manual,flat,20000,,,,1.0,0,True,2026-09-18T10:15:55.765366+00:00,True,SRAGA-R2B4D6,,True,,Batch: ruanasa wellness (18 Sep 2026 - Q6R),,owner,global,,
6daf3058-7858-4cb5-8245-ce24a4b8dc52,Voucher Relaksasi,"{""tagline"":""Apresiasi untuk tubuhmu yang sudah lelah beraktivitas hari ini. Voucher Relaksasi Rp20.000 dari SerenaRaga."",""terms1"":""Berlaku untuk layanan Home Service Massage di wilayah Yogyakarta (free transport max 10km). Minimal order Rp150.000"",""terms2"":""Wajib melakukan reservasi maksimal H-1 sebelum kedatangan."",""terms3"":""Voucher tidak dapat diuangkan atau digabungkan dengan promo lainnya."",""voucher_type"":""discount""}",manual,flat,20000,,,,1.0,0,True,2026-09-18T10:15:55.765366+00:00,True,SRAGA-G4B7A3,,True,,Batch: ruanasa wellness (18 Sep 2026 - Q6R),,owner,global,,
2f3c4d49-316b-43d4-84a5-e79a0922c89d,Voucher Relaksasi,"{""tagline"":""Apresiasi untuk tubuhmu yang sudah lelah beraktivitas hari ini. Voucher Relaksasi Rp20.000 dari SerenaRaga."",""terms1"":""Berlaku untuk layanan Home Service Massage di wilayah Yogyakarta (free transport max 10km). Minimal order Rp150.000"",""terms2"":""Wajib melakukan reservasi maksimal H-1 sebelum kedatangan."",""terms3"":""Voucher tidak dapat diuangkan atau digabungkan dengan promo lainnya."",""voucher_type"":""discount""}",manual,flat,20000,,,,1.0,0,True,2026-09-18T10:15:55.765366+00:00,True,SRAGA-K5U7G9,,True,,Batch: ruanasa wellness (18 Sep 2026 - Q6R),,owner,global,,
e2e43240-7a30-4090-a5cf-39d81c08110d,Voucher Relaksasi,"{""tagline"":""Apresiasi untuk tubuhmu yang sudah lelah beraktivitas hari ini. Voucher Relaksasi Rp20.000 dari SerenaRaga."",""terms1"":""Berlaku untuk layanan Home Service Massage di wilayah Yogyakarta (free transport max 10km). Minimal order Rp150.000"",""terms2"":""Wajib melakukan reservasi maksimal H-1 sebelum kedatangan."",""terms3"":""Voucher tidak dapat diuangkan atau digabungkan dengan promo lainnya."",""voucher_type"":""discount""}",manual,flat,20000,,,,1.0,0,True,2026-09-18T10:15:55.765366+00:00,True,SRAGA-V7Z6U9,,True,,Batch: ruanasa wellness (18 Sep 2026 - Q6R),,owner,global,,
3ba77b05-fba8-42fd-b7c3-cf1d163b4442,Voucher Relaksasi,"{""tagline"":""Apresiasi untuk tubuhmu yang sudah lelah beraktivitas hari ini. Voucher Relaksasi Rp20.000 dari SerenaRaga."",""terms1"":""Berlaku untuk layanan Home Service Massage di wilayah Yogyakarta (free transport max 10km). Minimal order Rp150.000"",""terms2"":""Wajib melakukan reservasi maksimal H-1 sebelum kedatangan."",""terms3"":""Voucher tidak dapat diuangkan atau digabungkan dengan promo lainnya."",""voucher_type"":""discount""}",manual,flat,20000,,,,1.0,0,True,2026-09-18T10:15:55.765366+00:00,True,SRAGA-Y6E3X6,,True,,Batch: ruanasa wellness (18 Sep 2026 - Q6R),,owner,global,,
8d723eb7-9013-494d-98aa-4c2033a6a1d7,Voucher Relaksasi,"{""tagline"":""Apresiasi untuk tubuhmu yang sudah lelah beraktivitas hari ini. Voucher Relaksasi Rp20.000 dari SerenaRaga."",""terms1"":""Berlaku untuk layanan Home Service Massage di wilayah Yogyakarta (free transport max 10km). Minimal order Rp150.000"",""terms2"":""Wajib melakukan reservasi maksimal H-1 sebelum kedatangan."",""terms3"":""Voucher tidak dapat diuangkan atau digabungkan dengan promo lainnya."",""voucher_type"":""discount""}",manual,flat,20000,,,,1.0,0,True,2026-09-18T10:15:55.765366+00:00,True,SRAGA-N6C5U7,,True,,Batch: ruanasa wellness (18 Sep 2026 - Q6R),,owner,global,,
da7b29ab-3eb8-4684-b7ac-6004abf29a60,Voucher Relaksasi,"{""tagline"":""Apresiasi untuk tubuhmu yang sudah lelah beraktivitas hari ini. Voucher Relaksasi Rp20.000 dari SerenaRaga."",""terms1"":""Berlaku untuk layanan Home Service Massage di wilayah Yogyakarta (free transport max 10km). Minimal order Rp150.000"",""terms2"":""Wajib melakukan reservasi maksimal H-1 sebelum kedatangan."",""terms3"":""Voucher tidak dapat diuangkan atau digabungkan dengan promo lainnya."",""voucher_type"":""discount""}",manual,flat,20000,,,,1.0,0,True,2026-09-18T10:15:55.765366+00:00,True,SRAGA-H6Y9R8,,True,,Batch: ruanasa wellness (18 Sep 2026 - Q6R),,owner,global,,
7134845c-f864-4512-991b-d4a61b81ef90,Voucher Relaksasi,"{""tagline"":""Apresiasi untuk tubuhmu yang sudah lelah beraktivitas hari ini. Voucher Relaksasi Rp20.000 dari SerenaRaga."",""terms1"":""Berlaku untuk layanan Home Service Massage di wilayah Yogyakarta (free transport max 10km). Minimal order Rp150.000"",""terms2"":""Wajib melakukan reservasi maksimal H-1 sebelum kedatangan."",""terms3"":""Voucher tidak dapat diuangkan atau digabungkan dengan promo lainnya."",""voucher_type"":""discount""}",manual,flat,20000,,,,1.0,0,True,2026-09-18T10:15:55.765366+00:00,True,SRAGA-S9W7V2,,True,,Batch: ruanasa wellness (18 Sep 2026 - Q6R),,owner,global,,
b6e6c47c-1375-4574-95b2-d8581ecc41c5,Voucher Relaksasi,"{""tagline"":""Apresiasi untuk tubuhmu yang sudah lelah beraktivitas hari ini. Voucher Relaksasi Rp20.000 dari SerenaRaga."",""terms1"":""Berlaku untuk layanan Home Service Massage di wilayah Yogyakarta (free transport max 10km). Minimal order Rp150.000"",""terms2"":""Wajib melakukan reservasi maksimal H-1 sebelum kedatangan."",""terms3"":""Voucher tidak dapat diuangkan atau digabungkan dengan promo lainnya."",""voucher_type"":""discount""}",manual,flat,20000,,,,1.0,0,True,2026-09-18T10:15:55.765366+00:00,True,SRAGA-S8G7G2,,True,,Batch: ruanasa wellness (18 Sep 2026 - Q6R),,owner,global,,
08f93c7e-95e5-4fa4-8112-516f0cd8f04d,Voucher Relaksasi,"{""tagline"":""Apresiasi untuk tubuhmu yang sudah lelah beraktivitas hari ini. Voucher Relaksasi Rp20.000 dari SerenaRaga."",""terms1"":""Berlaku untuk layanan Home Service Massage di wilayah Yogyakarta (free transport max 10km). Minimal order Rp150.000"",""terms2"":""Wajib melakukan reservasi maksimal H-1 sebelum kedatangan."",""terms3"":""Voucher tidak dapat diuangkan atau digabungkan dengan promo lainnya."",""voucher_type"":""discount""}",manual,flat,20000,,,,1.0,0,True,2026-09-18T10:15:55.765366+00:00,True,SRAGA-H9E9L9,,True,,Batch: ruanasa wellness (18 Sep 2026 - Q6R),,owner,global,,
1d5c988a-2ea4-458e-ab6c-7438f380580c,Voucher Relaksasi,"{""tagline"":""Apresiasi untuk tubuhmu yang sudah lelah beraktivitas hari ini. Voucher Relaksasi Rp20.000 dari SerenaRaga."",""terms1"":""Berlaku untuk layanan Home Service Massage di wilayah Yogyakarta (free transport max 10km). Minimal order Rp150.000"",""terms2"":""Wajib melakukan reservasi maksimal H-1 sebelum kedatangan."",""terms3"":""Voucher tidak dapat diuangkan atau digabungkan dengan promo lainnya."",""voucher_type"":""discount""}",manual,flat,20000,,,,1.0,0,True,2026-09-18T10:15:55.765366+00:00,True,SRAGA-Z8S6G3,,True,,Batch: ruanasa wellness (18 Sep 2026 - Q6R),,owner,global,,
7811397a-38b6-4133-ba12-21a57731eca1,Voucher Relaksasi,"{""tagline"":""Apresiasi untuk tubuhmu yang sudah lelah beraktivitas hari ini. Voucher Relaksasi Rp20.000 dari SerenaRaga."",""terms1"":""Berlaku untuk layanan Home Service Massage di wilayah Yogyakarta (free transport max 10km). Minimal order Rp150.000"",""terms2"":""Wajib melakukan reservasi maksimal H-1 sebelum kedatangan."",""terms3"":""Voucher tidak dapat diuangkan atau digabungkan dengan promo lainnya."",""voucher_type"":""discount""}",manual,flat,20000,,,,1.0,0,True,2026-09-18T10:15:55.765366+00:00,True,SRAGA-X3J8W5,,True,,Batch: ruanasa wellness (18 Sep 2026 - Q6R),,owner,global,,
8b9e2bf3-8e24-4ab0-bb94-ef5d8f64f769,Voucher Relaksasi,"{""tagline"":""Apresiasi untuk tubuhmu yang sudah lelah beraktivitas hari ini. Voucher Relaksasi Rp20.000 dari SerenaRaga."",""terms1"":""Berlaku untuk layanan Home Service Massage di wilayah Yogyakarta (free transport max 10km). Minimal order Rp150.000"",""terms2"":""Wajib melakukan reservasi maksimal H-1 sebelum kedatangan."",""terms3"":""Voucher tidak dapat diuangkan atau digabungkan dengan promo lainnya."",""voucher_type"":""discount""}",manual,flat,20000,,,,1.0,0,True,2026-09-18T10:15:55.765366+00:00,True,SRAGA-X5P2F6,,True,,Batch: ruanasa wellness (18 Sep 2026 - Q6R),,owner,global,,
88ff8e88-d59e-4ee0-b6fe-f646bca03e7c,Voucher Relaksasi,"{""tagline"":""Apresiasi untuk tubuhmu yang sudah lelah beraktivitas hari ini. Voucher Relaksasi Rp20.000 dari SerenaRaga."",""terms1"":""Berlaku untuk layanan Home Service Massage di wilayah Yogyakarta (free transport max 10km). Minimal order Rp150.000"",""terms2"":""Wajib melakukan reservasi maksimal H-1 sebelum kedatangan."",""terms3"":""Voucher tidak dapat diuangkan atau digabungkan dengan promo lainnya."",""voucher_type"":""discount""}",manual,flat,20000,,,,1.0,0,True,2026-09-18T10:15:55.765366+00:00,True,SRAGA-W2D4K8,,True,,Batch: ruanasa wellness (18 Sep 2026 - Q6R),,owner,global,,
82fa7b29-9176-4eec-998a-ef11db2e71c3,Voucher Relaksasi,"{""tagline"":""Apresiasi untuk tubuhmu yang sudah lelah beraktivitas hari ini. Voucher Relaksasi Rp20.000 dari SerenaRaga."",""terms1"":""Berlaku untuk layanan Home Service Massage di wilayah Yogyakarta (free transport max 10km). Minimal order Rp150.000"",""terms2"":""Wajib melakukan reservasi maksimal H-1 sebelum kedatangan."",""terms3"":""Voucher tidak dapat diuangkan atau digabungkan dengan promo lainnya."",""voucher_type"":""discount""}",manual,flat,20000,,,,1.0,0,True,2026-09-18T10:15:55.765366+00:00,True,SRAGA-L8V5Z9,,True,,Batch: ruanasa wellness (18 Sep 2026 - Q6R),,owner,global,,
aca03398-5e0e-4d34-8c5f-c74710e0f9f7,Voucher Relaksasi,"{""tagline"":""Apresiasi untuk tubuhmu yang sudah lelah beraktivitas hari ini. Voucher Relaksasi Rp20.000 dari SerenaRaga."",""terms1"":""Berlaku untuk layanan Home Service Massage di wilayah Yogyakarta (free transport max 10km). Minimal order Rp150.000"",""terms2"":""Wajib melakukan reservasi maksimal H-1 sebelum kedatangan."",""terms3"":""Voucher tidak dapat diuangkan atau digabungkan dengan promo lainnya."",""voucher_type"":""discount""}",manual,flat,20000,,,,1.0,0,True,2026-09-18T10:15:55.765366+00:00,True,SRAGA-K6K8V6,,True,,Batch: ruanasa wellness (18 Sep 2026 - Q6R),,owner,global,,
fc95851a-8828-43cf-b409-b180833c5508,Voucher Relaksasi,"{""tagline"":""Apresiasi untuk tubuhmu yang sudah lelah beraktivitas hari ini. Voucher Relaksasi Rp20.000 dari SerenaRaga."",""terms1"":""Berlaku untuk layanan Home Service Massage di wilayah Yogyakarta (free transport max 10km). Minimal order Rp150.000"",""terms2"":""Wajib melakukan reservasi maksimal H-1 sebelum kedatangan."",""terms3"":""Voucher tidak dapat diuangkan atau digabungkan dengan promo lainnya."",""voucher_type"":""discount""}",manual,flat,20000,,,,1.0,0,True,2026-09-18T10:15:55.765366+00:00,True,SRAGA-K2X4Q7,,True,,Batch: ruanasa wellness (18 Sep 2026 - Q6R),,owner,global,,
87d17ca7-c1d7-44ae-bf1c-303154d6a168,Voucher Relaksasi,"{""tagline"":""Apresiasi untuk tubuhmu yang sudah lelah beraktivitas hari ini. Voucher Relaksasi Rp20.000 dari SerenaRaga."",""terms1"":""Berlaku untuk layanan Home Service Massage di wilayah Yogyakarta (free transport max 10km). Minimal order Rp150.000"",""terms2"":""Wajib melakukan reservasi maksimal H-1 sebelum kedatangan."",""terms3"":""Voucher tidak dapat diuangkan atau digabungkan dengan promo lainnya."",""voucher_type"":""discount""}",manual,flat,20000,,,,1.0,0,True,2026-09-18T10:15:55.765366+00:00,True,SRAGA-L4H6J9,,True,,Batch: ruanasa wellness (18 Sep 2026 - Q6R),,owner,global,,
c7fa57b7-edd8-4e9e-834f-189e93a3beae,Voucher Relaksasi,"{""tagline"":""Apresiasi untuk tubuhmu yang sudah lelah beraktivitas hari ini. Voucher Relaksasi Rp20.000 dari SerenaRaga."",""terms1"":""Berlaku untuk layanan Home Service Massage di wilayah Yogyakarta (free transport max 10km). Minimal order Rp150.000"",""terms2"":""Wajib melakukan reservasi maksimal H-1 sebelum kedatangan."",""terms3"":""Voucher tidak dapat diuangkan atau digabungkan dengan promo lainnya."",""voucher_type"":""discount""}",manual,flat,20000,,,,1.0,0,True,2026-09-18T10:15:55.765366+00:00,True,SRAGA-S3F5B4,,True,,Batch: ruanasa wellness (18 Sep 2026 - Q6R),,owner,global,,
5decdbb3-039e-4d25-a5f5-febbf6e37235,Voucher Relaksasi,"{""tagline"":""Apresiasi untuk tubuhmu yang sudah lelah beraktivitas hari ini. Voucher Relaksasi Rp20.000 dari SerenaRaga."",""terms1"":""Berlaku untuk layanan Home Service Massage di wilayah Yogyakarta (free transport max 10km). Minimal order Rp150.000"",""terms2"":""Wajib melakukan reservasi maksimal H-1 sebelum kedatangan."",""terms3"":""Voucher tidak dapat diuangkan atau digabungkan dengan promo lainnya."",""voucher_type"":""discount""}",manual,flat,20000,,,,1.0,0,True,2026-09-18T10:15:55.765366+00:00,True,SRAGA-B3H4R7,,True,,Batch: ruanasa wellness (18 Sep 2026 - Q6R),,owner,global,,
fa6578d9-4e44-4e10-b50d-b9396bc2c078,Voucher Relaksasi,"{""tagline"":""Apresiasi untuk tubuhmu yang sudah lelah beraktivitas hari ini. Voucher Relaksasi Rp20.000 dari SerenaRaga."",""terms1"":""Berlaku untuk layanan Home Service Massage di wilayah Yogyakarta (free transport max 10km). Minimal order Rp150.000"",""terms2"":""Wajib melakukan reservasi maksimal H-1 sebelum kedatangan."",""terms3"":""Voucher tidak dapat diuangkan atau digabungkan dengan promo lainnya."",""voucher_type"":""discount""}",manual,flat,20000,,,,1.0,0,True,2026-09-18T10:15:55.765366+00:00,True,SRAGA-T8U8U7,,True,,Batch: ruanasa wellness (18 Sep 2026 - Q6R),,owner,global,,
aab9b0e4-db7b-4c00-85b4-a284a4a5629f,Voucher Relaksasi,"{""tagline"":""Apresiasi untuk tubuhmu yang sudah lelah beraktivitas hari ini. Voucher Relaksasi Rp20.000 dari SerenaRaga."",""terms1"":""Berlaku untuk layanan Home Service Massage di wilayah Yogyakarta (free transport max 10km). Minimal order Rp150.000"",""terms2"":""Wajib melakukan reservasi maksimal H-1 sebelum kedatangan."",""terms3"":""Voucher tidak dapat diuangkan atau digabungkan dengan promo lainnya."",""voucher_type"":""discount""}",manual,flat,20000,,,,1.0,0,True,2026-09-18T10:15:55.765366+00:00,True,SRAGA-B7W3S9,,True,,Batch: ruanasa wellness (18 Sep 2026 - Q6R),,owner,global,,
0cbd890a-3dcb-4c12-8cb2-7bd550b2665e,Voucher Relaksasi,"{""tagline"":""Apresiasi untuk tubuhmu yang sudah lelah beraktivitas hari ini. Voucher Relaksasi Rp20.000 dari SerenaRaga."",""terms1"":""Berlaku untuk layanan Home Service Massage di wilayah Yogyakarta (free transport max 10km). Minimal order Rp150.000"",""terms2"":""Wajib melakukan reservasi maksimal H-1 sebelum kedatangan."",""terms3"":""Voucher tidak dapat diuangkan atau digabungkan dengan promo lainnya."",""voucher_type"":""discount""}",manual,flat,20000,,,,1.0,0,True,2026-09-18T10:15:55.765366+00:00,True,SRAGA-J8F2D8,,True,,Batch: ruanasa wellness (18 Sep 2026 - Q6R),,owner,global,,
18ce13d9-9371-494f-9817-4dc7c6272129,Voucher Relaksasi,"{""tagline"":""Apresiasi untuk tubuhmu yang sudah lelah beraktivitas hari ini. Voucher Relaksasi Rp20.000 dari SerenaRaga."",""terms1"":""Berlaku untuk layanan Home Service Massage di wilayah Yogyakarta (free transport max 10km). Minimal order Rp150.000"",""terms2"":""Wajib melakukan reservasi maksimal H-1 sebelum kedatangan."",""terms3"":""Voucher tidak dapat diuangkan atau digabungkan dengan promo lainnya."",""voucher_type"":""discount""}",manual,flat,20000,,,,1.0,0,True,2026-09-18T10:15:55.765366+00:00,True,SRAGA-F5M5V4,,True,,Batch: ruanasa wellness (18 Sep 2026 - Q6R),,owner,global,,
098c43a1-bc8e-430d-aac4-69db0290e201,Voucher Relaksasi,"{""tagline"":""Apresiasi untuk tubuhmu yang sudah lelah beraktivitas hari ini. Voucher Relaksasi Rp20.000 dari SerenaRaga."",""terms1"":""Berlaku untuk layanan Home Service Massage di wilayah Yogyakarta (free transport max 10km). Minimal order Rp150.000"",""terms2"":""Wajib melakukan reservasi maksimal H-1 sebelum kedatangan."",""terms3"":""Voucher tidak dapat diuangkan atau digabungkan dengan promo lainnya."",""voucher_type"":""discount""}",manual,flat,20000,,,,1.0,0,True,2026-09-18T10:15:55.765366+00:00,True,SRAGA-H6E7J2,,True,,Batch: ruanasa wellness (18 Sep 2026 - Q6R),,owner,global,,
e63892bb-7bf2-4b41-b350-16f16934f923,Voucher Relaksasi,"{""tagline"":""Apresiasi untuk tubuhmu yang sudah lelah beraktivitas hari ini. Voucher Relaksasi Rp20.000 dari SerenaRaga."",""terms1"":""Berlaku untuk layanan Home Service Massage di wilayah Yogyakarta (free transport max 10km). Minimal order Rp150.000"",""terms2"":""Wajib melakukan reservasi maksimal H-1 sebelum kedatangan."",""terms3"":""Voucher tidak dapat diuangkan atau digabungkan dengan promo lainnya."",""voucher_type"":""discount""}",manual,flat,20000,,,,1.0,0,True,2026-09-18T10:15:55.765366+00:00,True,SRAGA-R7A4A5,,True,,Batch: ruanasa wellness (18 Sep 2026 - Q6R),,owner,global,,
80d597b7-0f5c-4519-869e-456a97b91b7d,Voucher Relaksasi,"{""tagline"":""Apresiasi untuk tubuhmu yang sudah lelah beraktivitas hari ini. Voucher Relaksasi Rp20.000 dari SerenaRaga."",""terms1"":""Berlaku untuk layanan Home Service Massage di wilayah Yogyakarta (free transport max 10km). Minimal order Rp150.000"",""terms2"":""Wajib melakukan reservasi maksimal H-1 sebelum kedatangan."",""terms3"":""Voucher tidak dapat diuangkan atau digabungkan dengan promo lainnya."",""voucher_type"":""discount""}",manual,flat,20000,,,,1.0,0,True,2026-09-18T10:15:55.765366+00:00,True,SRAGA-Y7K9K9,,True,,Batch: ruanasa wellness (18 Sep 2026 - Q6R),,owner,global,,
10fdbf88-4cf6-4586-8cb7-5e330548c47e,Voucher Relaksasi,"{""tagline"":""Apresiasi untuk tubuhmu yang sudah lelah beraktivitas hari ini. Voucher Relaksasi Rp20.000 dari SerenaRaga."",""terms1"":""Berlaku untuk layanan Home Service Massage di wilayah Yogyakarta (free transport max 10km). Minimal order Rp150.000"",""terms2"":""Wajib melakukan reservasi maksimal H-1 sebelum kedatangan."",""terms3"":""Voucher tidak dapat diuangkan atau digabungkan dengan promo lainnya."",""voucher_type"":""discount""}",manual,flat,20000,,,,1.0,0,True,2026-09-18T10:15:55.765366+00:00,True,SRAGA-J6F5V3,,True,,Batch: ruanasa wellness (18 Sep 2026 - Q6R),,owner,global,,
dd6acd54-8b5b-4f73-917d-6234005cab09,Voucher Relaksasi,"{""tagline"":""Apresiasi untuk tubuhmu yang sudah lelah beraktivitas hari ini. Voucher Relaksasi Rp20.000 dari SerenaRaga."",""terms1"":""Berlaku untuk layanan Home Service Massage di wilayah Yogyakarta (free transport max 10km). Minimal order Rp150.000"",""terms2"":""Wajib melakukan reservasi maksimal H-1 sebelum kedatangan."",""terms3"":""Voucher tidak dapat diuangkan atau digabungkan dengan promo lainnya."",""voucher_type"":""discount""}",manual,flat,20000,,,,1.0,0,True,2026-09-18T10:15:55.765366+00:00,True,SRAGA-A4A9B4,,True,,Batch: ruanasa wellness (18 Sep 2026 - Q6R),,owner,global,,
f750731e-0d51-42f0-8fcb-91564b07e2b6,Voucher Relaksasi,"{""tagline"":""Apresiasi untuk tubuhmu yang sudah lelah beraktivitas hari ini. Voucher Relaksasi Rp20.000 dari SerenaRaga."",""terms1"":""Berlaku untuk layanan Home Service Massage di wilayah Yogyakarta (free transport max 10km). Minimal order Rp150.000"",""terms2"":""Wajib melakukan reservasi maksimal H-1 sebelum kedatangan."",""terms3"":""Voucher tidak dapat diuangkan atau digabungkan dengan promo lainnya."",""voucher_type"":""discount""}",manual,flat,20000,,,,1.0,0,True,2026-09-18T10:15:55.765366+00:00,True,SRAGA-N4C3X8,,True,,Batch: ruanasa wellness (18 Sep 2026 - Q6R),,owner,global,,
9986adfe-910a-4a78-9ddd-1c8d8c58a100,Voucher Relaksasi,"{""tagline"":""Apresiasi untuk tubuhmu yang sudah lelah beraktivitas hari ini. Voucher Relaksasi Rp20.000 dari SerenaRaga."",""terms1"":""Berlaku untuk layanan Home Service Massage di wilayah Yogyakarta (free transport max 10km). Minimal order Rp150.000"",""terms2"":""Wajib melakukan reservasi maksimal H-1 sebelum kedatangan."",""terms3"":""Voucher tidak dapat diuangkan atau digabungkan dengan promo lainnya."",""voucher_type"":""discount""}",manual,flat,20000,,,,1.0,0,True,2026-09-18T10:15:55.765366+00:00,True,SRAGA-Q4K6V4,,True,,Batch: ruanasa wellness (18 Sep 2026 - Q6R),,owner,global,,
2b301676-dda2-43dd-ab71-5644a22009f7,Voucher Relaksasi,"{""tagline"":""Apresiasi untuk tubuhmu yang sudah lelah beraktivitas hari ini. Voucher Relaksasi Rp20.000 dari SerenaRaga."",""terms1"":""Berlaku untuk layanan Home Service Massage di wilayah Yogyakarta (free transport max 10km). Minimal order Rp150.000"",""terms2"":""Wajib melakukan reservasi maksimal H-1 sebelum kedatangan."",""terms3"":""Voucher tidak dapat diuangkan atau digabungkan dengan promo lainnya."",""voucher_type"":""discount""}",manual,flat,20000,,,,1.0,0,True,2026-09-18T10:15:55.765366+00:00,True,SRAGA-N3M9K6,,True,,Batch: ruanasa wellness (18 Sep 2026 - Q6R),,owner,global,,
1208420d-7b37-4be5-9c2b-037a9eb6d3cd,Voucher Relaksasi,"{""tagline"":""Apresiasi untuk tubuhmu yang sudah lelah beraktivitas hari ini. Voucher Relaksasi Rp20.000 dari SerenaRaga."",""terms1"":""Berlaku untuk layanan Home Service Massage di wilayah Yogyakarta (free transport max 10km). Minimal order Rp150.000"",""terms2"":""Wajib melakukan reservasi maksimal H-1 sebelum kedatangan."",""terms3"":""Voucher tidak dapat diuangkan atau digabungkan dengan promo lainnya."",""voucher_type"":""discount""}",manual,flat,20000,,,,1.0,0,True,2026-09-18T10:15:55.765366+00:00,True,SRAGA-J7N8A6,,True,,Batch: ruanasa wellness (18 Sep 2026 - Q6R),,owner,global,,
09df4d21-2f15-4350-b2a4-8cd206364233,Voucher Relaksasi,"{""tagline"":""Apresiasi untuk tubuhmu yang sudah lelah beraktivitas hari ini. Voucher Relaksasi Rp20.000 dari SerenaRaga."",""terms1"":""Berlaku untuk layanan Home Service Massage di wilayah Yogyakarta (free transport max 10km). Minimal order Rp150.000"",""terms2"":""Wajib melakukan reservasi maksimal H-1 sebelum kedatangan."",""terms3"":""Voucher tidak dapat diuangkan atau digabungkan dengan promo lainnya."",""voucher_type"":""discount""}",manual,flat,20000,,,,1.0,0,True,2026-09-18T10:15:55.765366+00:00,True,SRAGA-H5T3B4,,True,,Batch: ruanasa wellness (18 Sep 2026 - Q6R),,owner,global,,
a84f8db1-0a93-4952-8c5a-1a0cab300a52,Voucher Relaksasi,"{""tagline"":""Apresiasi untuk tubuhmu yang sudah lelah beraktivitas hari ini. Voucher Relaksasi Rp20.000 dari SerenaRaga."",""terms1"":""Berlaku untuk layanan Home Service Massage di wilayah Yogyakarta (free transport max 10km). Minimal order Rp150.000"",""terms2"":""Wajib melakukan reservasi maksimal H-1 sebelum kedatangan."",""terms3"":""Voucher tidak dapat diuangkan atau digabungkan dengan promo lainnya."",""voucher_type"":""discount""}",manual,flat,20000,,,,1.0,0,True,2026-09-18T10:15:55.765366+00:00,True,SRAGA-W6K7S7,,True,,Batch: ruanasa wellness (18 Sep 2026 - Q6R),,owner,global,,
b2cbc003-641a-4f81-a81f-feaa83686694,Voucher Relaksasi,"{""tagline"":""Apresiasi untuk tubuhmu yang sudah lelah beraktivitas hari ini. Voucher Relaksasi Rp20.000 dari SerenaRaga."",""terms1"":""Berlaku untuk layanan Home Service Massage di wilayah Yogyakarta (free transport max 10km). Minimal order Rp150.000"",""terms2"":""Wajib melakukan reservasi maksimal H-1 sebelum kedatangan."",""terms3"":""Voucher tidak dapat diuangkan atau digabungkan dengan promo lainnya."",""voucher_type"":""discount""}",manual,flat,20000,,,,1.0,0,True,2026-09-18T10:15:55.765366+00:00,True,SRAGA-Y4C9M2,,True,,Batch: ruanasa wellness (18 Sep 2026 - Q6R),,owner,global,,
b57e4533-8b7c-486e-bd03-58267e77183a,Voucher Relaksasi,"{""tagline"":""Apresiasi untuk tubuhmu yang sudah lelah beraktivitas hari ini. Voucher Relaksasi Rp20.000 dari SerenaRaga."",""terms1"":""Berlaku untuk layanan Home Service Massage di wilayah Yogyakarta (free transport max 10km). Minimal order Rp150.000"",""terms2"":""Wajib melakukan reservasi maksimal H-1 sebelum kedatangan."",""terms3"":""Voucher tidak dapat diuangkan atau digabungkan dengan promo lainnya."",""voucher_type"":""discount""}",manual,flat,20000,,,,1.0,0,True,2026-09-18T10:15:55.765366+00:00,True,SRAGA-V7E5V8,,True,,Batch: ruanasa wellness (18 Sep 2026 - Q6R),,owner,global,,
12926491-b7ba-472b-b33e-c501a0fb55b6,Voucher Relaksasi,"{""tagline"":""Apresiasi untuk tubuhmu yang sudah lelah beraktivitas hari ini. Voucher Relaksasi Rp20.000 dari SerenaRaga."",""terms1"":""Berlaku untuk layanan Home Service Massage di wilayah Yogyakarta (free transport max 10km). Minimal order Rp150.000"",""terms2"":""Wajib melakukan reservasi maksimal H-1 sebelum kedatangan."",""terms3"":""Voucher tidak dapat diuangkan atau digabungkan dengan promo lainnya."",""voucher_type"":""discount""}",manual,flat,20000,,,,1.0,0,True,2026-09-18T10:15:55.765366+00:00,True,SRAGA-Z4V3C3,,True,,Batch: ruanasa wellness (18 Sep 2026 - Q6R),,owner,global,,
b717148f-8d4a-4132-8223-33747d5c6102,Voucher Relaksasi,"{""tagline"":""Apresiasi untuk tubuhmu yang sudah lelah beraktivitas hari ini. Voucher Relaksasi Rp20.000 dari SerenaRaga."",""terms1"":""Berlaku untuk layanan Home Service Massage di wilayah Yogyakarta (free transport max 10km). Minimal order Rp150.000"",""terms2"":""Wajib melakukan reservasi maksimal H-1 sebelum kedatangan."",""terms3"":""Voucher tidak dapat diuangkan atau digabungkan dengan promo lainnya."",""voucher_type"":""discount""}",manual,flat,20000,,,,1.0,0,True,2026-09-18T10:15:55.765366+00:00,True,SRAGA-R9M2J3,,True,,Batch: ruanasa wellness (18 Sep 2026 - Q6R),,owner,global,,
a4589b53-a353-4a62-906f-ba85321e885f,Voucher Relaksasi,"{""tagline"":""Apresiasi untuk tubuhmu yang sudah lelah beraktivitas hari ini. Voucher Relaksasi Rp20.000 dari SerenaRaga."",""terms1"":""Berlaku untuk layanan Home Service Massage di wilayah Yogyakarta (free transport max 10km). Minimal order Rp150.000"",""terms2"":""Wajib melakukan reservasi maksimal H-1 sebelum kedatangan."",""terms3"":""Voucher tidak dapat diuangkan atau digabungkan dengan promo lainnya."",""voucher_type"":""discount""}",manual,flat,20000,,,,1.0,0,True,2026-09-18T10:15:55.765366+00:00,True,SRAGA-W9B4C5,,True,,Batch: ruanasa wellness (18 Sep 2026 - Q6R),,owner,global,,
623ad3f3-2d46-4d6f-afcc-d3402c3c6f46,Voucher Relaksasi,"{""tagline"":""Apresiasi untuk tubuhmu yang sudah lelah beraktivitas hari ini. Voucher Relaksasi Rp20.000 dari SerenaRaga."",""terms1"":""Berlaku untuk layanan Home Service Massage di wilayah Yogyakarta (free transport max 10km). Minimal order Rp150.000"",""terms2"":""Wajib melakukan reservasi maksimal H-1 sebelum kedatangan."",""terms3"":""Voucher tidak dapat diuangkan atau digabungkan dengan promo lainnya."",""voucher_type"":""discount""}",manual,flat,20000,,,,1.0,0,True,2026-09-18T10:15:55.765366+00:00,True,SRAGA-X5H9Z3,,True,,Batch: ruanasa wellness (18 Sep 2026 - Q6R),,owner,global,,
5e3189e6-d867-4856-aaaf-5632a6505d96,Voucher Relaksasi,"{""tagline"":""Apresiasi untuk tubuhmu yang sudah lelah beraktivitas hari ini. Voucher Relaksasi Rp20.000 dari SerenaRaga."",""terms1"":""Berlaku untuk layanan Home Service Massage di wilayah Yogyakarta (free transport max 10km). Minimal order Rp150.000"",""terms2"":""Wajib melakukan reservasi maksimal H-1 sebelum kedatangan."",""terms3"":""Voucher tidak dapat diuangkan atau digabungkan dengan promo lainnya."",""voucher_type"":""discount""}",manual,flat,20000,,,,1.0,0,True,2026-09-18T10:15:55.765366+00:00,True,SRAGA-W3T3J7,,True,,Batch: ruanasa wellness (18 Sep 2026 - Q6R),,owner,global,,
9f39d342-2176-4001-b248-f7ebbbf6074a,Voucher Relaksasi,"{""tagline"":""Apresiasi untuk tubuhmu yang sudah lelah beraktivitas hari ini. Voucher Relaksasi Rp20.000 dari SerenaRaga."",""terms1"":""Berlaku untuk layanan Home Service Massage di wilayah Yogyakarta (free transport max 10km). Minimal order Rp150.000"",""terms2"":""Wajib melakukan reservasi maksimal H-1 sebelum kedatangan."",""terms3"":""Voucher tidak dapat diuangkan atau digabungkan dengan promo lainnya."",""voucher_type"":""discount""}",manual,flat,20000,,,,1.0,0,True,2026-09-18T10:15:55.765366+00:00,True,SRAGA-T8J9D3,,True,,Batch: ruanasa wellness (18 Sep 2026 - Q6R),,owner,global,,
25ad138f-b01b-4cd6-b19b-12cef90379de,Voucher Relaksasi,"{""tagline"":""Apresiasi untuk tubuhmu yang sudah lelah beraktivitas hari ini. Voucher Relaksasi Rp20.000 dari SerenaRaga."",""terms1"":""Berlaku untuk layanan Home Service Massage di wilayah Yogyakarta (free transport max 10km). Minimal order Rp150.000"",""terms2"":""Wajib melakukan reservasi maksimal H-1 sebelum kedatangan."",""terms3"":""Voucher tidak dapat diuangkan atau digabungkan dengan promo lainnya."",""voucher_type"":""discount""}",manual,flat,20000,,,,1.0,0,True,2026-09-18T10:15:55.765366+00:00,True,SRAGA-K7G4H2,,True,,Batch: ruanasa wellness (18 Sep 2026 - Q6R),,owner,global,,
e3e3dcd8-fd6d-42fc-9388-3b7da7d398b8,Voucher Relaksasi,"{""tagline"":""Apresiasi untuk tubuhmu yang sudah lelah beraktivitas hari ini. Voucher Relaksasi Rp20.000 dari SerenaRaga."",""terms1"":""Berlaku untuk layanan Home Service Massage di wilayah Yogyakarta (free transport max 10km). Minimal order Rp150.000"",""terms2"":""Wajib melakukan reservasi maksimal H-1 sebelum kedatangan."",""terms3"":""Voucher tidak dapat diuangkan atau digabungkan dengan promo lainnya."",""voucher_type"":""discount""}",manual,flat,20000,,,,1.0,0,True,2026-09-18T10:15:55.765366+00:00,True,SRAGA-F6C2G5,,True,,Batch: ruanasa wellness (18 Sep 2026 - Q6R),,owner,global,,
5781fbe5-9346-460c-9608-b3a097abfbcd,Voucher Relaksasi,"{""tagline"":""Apresiasi untuk tubuhmu yang sudah lelah beraktivitas hari ini. Voucher Relaksasi Rp20.000 dari SerenaRaga."",""terms1"":""Berlaku untuk layanan Home Service Massage di wilayah Yogyakarta (free transport max 10km). Minimal order Rp150.000"",""terms2"":""Wajib melakukan reservasi maksimal H-1 sebelum kedatangan."",""terms3"":""Voucher tidak dapat diuangkan atau digabungkan dengan promo lainnya."",""voucher_type"":""discount""}",manual,flat,20000,,,,1.0,0,True,2026-09-18T10:15:55.765366+00:00,True,SRAGA-L2C5J2,,True,,Batch: ruanasa wellness (18 Sep 2026 - Q6R),,owner,global,,
355492ad-80ae-4db8-a56e-950a7af9a7e6,Voucher Relaksasi,"{""tagline"":""Apresiasi untuk tubuhmu yang sudah lelah beraktivitas hari ini. Voucher Relaksasi Rp20.000 dari SerenaRaga."",""terms1"":""Berlaku untuk layanan Home Service Massage di wilayah Yogyakarta (free transport max 10km). Minimal order Rp150.000"",""terms2"":""Wajib melakukan reservasi maksimal H-1 sebelum kedatangan."",""terms3"":""Voucher tidak dapat diuangkan atau digabungkan dengan promo lainnya."",""voucher_type"":""discount""}",manual,flat,20000,,,,1.0,0,True,2026-09-18T10:15:55.765366+00:00,True,SRAGA-J6K7L2,,True,,Batch: ruanasa wellness (18 Sep 2026 - Q6R),,owner,global,,
458125b9-138e-493a-ac92-c9bacbf64c1d,Voucher Relaksasi,"{""tagline"":""Apresiasi untuk tubuhmu yang sudah lelah beraktivitas hari ini. Voucher Relaksasi Rp20.000 dari SerenaRaga."",""terms1"":""Berlaku untuk layanan Home Service Massage di wilayah Yogyakarta (free transport max 10km). Minimal order Rp150.000"",""terms2"":""Wajib melakukan reservasi maksimal H-1 sebelum kedatangan."",""terms3"":""Voucher tidak dapat diuangkan atau digabungkan dengan promo lainnya."",""voucher_type"":""discount""}",manual,flat,20000,,,,1.0,0,True,2026-09-18T10:15:55.765366+00:00,True,SRAGA-Y8E8M3,,True,,Batch: ruanasa wellness (18 Sep 2026 - Q6R),,owner,global,,
40dcc12b-b3b0-413d-9225-c1182f996c94,Voucher Relaksasi,"{""tagline"":""Apresiasi untuk tubuhmu yang sudah lelah beraktivitas hari ini. Voucher Relaksasi Rp20.000 dari SerenaRaga."",""terms1"":""Berlaku untuk layanan Home Service Massage di wilayah Yogyakarta (free transport max 10km). Minimal order Rp150.000"",""terms2"":""Wajib melakukan reservasi maksimal H-1 sebelum kedatangan."",""terms3"":""Voucher tidak dapat diuangkan atau digabungkan dengan promo lainnya."",""voucher_type"":""discount""}",manual,flat,20000,,,,1.0,0,True,2026-09-18T10:15:55.765366+00:00,True,SRAGA-A6L8Y3,,True,,Batch: ruanasa wellness (18 Sep 2026 - Q6R),,owner,global,,
a6cad586-d08f-4412-9eda-be29d0eff9ef,Voucher Relaksasi,"{""tagline"":""Apresiasi untuk tubuhmu yang sudah lelah beraktivitas hari ini. Voucher Relaksasi Rp20.000 dari SerenaRaga."",""terms1"":""Berlaku untuk layanan Home Service Massage di wilayah Yogyakarta (free transport max 10km). Minimal order Rp150.000"",""terms2"":""Wajib melakukan reservasi maksimal H-1 sebelum kedatangan."",""terms3"":""Voucher tidak dapat diuangkan atau digabungkan dengan promo lainnya."",""voucher_type"":""discount""}",manual,flat,20000,,,,1.0,0,True,2026-09-18T10:15:55.765366+00:00,True,SRAGA-L6L4J5,,True,,Batch: ruanasa wellness (18 Sep 2026 - Q6R),,owner,global,,
5665320d-7f18-4320-8349-98081e73126c,Voucher Relaksasi,"{""tagline"":""Apresiasi untuk tubuhmu yang sudah lelah beraktivitas hari ini. Voucher Relaksasi Rp20.000 dari SerenaRaga."",""terms1"":""Berlaku untuk layanan Home Service Massage di wilayah Yogyakarta (free transport max 10km). Minimal order Rp150.000"",""terms2"":""Wajib melakukan reservasi maksimal H-1 sebelum kedatangan."",""terms3"":""Voucher tidak dapat diuangkan atau digabungkan dengan promo lainnya."",""voucher_type"":""discount""}",manual,flat,20000,,,,1.0,0,True,2026-09-18T10:15:55.765366+00:00,True,SRAGA-R8K7W9,,True,,Batch: ruanasa wellness (18 Sep 2026 - Q6R),,owner,global,,
4d961832-785e-4c49-90b4-753cc9ec529a,Voucher Relaksasi,"{""tagline"":""Apresiasi untuk tubuhmu yang sudah lelah beraktivitas hari ini. Voucher Relaksasi Rp20.000 dari SerenaRaga."",""terms1"":""Berlaku untuk layanan Home Service Massage di wilayah Yogyakarta (free transport max 10km). Minimal order Rp150.000"",""terms2"":""Wajib melakukan reservasi maksimal H-1 sebelum kedatangan."",""terms3"":""Voucher tidak dapat diuangkan atau digabungkan dengan promo lainnya."",""voucher_type"":""discount""}",manual,flat,20000,,,,1.0,0,True,2026-09-18T10:15:55.765366+00:00,True,SRAGA-V4Z7Z8,,True,,Batch: ruanasa wellness (18 Sep 2026 - Q6R),,owner,global,,
db7fa004-4f6a-40e0-bf2c-a3e918f8fa23,Voucher Relaksasi,"{""tagline"":""Apresiasi untuk tubuhmu yang sudah lelah beraktivitas hari ini. Voucher Relaksasi Rp20.000 dari SerenaRaga."",""terms1"":""Berlaku untuk layanan Home Service Massage di wilayah Yogyakarta (free transport max 10km). Minimal order Rp150.000"",""terms2"":""Wajib melakukan reservasi maksimal H-1 sebelum kedatangan."",""terms3"":""Voucher tidak dapat diuangkan atau digabungkan dengan promo lainnya."",""voucher_type"":""discount""}",manual,flat,20000,,,,1.0,0,True,2026-09-18T10:15:55.765366+00:00,True,SRAGA-G7J2X2,,True,,Batch: ruanasa wellness (18 Sep 2026 - Q6R),,owner,global,,
4bddb0d0-8819-4e43-92e1-a66f81ea557c,Voucher Relaksasi,"{""tagline"":""Apresiasi untuk tubuhmu yang sudah lelah beraktivitas hari ini. Voucher Relaksasi Rp20.000 dari SerenaRaga."",""terms1"":""Berlaku untuk layanan Home Service Massage di wilayah Yogyakarta (free transport max 10km). Minimal order Rp150.000"",""terms2"":""Wajib melakukan reservasi maksimal H-1 sebelum kedatangan."",""terms3"":""Voucher tidak dapat diuangkan atau digabungkan dengan promo lainnya."",""voucher_type"":""discount""}",manual,flat,20000,,,,1.0,0,True,2026-09-18T10:15:55.765366+00:00,True,SRAGA-P6X3G2,,True,,Batch: ruanasa wellness (18 Sep 2026 - Q6R),,owner,global,,
3870f2ba-d4b1-4aa9-9754-b2d936257a56,Voucher Relaksasi,"{""tagline"":""Apresiasi untuk tubuhmu yang sudah lelah beraktivitas hari ini. Voucher Relaksasi Rp20.000 dari SerenaRaga."",""terms1"":""Berlaku untuk layanan Home Service Massage di wilayah Yogyakarta (free transport max 10km). Minimal order Rp150.000"",""terms2"":""Wajib melakukan reservasi maksimal H-1 sebelum kedatangan."",""terms3"":""Voucher tidak dapat diuangkan atau digabungkan dengan promo lainnya."",""voucher_type"":""discount""}",manual,flat,20000,,,,1.0,0,True,2026-09-18T10:15:55.765366+00:00,True,SRAGA-Q8H4J3,,True,,Batch: ruanasa wellness (18 Sep 2026 - Q6R),,owner,global,,
63e7b583-c246-4ebf-b7b8-0c6e3f3e7648,Voucher Relaksasi,"{""tagline"":""Apresiasi untuk tubuhmu yang sudah lelah beraktivitas hari ini. Voucher Relaksasi Rp20.000 dari SerenaRaga."",""terms1"":""Berlaku untuk layanan Home Service Massage di wilayah Yogyakarta (free transport max 10km). Minimal order Rp150.000"",""terms2"":""Wajib melakukan reservasi maksimal H-1 sebelum kedatangan."",""terms3"":""Voucher tidak dapat diuangkan atau digabungkan dengan promo lainnya."",""voucher_type"":""discount""}",manual,flat,20000,,,,1.0,0,True,2026-09-18T10:15:55.765366+00:00,True,SRAGA-S5V3T6,,True,,Batch: ruanasa wellness (18 Sep 2026 - Q6R),,owner,global,,
42809044-f62a-4074-9b9c-00a67670a75b,Voucher Relaksasi,"{""tagline"":""Apresiasi untuk tubuhmu yang sudah lelah beraktivitas hari ini. Voucher Relaksasi Rp20.000 dari SerenaRaga."",""terms1"":""Berlaku untuk layanan Home Service Massage di wilayah Yogyakarta (free transport max 10km). Minimal order Rp150.000"",""terms2"":""Wajib melakukan reservasi maksimal H-1 sebelum kedatangan."",""terms3"":""Voucher tidak dapat diuangkan atau digabungkan dengan promo lainnya."",""voucher_type"":""discount""}",manual,flat,20000,,,,1.0,0,True,2026-09-18T10:15:55.765366+00:00,True,SRAGA-T2Z5Q2,,True,,Batch: ruanasa wellness (18 Sep 2026 - Q6R),,owner,global,,
a85a1952-fc6b-4c6f-be40-91ee5987e559,Voucher Relaksasi,"{""tagline"":""Apresiasi untuk tubuhmu yang sudah lelah beraktivitas hari ini. Voucher Relaksasi Rp20.000 dari SerenaRaga."",""terms1"":""Berlaku untuk layanan Home Service Massage di wilayah Yogyakarta (free transport max 10km). Minimal order Rp150.000"",""terms2"":""Wajib melakukan reservasi maksimal H-1 sebelum kedatangan."",""terms3"":""Voucher tidak dapat diuangkan atau digabungkan dengan promo lainnya."",""voucher_type"":""discount""}",manual,flat,20000,,,,1.0,0,True,2026-09-18T10:15:55.765366+00:00,True,SRAGA-F3F9Y9,,True,,Batch: ruanasa wellness (18 Sep 2026 - Q6R),,owner,global,,
c31ed484-ebf1-498c-a018-2683bb81a64b,Voucher Relaksasi,"{""tagline"":""Apresiasi untuk tubuhmu yang sudah lelah beraktivitas hari ini. Voucher Relaksasi Rp20.000 dari SerenaRaga."",""terms1"":""Berlaku untuk layanan Home Service Massage di wilayah Yogyakarta (free transport max 10km). Minimal order Rp150.000"",""terms2"":""Wajib melakukan reservasi maksimal H-1 sebelum kedatangan."",""terms3"":""Voucher tidak dapat diuangkan atau digabungkan dengan promo lainnya."",""voucher_type"":""discount""}",manual,flat,20000,,,,1.0,0,True,2026-09-18T10:15:55.765366+00:00,True,SRAGA-B7L5R6,,True,,Batch: ruanasa wellness (18 Sep 2026 - Q6R),,owner,global,,
0d336949-ce8a-477a-a783-df52eaa824b9,Voucher Relaksasi,"{""tagline"":""Apresiasi untuk tubuhmu yang sudah lelah beraktivitas hari ini. Voucher Relaksasi Rp20.000 dari SerenaRaga."",""terms1"":""Berlaku untuk layanan Home Service Massage di wilayah Yogyakarta (free transport max 10km). Minimal order Rp150.000"",""terms2"":""Wajib melakukan reservasi maksimal H-1 sebelum kedatangan."",""terms3"":""Voucher tidak dapat diuangkan atau digabungkan dengan promo lainnya."",""voucher_type"":""discount""}",manual,flat,20000,,,,1.0,0,True,2026-09-18T10:15:55.765366+00:00,True,SRAGA-T7J2P4,,True,,Batch: ruanasa wellness (18 Sep 2026 - Q6R),,owner,global,,
6ca0dfc4-54be-4ebe-a61b-f6793d45eb16,Voucher Relaksasi,"{""tagline"":""Apresiasi untuk tubuhmu yang sudah lelah beraktivitas hari ini. Voucher Relaksasi Rp20.000 dari SerenaRaga."",""terms1"":""Berlaku untuk layanan Home Service Massage di wilayah Yogyakarta (free transport max 10km). Minimal order Rp150.000"",""terms2"":""Wajib melakukan reservasi maksimal H-1 sebelum kedatangan."",""terms3"":""Voucher tidak dapat diuangkan atau digabungkan dengan promo lainnya."",""voucher_type"":""discount""}",manual,flat,20000,,,,1.0,0,True,2026-09-18T10:15:55.765366+00:00,True,SRAGA-M6E9J8,,True,,Batch: ruanasa wellness (18 Sep 2026 - Q6R),,owner,global,,
961cfcf5-65e3-4d0a-bf05-97ff93e7cd20,Voucher Relaksasi,"{""tagline"":""Apresiasi untuk tubuhmu yang sudah lelah beraktivitas hari ini. Voucher Relaksasi Rp20.000 dari SerenaRaga."",""terms1"":""Berlaku untuk layanan Home Service Massage di wilayah Yogyakarta (free transport max 10km). Minimal order Rp150.000"",""terms2"":""Wajib melakukan reservasi maksimal H-1 sebelum kedatangan."",""terms3"":""Voucher tidak dapat diuangkan atau digabungkan dengan promo lainnya."",""voucher_type"":""discount""}",manual,flat,20000,,,,1.0,0,True,2026-09-18T10:15:55.765366+00:00,True,SRAGA-W3G5K7,,True,,Batch: ruanasa wellness (18 Sep 2026 - Q6R),,owner,global,,
276e665b-4d9a-46e3-8661-15df2928bdc5,Voucher Relaksasi,"{""tagline"":""Apresiasi untuk tubuhmu yang sudah lelah beraktivitas hari ini. Voucher Relaksasi Rp20.000 dari SerenaRaga."",""terms1"":""Berlaku untuk layanan Home Service Massage di wilayah Yogyakarta (free transport max 10km). Minimal order Rp150.000"",""terms2"":""Wajib melakukan reservasi maksimal H-1 sebelum kedatangan."",""terms3"":""Voucher tidak dapat diuangkan atau digabungkan dengan promo lainnya."",""voucher_type"":""discount""}",manual,flat,20000,,,,1.0,0,True,2026-09-18T10:15:55.765366+00:00,True,SRAGA-E8D3N2,,True,,Batch: ruanasa wellness (18 Sep 2026 - Q6R),,owner,global,,
c54f0948-e219-492a-9915-50619342bde4,Voucher Relaksasi,"{""tagline"":""Apresiasi untuk tubuhmu yang sudah lelah beraktivitas hari ini. Voucher Relaksasi Rp20.000 dari SerenaRaga."",""terms1"":""Berlaku untuk layanan Home Service Massage di wilayah Yogyakarta (free transport max 10km). Minimal order Rp150.000"",""terms2"":""Wajib melakukan reservasi maksimal H-1 sebelum kedatangan."",""terms3"":""Voucher tidak dapat diuangkan atau digabungkan dengan promo lainnya."",""voucher_type"":""discount""}",manual,flat,20000,,,,1.0,0,True,2026-09-18T10:15:55.765366+00:00,True,SRAGA-Y9J9K8,,True,,Batch: ruanasa wellness (18 Sep 2026 - Q6R),,owner,global,,
1bce8aec-17c8-41d0-883d-81e159a930ac,Voucher Relaksasi,"{""tagline"":""Apresiasi untuk tubuhmu yang sudah lelah beraktivitas hari ini. Voucher Relaksasi Rp20.000 dari SerenaRaga."",""terms1"":""Berlaku untuk layanan Home Service Massage di wilayah Yogyakarta (free transport max 10km). Minimal order Rp150.000"",""terms2"":""Wajib melakukan reservasi maksimal H-1 sebelum kedatangan."",""terms3"":""Voucher tidak dapat diuangkan atau digabungkan dengan promo lainnya."",""voucher_type"":""discount""}",manual,flat,20000,,,,1.0,0,True,2026-09-18T10:15:55.765366+00:00,True,SRAGA-U9X6E6,,True,,Batch: ruanasa wellness (18 Sep 2026 - Q6R),,owner,global,,
01a170c1-214a-4282-95f3-798bce926eb3,Voucher Relaksasi,"{""tagline"":""Apresiasi untuk tubuhmu yang sudah lelah beraktivitas hari ini. Voucher Relaksasi Rp20.000 dari SerenaRaga."",""terms1"":""Berlaku untuk layanan Home Service Massage di wilayah Yogyakarta (free transport max 10km). Minimal order Rp150.000"",""terms2"":""Wajib melakukan reservasi maksimal H-1 sebelum kedatangan."",""terms3"":""Voucher tidak dapat diuangkan atau digabungkan dengan promo lainnya."",""voucher_type"":""discount""}",manual,flat,20000,,,,1.0,0,True,2026-09-18T10:15:55.765366+00:00,True,SRAGA-E6T2J6,,True,,Batch: ruanasa wellness (18 Sep 2026 - Q6R),,owner,global,,
bae7869c-d782-41a6-9266-371416d5e54a,Voucher Relaksasi,"{""tagline"":""Apresiasi untuk tubuhmu yang sudah lelah beraktivitas hari ini. Voucher Relaksasi Rp20.000 dari SerenaRaga."",""terms1"":""Berlaku untuk layanan Home Service Massage di wilayah Yogyakarta (free transport max 10km). Minimal order Rp150.000"",""terms2"":""Wajib melakukan reservasi maksimal H-1 sebelum kedatangan."",""terms3"":""Voucher tidak dapat diuangkan atau digabungkan dengan promo lainnya."",""voucher_type"":""discount""}",manual,flat,20000,,,,1.0,0,True,2026-09-18T10:15:55.765366+00:00,True,SRAGA-R4D2W4,,True,,Batch: ruanasa wellness (18 Sep 2026 - Q6R),,owner,global,,
4096765e-2623-4ed4-9a19-5929c9ae2093,Voucher Relaksasi,"{""tagline"":""Apresiasi untuk tubuhmu yang sudah lelah beraktivitas hari ini. Voucher Relaksasi Rp20.000 dari SerenaRaga."",""terms1"":""Berlaku untuk layanan Home Service Massage di wilayah Yogyakarta (free transport max 10km). Minimal order Rp150.000"",""terms2"":""Wajib melakukan reservasi maksimal H-1 sebelum kedatangan."",""terms3"":""Voucher tidak dapat diuangkan atau digabungkan dengan promo lainnya."",""voucher_type"":""discount""}",manual,flat,20000,,,,1.0,0,True,2026-09-18T10:15:55.765366+00:00,True,SRAGA-J8N2C5,,True,,Batch: ruanasa wellness (18 Sep 2026 - Q6R),,owner,global,,
992c5ef2-05f6-4480-88da-0e49c6e5d3a2,Voucher Relaksasi,"{""tagline"":""Apresiasi untuk tubuhmu yang sudah lelah beraktivitas hari ini. Voucher Relaksasi Rp20.000 dari SerenaRaga."",""terms1"":""Berlaku untuk layanan Home Service Massage di wilayah Yogyakarta (free transport max 10km). Minimal order Rp150.000"",""terms2"":""Wajib melakukan reservasi maksimal H-1 sebelum kedatangan."",""terms3"":""Voucher tidak dapat diuangkan atau digabungkan dengan promo lainnya."",""voucher_type"":""discount""}",manual,flat,20000,,,,1.0,0,True,2026-09-18T10:15:55.765366+00:00,True,SRAGA-P3W3J8,,True,,Batch: ruanasa wellness (18 Sep 2026 - Q6R),,owner,global,,
2af197a2-4269-4f28-b607-f93573efdc76,Voucher Relaksasi,"{""tagline"":""Apresiasi untuk tubuhmu yang sudah lelah beraktivitas hari ini. Voucher Relaksasi Rp20.000 dari SerenaRaga."",""terms1"":""Berlaku untuk layanan Home Service Massage di wilayah Yogyakarta (free transport max 10km). Minimal order Rp150.000"",""terms2"":""Wajib melakukan reservasi maksimal H-1 sebelum kedatangan."",""terms3"":""Voucher tidak dapat diuangkan atau digabungkan dengan promo lainnya."",""voucher_type"":""discount""}",manual,flat,20000,,,,1.0,0,True,2026-09-18T10:15:55.765366+00:00,True,SRAGA-V2U4Y3,,True,,Batch: ruanasa wellness (18 Sep 2026 - Q6R),,owner,global,,
85385b9b-0810-48c1-898f-ff571564d0a4,Voucher Relaksasi,"{""tagline"":""Apresiasi untuk tubuhmu yang sudah lelah beraktivitas hari ini. Voucher Relaksasi Rp20.000 dari SerenaRaga."",""terms1"":""Berlaku untuk layanan Home Service Massage di wilayah Yogyakarta (free transport max 10km). Minimal order Rp150.000"",""terms2"":""Wajib melakukan reservasi maksimal H-1 sebelum kedatangan."",""terms3"":""Voucher tidak dapat diuangkan atau digabungkan dengan promo lainnya."",""voucher_type"":""discount""}",manual,flat,20000,,,,1.0,0,True,2026-09-18T10:15:55.765366+00:00,True,SRAGA-Z6Q6T4,,True,,Batch: ruanasa wellness (18 Sep 2026 - Q6R),,owner,global,,
faf512ee-ea19-49e0-8338-137f0a3ff53e,Voucher Relaksasi,"{""tagline"":""Apresiasi untuk tubuhmu yang sudah lelah beraktivitas hari ini. Voucher Relaksasi Rp20.000 dari SerenaRaga."",""terms1"":""Berlaku untuk layanan Home Service Massage di wilayah Yogyakarta (free transport max 10km). Minimal order Rp150.000"",""terms2"":""Wajib melakukan reservasi maksimal H-1 sebelum kedatangan."",""terms3"":""Voucher tidak dapat diuangkan atau digabungkan dengan promo lainnya."",""voucher_type"":""discount""}",manual,flat,20000,,,,1.0,0,True,2026-09-18T10:15:55.765366+00:00,True,SRAGA-E2F6F8,,True,,Batch: ruanasa wellness (18 Sep 2026 - Q6R),,owner,global,,
92909ad0-89f3-4091-b451-80f573e7484d,Voucher Relaksasi,"{""tagline"":""Apresiasi untuk tubuhmu yang sudah lelah beraktivitas hari ini. Voucher Relaksasi Rp20.000 dari SerenaRaga."",""terms1"":""Berlaku untuk layanan Home Service Massage di wilayah Yogyakarta (free transport max 10km). Minimal order Rp150.000"",""terms2"":""Wajib melakukan reservasi maksimal H-1 sebelum kedatangan."",""terms3"":""Voucher tidak dapat diuangkan atau digabungkan dengan promo lainnya."",""voucher_type"":""discount""}",manual,flat,20000,,,,1.0,0,True,2026-09-18T10:15:55.765366+00:00,True,SRAGA-A8K7D6,,True,,Batch: ruanasa wellness (18 Sep 2026 - Q6R),,owner,global,,
3e07312d-2ede-4cb7-96e2-a07bad34ab90,Voucher Relaksasi,"{""tagline"":""Apresiasi untuk tubuhmu yang sudah lelah beraktivitas hari ini. Voucher Relaksasi Rp20.000 dari SerenaRaga."",""terms1"":""Berlaku untuk layanan Home Service Massage di wilayah Yogyakarta (free transport max 10km). Minimal order Rp150.000"",""terms2"":""Wajib melakukan reservasi maksimal H-1 sebelum kedatangan."",""terms3"":""Voucher tidak dapat diuangkan atau digabungkan dengan promo lainnya."",""voucher_type"":""discount""}",manual,flat,20000,,,,1.0,0,True,2026-09-18T10:15:55.765366+00:00,True,SRAGA-L9M8P9,,True,,Batch: ruanasa wellness (18 Sep 2026 - Q6R),,owner,global,,
6a01e39f-343c-4132-a260-29d2f65f6d45,Voucher Relaksasi,"{""tagline"":""Apresiasi untuk tubuhmu yang sudah lelah beraktivitas hari ini. Voucher Relaksasi Rp20.000 dari SerenaRaga."",""terms1"":""Berlaku untuk layanan Home Service Massage di wilayah Yogyakarta (free transport max 10km). Minimal order Rp150.000"",""terms2"":""Wajib melakukan reservasi maksimal H-1 sebelum kedatangan."",""terms3"":""Voucher tidak dapat diuangkan atau digabungkan dengan promo lainnya."",""voucher_type"":""discount""}",manual,flat,20000,,,,1.0,0,True,2026-09-18T10:15:55.765366+00:00,True,SRAGA-P3S2V2,,True,,Batch: ruanasa wellness (18 Sep 2026 - Q6R),,owner,global,,
e16aee72-f6d1-458a-9f9d-f43a544a470a,Voucher Relaksasi,"{""tagline"":""Apresiasi untuk tubuhmu yang sudah lelah beraktivitas hari ini. Voucher Relaksasi Rp20.000 dari SerenaRaga."",""terms1"":""Berlaku untuk layanan Home Service Massage di wilayah Yogyakarta (free transport max 10km). Minimal order Rp150.000"",""terms2"":""Wajib melakukan reservasi maksimal H-1 sebelum kedatangan."",""terms3"":""Voucher tidak dapat diuangkan atau digabungkan dengan promo lainnya."",""voucher_type"":""discount""}",manual,flat,20000,,,,1.0,0,True,2026-09-18T10:15:55.765366+00:00,True,SRAGA-A8T2F3,,True,,Batch: ruanasa wellness (18 Sep 2026 - Q6R),,owner,global,,
7726d59a-1d00-4f36-bad7-a4a8a785467f,Voucher Relaksasi,"{""tagline"":""Apresiasi untuk tubuhmu yang sudah lelah beraktivitas hari ini. Voucher Relaksasi Rp20.000 dari SerenaRaga."",""terms1"":""Berlaku untuk layanan Home Service Massage di wilayah Yogyakarta (free transport max 10km). Minimal order Rp150.000"",""terms2"":""Wajib melakukan reservasi maksimal H-1 sebelum kedatangan."",""terms3"":""Voucher tidak dapat diuangkan atau digabungkan dengan promo lainnya."",""voucher_type"":""discount""}",manual,flat,20000,,,,1.0,0,True,2026-09-18T10:15:55.765366+00:00,True,SRAGA-X4R3H3,,True,,Batch: ruanasa wellness (18 Sep 2026 - Q6R),,owner,global,,
6481785d-e192-4ac7-8816-3274ccde07f7,Voucher Relaksasi,"{""tagline"":""Apresiasi untuk tubuhmu yang sudah lelah beraktivitas hari ini. Voucher Relaksasi Rp20.000 dari SerenaRaga."",""terms1"":""Berlaku untuk layanan Home Service Massage di wilayah Yogyakarta (free transport max 10km). Minimal order Rp150.000"",""terms2"":""Wajib melakukan reservasi maksimal H-1 sebelum kedatangan."",""terms3"":""Voucher tidak dapat diuangkan atau digabungkan dengan promo lainnya."",""voucher_type"":""discount""}",manual,flat,20000,,,,1.0,0,True,2026-09-18T10:15:55.765366+00:00,True,SRAGA-K3G8T6,,True,,Batch: ruanasa wellness (18 Sep 2026 - Q6R),,owner,global,,
67a08dad-1aeb-4a8c-bcf4-1fdce9bbadbf,Voucher Relaksasi,"{""tagline"":""Apresiasi untuk tubuhmu yang sudah lelah beraktivitas hari ini. Voucher Relaksasi Rp20.000 dari SerenaRaga."",""terms1"":""Berlaku untuk layanan Home Service Massage di wilayah Yogyakarta (free transport max 10km). Minimal order Rp150.000"",""terms2"":""Wajib melakukan reservasi maksimal H-1 sebelum kedatangan."",""terms3"":""Voucher tidak dapat diuangkan atau digabungkan dengan promo lainnya."",""voucher_type"":""discount""}",manual,flat,20000,,,,1.0,0,True,2026-09-18T10:15:55.765366+00:00,True,SRAGA-P6D7Y3,,True,,Batch: ruanasa wellness (18 Sep 2026 - Q6R),,owner,global,,
a62cb9a5-d618-4a73-92e7-3aa0421e1513,Voucher Relaksasi,"{""tagline"":""Apresiasi untuk tubuhmu yang sudah lelah beraktivitas hari ini. Voucher Relaksasi Rp20.000 dari SerenaRaga."",""terms1"":""Berlaku untuk layanan Home Service Massage di wilayah Yogyakarta (free transport max 10km). Minimal order Rp150.000"",""terms2"":""Wajib melakukan reservasi maksimal H-1 sebelum kedatangan."",""terms3"":""Voucher tidak dapat diuangkan atau digabungkan dengan promo lainnya."",""voucher_type"":""discount""}",manual,flat,20000,,,,1.0,0,True,2026-09-18T10:15:55.765366+00:00,True,SRAGA-F3T7Z9,,True,,Batch: ruanasa wellness (18 Sep 2026 - Q6R),,owner,global,,
cae125f4-32c4-4423-9814-af34001e8afc,Voucher Relaksasi,"{""tagline"":""Apresiasi untuk tubuhmu yang sudah lelah beraktivitas hari ini. Voucher Relaksasi Rp20.000 dari SerenaRaga."",""terms1"":""Berlaku untuk layanan Home Service Massage di wilayah Yogyakarta (free transport max 10km). Minimal order Rp150.000"",""terms2"":""Wajib melakukan reservasi maksimal H-1 sebelum kedatangan."",""terms3"":""Voucher tidak dapat diuangkan atau digabungkan dengan promo lainnya."",""voucher_type"":""discount""}",manual,flat,20000,,,,1.0,0,True,2026-09-18T10:15:55.765366+00:00,True,SRAGA-K8R3K4,,True,,Batch: ruanasa wellness (18 Sep 2026 - Q6R),,owner,global,,
f1db29af-682a-4d38-856e-b49e3d26fbf4,Voucher Relaksasi,"{""tagline"":""Apresiasi untuk tubuhmu yang sudah lelah beraktivitas hari ini. Voucher Relaksasi Rp20.000 dari SerenaRaga."",""terms1"":""Berlaku untuk layanan Home Service Massage di wilayah Yogyakarta (free transport max 10km). Minimal order Rp150.000"",""terms2"":""Wajib melakukan reservasi maksimal H-1 sebelum kedatangan."",""terms3"":""Voucher tidak dapat diuangkan atau digabungkan dengan promo lainnya."",""voucher_type"":""discount""}",manual,flat,20000,,,,1.0,0,True,2026-09-18T10:15:55.765366+00:00,True,SRAGA-S2A6B4,,True,,Batch: ruanasa wellness (18 Sep 2026 - Q6R),,owner,global,,
